SEQ_000801|label=1	SEQ_000801|label=1
SEQ_000802|label=0	SEQ_000802|label=0
SEQ_000803|label=1	SEQ_000803|label=1
SEQ_000804|label=1	SEQ_000804|label=1
SEQ_000805|label=0	SEQ_000805|label=0
SEQ_000806|label=1	SEQ_000806|label=1
SEQ_000807|label=1	SEQ_000807|label=1
SEQ_000808|label=1	SEQ_000808|label=1
SEQ_000809|label=0	SEQ_000809|label=0
SEQ_000810|label=0	SEQ_000810|label=0
SEQ_000811|label=0	SEQ_000811|label=0
SEQ_000812|label=0	SEQ_000812|label=0
SEQ_000813|label=1	SEQ_000813|label=1
SEQ_000814|label=0	SEQ_000814|label=0
SEQ_000815|label=0	SEQ_000815|label=0
SEQ_000816|label=1	SEQ_000816|label=1
SEQ_000817|label=0	SEQ_000817|label=0
SEQ_000818|label=0	SEQ_000818|label=0
SEQ_000819|label=1	SEQ_000819|label=1
SEQ_000820|label=0	SEQ_000820|label=0
SEQ_000821|label=1	SEQ_000821|label=1
SEQ_000822|label=1	SEQ_000822|label=1
SEQ_000823|label=1	SEQ_000823|label=1
SEQ_000824|label=0	SEQ_000824|label=0
SEQ_000825|label=0	SEQ_000825|label=0
SEQ_000826|label=0	SEQ_000826|label=0
SEQ_000827|label=0	SEQ_000827|label=0
SEQ_000828|label=0	SEQ_000828|label=0
SEQ_000829|label=0	SEQ_000829|label=0
SEQ_000830|label=0	SEQ_000830|label=0
SEQ_000831|label=0	SEQ_000831|label=0
SEQ_000832|label=1	SEQ_000832|label=1
SEQ_000833|label=0	SEQ_000833|label=0
SEQ_000834|label=1	SEQ_000834|label=1
SEQ_000835|label=1	SEQ_000835|label=1
SEQ_000836|label=0	SEQ_000836|label=0
SEQ_000837|label=1	SEQ_000837|label=1
SEQ_000838|label=1	SEQ_000838|label=1
SEQ_000839|label=0	SEQ_000839|label=0
SEQ_000840|label=1	SEQ_000840|label=1
SEQ_000841|label=0	SEQ_000841|label=0
SEQ_000842|label=0	SEQ_000842|label=0
SEQ_000843|label=0	SEQ_000843|label=0
SEQ_000844|label=0	SEQ_000844|label=0
SEQ_000845|label=0	SEQ_000845|label=0
SEQ_000846|label=0	SEQ_000846|label=0
SEQ_000847|label=1	SEQ_000847|label=1
SEQ_000848|label=0	SEQ_000848|label=0
SEQ_000849|label=0	SEQ_000849|label=0
SEQ_000850|label=0	SEQ_000850|label=0
SEQ_000851|label=1	SEQ_000851|label=1
SEQ_000852|label=1	SEQ_000852|label=1
SEQ_000853|label=1	SEQ_000853|label=1
SEQ_000854|label=1	SEQ_000854|label=1
SEQ_000855|label=0	SEQ_000855|label=0
SEQ_000856|label=1	SEQ_000856|label=1
SEQ_000857|label=1	SEQ_000857|label=1
SEQ_000858|label=1	SEQ_000858|label=1
SEQ_000859|label=0	SEQ_000859|label=0
SEQ_000860|label=1	SEQ_000860|label=1
SEQ_000861|label=1	SEQ_000861|label=1
SEQ_000862|label=0	SEQ_000862|label=0
SEQ_000863|label=0	SEQ_000863|label=0
SEQ_000864|label=0	SEQ_000864|label=0
SEQ_000865|label=1	SEQ_000865|label=1
SEQ_000866|label=0	SEQ_000866|label=0
SEQ_000867|label=0	SEQ_000867|label=0
SEQ_000868|label=1	SEQ_000868|label=1
SEQ_000869|label=0	SEQ_000869|label=0
SEQ_000870|label=0	SEQ_000870|label=0
SEQ_000871|label=1	SEQ_000871|label=1
SEQ_000872|label=0	SEQ_000872|label=0
SEQ_000873|label=0	SEQ_000873|label=0
SEQ_000874|label=1	SEQ_000874|label=1
SEQ_000875|label=1	SEQ_000875|label=1
SEQ_000876|label=0	SEQ_000876|label=0
SEQ_000877|label=0	SEQ_000877|label=0
SEQ_000878|label=0	SEQ_000878|label=0
SEQ_000879|label=0	SEQ_000879|label=0
SEQ_000880|label=0	SEQ_000880|label=0
SEQ_000881|label=1	SEQ_000881|label=1
SEQ_000882|label=1	SEQ_000882|label=1
SEQ_000883|label=1	SEQ_000883|label=1
SEQ_000884|label=0	SEQ_000884|label=0
SEQ_000885|label=0	SEQ_000885|label=0
SEQ_000886|label=1	SEQ_000886|label=1
SEQ_000887|label=0	SEQ_000887|label=0
SEQ_000888|label=1	SEQ_000888|label=1
SEQ_000889|label=0	SEQ_000889|label=0
SEQ_000890|label=1	SEQ_000890|label=1
SEQ_000891|label=1	SEQ_000891|label=1
SEQ_000892|label=0	SEQ_000892|label=0
SEQ_000893|label=0	SEQ_000893|label=0
SEQ_000894|label=0	SEQ_000894|label=0
SEQ_000895|label=1	SEQ_000895|label=1
SEQ_000896|label=1	SEQ_000896|label=1
SEQ_000897|label=0	SEQ_000897|label=0
SEQ_000898|label=1	SEQ_000898|label=1
SEQ_000899|label=1	SEQ_000899|label=1
SEQ_000900|label=1	SEQ_000900|label=1
SEQ_001701|label=0	SEQ_001701|label=0
SEQ_001702|label=0	SEQ_001702|label=0
SEQ_001703|label=1	SEQ_001703|label=1
SEQ_001704|label=0	SEQ_001704|label=0
SEQ_001705|label=1	SEQ_001705|label=1
SEQ_001706|label=0	SEQ_001706|label=0
SEQ_001707|label=1	SEQ_001707|label=1
SEQ_001708|label=0	SEQ_001708|label=0
SEQ_001709|label=1	SEQ_001709|label=1
SEQ_001710|label=1	SEQ_001710|label=1
SEQ_001711|label=1	SEQ_001711|label=1
SEQ_001712|label=0	SEQ_001712|label=0
SEQ_001713|label=0	SEQ_001713|label=0
SEQ_001714|label=0	SEQ_001714|label=0
SEQ_001715|label=1	SEQ_001715|label=1
SEQ_001716|label=1	SEQ_001716|label=1
SEQ_001717|label=1	SEQ_001717|label=1
SEQ_001718|label=1	SEQ_001718|label=1
SEQ_001719|label=0	SEQ_001719|label=0
SEQ_001720|label=1	SEQ_001720|label=1
SEQ_001721|label=1	SEQ_001721|label=1
SEQ_001722|label=0	SEQ_001722|label=0
SEQ_001723|label=0	SEQ_001723|label=0
SEQ_001724|label=1	SEQ_001724|label=1
SEQ_001725|label=1	SEQ_001725|label=1
SEQ_001726|label=1	SEQ_001726|label=1
SEQ_001727|label=1	SEQ_001727|label=1
SEQ_001728|label=1	SEQ_001728|label=1
SEQ_001729|label=1	SEQ_001729|label=1
SEQ_001730|label=0	SEQ_001730|label=0
SEQ_001731|label=0	SEQ_001731|label=0
SEQ_001732|label=1	SEQ_001732|label=1
SEQ_001733|label=0	SEQ_001733|label=0
SEQ_001734|label=0	SEQ_001734|label=0
SEQ_001735|label=1	SEQ_001735|label=1
SEQ_001736|label=1	SEQ_001736|label=1
SEQ_001737|label=1	SEQ_001737|label=1
SEQ_001738|label=0	SEQ_001738|label=0
SEQ_001739|label=1	SEQ_001739|label=1
SEQ_001740|label=0	SEQ_001740|label=0
SEQ_001741|label=1	SEQ_001741|label=1
SEQ_001742|label=0	SEQ_001742|label=0
SEQ_001743|label=1	SEQ_001743|label=1
SEQ_001744|label=1	SEQ_001744|label=1
SEQ_001745|label=1	SEQ_001745|label=1
SEQ_001746|label=0	SEQ_001746|label=0
SEQ_001747|label=1	SEQ_001747|label=1
SEQ_001748|label=1	SEQ_001748|label=1
SEQ_001749|label=1	SEQ_001749|label=1
SEQ_001750|label=1	SEQ_001750|label=1
SEQ_001751|label=1	SEQ_001751|label=1
SEQ_001752|label=1	SEQ_001752|label=1
SEQ_001753|label=0	SEQ_001753|label=0
SEQ_001754|label=1	SEQ_001754|label=1
SEQ_001755|label=1	SEQ_001755|label=1
SEQ_001756|label=1	SEQ_001756|label=1
SEQ_001757|label=0	SEQ_001757|label=0
SEQ_001758|label=1	SEQ_001758|label=1
SEQ_001759|label=0	SEQ_001759|label=0
SEQ_001760|label=0	SEQ_001760|label=0
SEQ_001761|label=1	SEQ_001761|label=1
SEQ_001762|label=1	SEQ_001762|label=1
SEQ_001763|label=0	SEQ_001763|label=0
SEQ_001764|label=0	SEQ_001764|label=0
SEQ_001765|label=0	SEQ_001765|label=0
SEQ_001766|label=1	SEQ_001766|label=1
SEQ_001767|label=1	SEQ_001767|label=1
SEQ_001768|label=0	SEQ_001768|label=0
SEQ_001769|label=0	SEQ_001769|label=0
SEQ_001770|label=1	SEQ_001770|label=1
SEQ_001771|label=0	SEQ_001771|label=0
SEQ_001772|label=1	SEQ_001772|label=1
SEQ_001773|label=1	SEQ_001773|label=1
SEQ_001774|label=0	SEQ_001774|label=0
SEQ_001775|label=0	SEQ_001775|label=0
SEQ_001776|label=1	SEQ_001776|label=1
SEQ_001777|label=0	SEQ_001777|label=0
SEQ_001778|label=0	SEQ_001778|label=0
SEQ_001779|label=1	SEQ_001779|label=1
SEQ_001780|label=0	SEQ_001780|label=0
SEQ_001781|label=0	SEQ_001781|label=0
SEQ_001782|label=0	SEQ_001782|label=0
SEQ_001783|label=0	SEQ_001783|label=0
SEQ_001784|label=1	SEQ_001784|label=1
SEQ_001785|label=1	SEQ_001785|label=1
SEQ_001786|label=0	SEQ_001786|label=0
SEQ_001787|label=1	SEQ_001787|label=1
SEQ_001788|label=0	SEQ_001788|label=0
SEQ_001789|label=1	SEQ_001789|label=1
SEQ_001790|label=1	SEQ_001790|label=1
SEQ_001791|label=1	SEQ_001791|label=1
SEQ_001792|label=1	SEQ_001792|label=1
SEQ_001793|label=1	SEQ_001793|label=1
SEQ_001794|label=1	SEQ_001794|label=1
SEQ_001795|label=0	SEQ_001795|label=0
SEQ_001796|label=0	SEQ_001796|label=0
SEQ_001797|label=1	SEQ_001797|label=1
SEQ_001798|label=0	SEQ_001798|label=0
SEQ_001799|label=1	SEQ_001799|label=1
SEQ_001800|label=0	SEQ_001800|label=0
SEQ_002401|label=1	SEQ_002401|label=1
SEQ_002402|label=1	SEQ_002402|label=1
SEQ_002403|label=0	SEQ_002403|label=0
SEQ_002404|label=0	SEQ_002404|label=0
SEQ_002405|label=0	SEQ_002405|label=0
SEQ_002406|label=1	SEQ_002406|label=1
SEQ_002407|label=1	SEQ_002407|label=1
SEQ_002408|label=0	SEQ_002408|label=0
SEQ_002409|label=0	SEQ_002409|label=0
SEQ_002410|label=0	SEQ_002410|label=0
SEQ_002411|label=1	SEQ_002411|label=1
SEQ_002412|label=1	SEQ_002412|label=1
SEQ_002413|label=1	SEQ_002413|label=1
SEQ_002414|label=0	SEQ_002414|label=0
SEQ_002415|label=0	SEQ_002415|label=0
SEQ_002416|label=0	SEQ_002416|label=0
SEQ_002417|label=1	SEQ_002417|label=1
SEQ_002418|label=0	SEQ_002418|label=0
SEQ_002419|label=0	SEQ_002419|label=0
SEQ_002420|label=0	SEQ_002420|label=0
SEQ_002421|label=1	SEQ_002421|label=1
SEQ_002422|label=1	SEQ_002422|label=1
SEQ_002423|label=1	SEQ_002423|label=1
SEQ_002424|label=0	SEQ_002424|label=0
SEQ_002425|label=1	SEQ_002425|label=1
SEQ_002426|label=1	SEQ_002426|label=1
SEQ_002427|label=0	SEQ_002427|label=0
SEQ_002428|label=1	SEQ_002428|label=1
SEQ_002429|label=0	SEQ_002429|label=0
SEQ_002430|label=0	SEQ_002430|label=0
SEQ_002431|label=0	SEQ_002431|label=0
SEQ_002432|label=0	SEQ_002432|label=0
SEQ_002433|label=1	SEQ_002433|label=1
SEQ_002434|label=1	SEQ_002434|label=1
SEQ_002435|label=0	SEQ_002435|label=0
SEQ_002436|label=0	SEQ_002436|label=0
SEQ_002437|label=1	SEQ_002437|label=1
SEQ_002438|label=1	SEQ_002438|label=1
SEQ_002439|label=1	SEQ_002439|label=1
SEQ_002440|label=0	SEQ_002440|label=0
SEQ_002441|label=0	SEQ_002441|label=0
SEQ_002442|label=0	SEQ_002442|label=0
SEQ_002443|label=1	SEQ_002443|label=1
SEQ_002444|label=1	SEQ_002444|label=1
SEQ_002445|label=0	SEQ_002445|label=0
SEQ_002446|label=1	SEQ_002446|label=1
SEQ_002447|label=0	SEQ_002447|label=0
SEQ_002448|label=1	SEQ_002448|label=1
SEQ_002449|label=0	SEQ_002449|label=0
SEQ_002450|label=0	SEQ_002450|label=0
SEQ_002451|label=0	SEQ_002451|label=0
SEQ_002452|label=1	SEQ_002452|label=1
SEQ_002453|label=1	SEQ_002453|label=1
SEQ_002454|label=0	SEQ_002454|label=0
SEQ_002455|label=1	SEQ_002455|label=1
SEQ_002456|label=1	SEQ_002456|label=1
SEQ_002457|label=1	SEQ_002457|label=1
SEQ_002458|label=0	SEQ_002458|label=0
SEQ_002459|label=1	SEQ_002459|label=1
SEQ_002460|label=0	SEQ_002460|label=0
SEQ_002461|label=1	SEQ_002461|label=1
SEQ_002462|label=0	SEQ_002462|label=0
SEQ_002463|label=0	SEQ_002463|label=0
SEQ_002464|label=0	SEQ_002464|label=0
SEQ_002465|label=1	SEQ_002465|label=1
SEQ_002466|label=1	SEQ_002466|label=1
SEQ_002467|label=1	SEQ_002467|label=1
SEQ_002468|label=1	SEQ_002468|label=1
SEQ_002469|label=1	SEQ_002469|label=1
SEQ_002470|label=0	SEQ_002470|label=0
SEQ_002471|label=1	SEQ_002471|label=1
SEQ_002472|label=0	SEQ_002472|label=0
SEQ_002473|label=0	SEQ_002473|label=0
SEQ_002474|label=1	SEQ_002474|label=1
SEQ_002475|label=0	SEQ_002475|label=0
SEQ_002476|label=0	SEQ_002476|label=0
SEQ_002477|label=0	SEQ_002477|label=0
SEQ_002478|label=1	SEQ_002478|label=1
SEQ_002479|label=1	SEQ_002479|label=1
SEQ_002480|label=1	SEQ_002480|label=1
SEQ_002481|label=0	SEQ_002481|label=0
SEQ_002482|label=0	SEQ_002482|label=0
SEQ_002483|label=0	SEQ_002483|label=0
SEQ_002484|label=0	SEQ_002484|label=0
SEQ_002485|label=1	SEQ_002485|label=1
SEQ_002486|label=0	SEQ_002486|label=0
SEQ_002487|label=0	SEQ_002487|label=0
SEQ_002488|label=0	SEQ_002488|label=0
SEQ_002489|label=0	SEQ_002489|label=0
SEQ_002490|label=1	SEQ_002490|label=1
SEQ_002491|label=0	SEQ_002491|label=0
SEQ_002492|label=0	SEQ_002492|label=0
SEQ_002493|label=0	SEQ_002493|label=0
SEQ_002494|label=0	SEQ_002494|label=0
SEQ_002495|label=1	SEQ_002495|label=1
SEQ_002496|label=0	SEQ_002496|label=0
SEQ_002497|label=1	SEQ_002497|label=1
SEQ_002498|label=0	SEQ_002498|label=0
SEQ_002499|label=0	SEQ_002499|label=0
SEQ_002500|label=1	SEQ_002500|label=1
SEQ_003201|label=0	SEQ_003201|label=0
SEQ_003202|label=1	SEQ_003202|label=1
SEQ_003203|label=0	SEQ_003203|label=0
SEQ_003204|label=0	SEQ_003204|label=0
SEQ_003205|label=0	SEQ_003205|label=0
SEQ_003206|label=1	SEQ_003206|label=1
SEQ_003207|label=1	SEQ_003207|label=1
SEQ_003208|label=0	SEQ_003208|label=0
SEQ_003209|label=1	SEQ_003209|label=1
SEQ_003210|label=1	SEQ_003210|label=1
SEQ_003211|label=1	SEQ_003211|label=1
SEQ_003212|label=1	SEQ_003212|label=1
SEQ_003213|label=1	SEQ_003213|label=1
SEQ_003214|label=0	SEQ_003214|label=0
SEQ_003215|label=0	SEQ_003215|label=0
SEQ_003216|label=1	SEQ_003216|label=1
SEQ_003217|label=0	SEQ_003217|label=0
SEQ_003218|label=0	SEQ_003218|label=0
SEQ_003219|label=0	SEQ_003219|label=0
SEQ_003220|label=1	SEQ_003220|label=1
SEQ_003221|label=0	SEQ_003221|label=0
SEQ_003222|label=0	SEQ_003222|label=0
SEQ_003223|label=0	SEQ_003223|label=0
SEQ_003224|label=1	SEQ_003224|label=1
SEQ_003225|label=0	SEQ_003225|label=0
SEQ_003226|label=0	SEQ_003226|label=0
SEQ_003227|label=1	SEQ_003227|label=1
SEQ_003228|label=0	SEQ_003228|label=0
SEQ_003229|label=1	SEQ_003229|label=1
SEQ_003230|label=0	SEQ_003230|label=0
SEQ_003231|label=0	SEQ_003231|label=0
SEQ_003232|label=0	SEQ_003232|label=0
SEQ_003233|label=1	SEQ_003233|label=1
SEQ_003234|label=1	SEQ_003234|label=1
SEQ_003235|label=0	SEQ_003235|label=0
SEQ_003236|label=0	SEQ_003236|label=0
SEQ_003237|label=0	SEQ_003237|label=0
SEQ_003238|label=1	SEQ_003238|label=1
SEQ_003239|label=0	SEQ_003239|label=0
SEQ_003240|label=1	SEQ_003240|label=1
SEQ_003241|label=0	SEQ_003241|label=0
SEQ_003242|label=1	SEQ_003242|label=1
SEQ_003243|label=0	SEQ_003243|label=0
SEQ_003244|label=0	SEQ_003244|label=0
SEQ_003245|label=0	SEQ_003245|label=0
SEQ_003246|label=0	SEQ_003246|label=0
SEQ_003247|label=1	SEQ_003247|label=1
SEQ_003248|label=1	SEQ_003248|label=1
SEQ_003249|label=0	SEQ_003249|label=0
SEQ_003250|label=1	SEQ_003250|label=1
SEQ_003251|label=0	SEQ_003251|label=0
SEQ_003252|label=1	SEQ_003252|label=1
SEQ_003253|label=1	SEQ_003253|label=1
SEQ_003254|label=0	SEQ_003254|label=0
SEQ_003255|label=0	SEQ_003255|label=0
SEQ_003256|label=0	SEQ_003256|label=0
SEQ_003257|label=0	SEQ_003257|label=0
SEQ_003258|label=0	SEQ_003258|label=0
SEQ_003259|label=0	SEQ_003259|label=0
SEQ_003260|label=1	SEQ_003260|label=1
SEQ_003261|label=1	SEQ_003261|label=1
SEQ_003262|label=0	SEQ_003262|label=0
SEQ_003263|label=0	SEQ_003263|label=0
SEQ_003264|label=1	SEQ_003264|label=1
SEQ_003265|label=0	SEQ_003265|label=0
SEQ_003266|label=0	SEQ_003266|label=0
SEQ_003267|label=0	SEQ_003267|label=0
SEQ_003268|label=0	SEQ_003268|label=0
SEQ_003269|label=1	SEQ_003269|label=1
SEQ_003270|label=0	SEQ_003270|label=0
SEQ_003271|label=0	SEQ_003271|label=0
SEQ_003272|label=1	SEQ_003272|label=1
SEQ_003273|label=0	SEQ_003273|label=0
SEQ_003274|label=0	SEQ_003274|label=0
SEQ_003275|label=1	SEQ_003275|label=1
SEQ_003276|label=0	SEQ_003276|label=0
SEQ_003277|label=1	SEQ_003277|label=1
SEQ_003278|label=0	SEQ_003278|label=0
SEQ_003279|label=0	SEQ_003279|label=0
SEQ_003280|label=1	SEQ_003280|label=1
SEQ_003281|label=1	SEQ_003281|label=1
SEQ_003282|label=0	SEQ_003282|label=0
SEQ_003283|label=1	SEQ_003283|label=1
SEQ_003284|label=0	SEQ_003284|label=0
SEQ_003285|label=0	SEQ_003285|label=0
SEQ_003286|label=0	SEQ_003286|label=0
SEQ_003287|label=0	SEQ_003287|label=0
SEQ_003288|label=0	SEQ_003288|label=0
SEQ_003289|label=1	SEQ_003289|label=1
SEQ_003290|label=0	SEQ_003290|label=0
SEQ_003291|label=0	SEQ_003291|label=0
SEQ_003292|label=1	SEQ_003292|label=1
SEQ_003293|label=1	SEQ_003293|label=1
SEQ_003294|label=1	SEQ_003294|label=1
SEQ_003295|label=0	SEQ_003295|label=0
SEQ_003296|label=1	SEQ_003296|label=1
SEQ_003297|label=0	SEQ_003297|label=0
SEQ_003298|label=0	SEQ_003298|label=0
SEQ_003299|label=1	SEQ_003299|label=1
SEQ_003300|label=0	SEQ_003300|label=0
SEQ_004101|label=1	SEQ_004101|label=1
SEQ_004102|label=1	SEQ_004102|label=1
SEQ_004103|label=0	SEQ_004103|label=0
SEQ_004104|label=0	SEQ_004104|label=0
SEQ_004105|label=1	SEQ_004105|label=1
SEQ_004106|label=0	SEQ_004106|label=0
SEQ_004107|label=1	SEQ_004107|label=1
SEQ_004108|label=1	SEQ_004108|label=1
SEQ_004109|label=1	SEQ_004109|label=1
SEQ_004110|label=0	SEQ_004110|label=0
SEQ_004111|label=1	SEQ_004111|label=1
SEQ_004112|label=0	SEQ_004112|label=0
SEQ_004113|label=1	SEQ_004113|label=1
SEQ_004114|label=1	SEQ_004114|label=1
SEQ_004115|label=0	SEQ_004115|label=0
SEQ_004116|label=0	SEQ_004116|label=0
SEQ_004117|label=0	SEQ_004117|label=0
SEQ_004118|label=0	SEQ_004118|label=0
SEQ_004119|label=1	SEQ_004119|label=1
SEQ_004120|label=0	SEQ_004120|label=0
SEQ_004121|label=1	SEQ_004121|label=1
SEQ_004122|label=1	SEQ_004122|label=1
SEQ_004123|label=1	SEQ_004123|label=1
SEQ_004124|label=0	SEQ_004124|label=0
SEQ_004125|label=1	SEQ_004125|label=1
SEQ_004126|label=1	SEQ_004126|label=1
SEQ_004127|label=0	SEQ_004127|label=0
SEQ_004128|label=0	SEQ_004128|label=0
SEQ_004129|label=0	SEQ_004129|label=0
SEQ_004130|label=1	SEQ_004130|label=1
SEQ_004131|label=0	SEQ_004131|label=0
SEQ_004132|label=0	SEQ_004132|label=0
SEQ_004133|label=1	SEQ_004133|label=1
SEQ_004134|label=0	SEQ_004134|label=0
SEQ_004135|label=0	SEQ_004135|label=0
SEQ_004136|label=0	SEQ_004136|label=0
SEQ_004137|label=1	SEQ_004137|label=1
SEQ_004138|label=1	SEQ_004138|label=1
SEQ_004139|label=1	SEQ_004139|label=1
SEQ_004140|label=0	SEQ_004140|label=0
SEQ_004141|label=1	SEQ_004141|label=1
SEQ_004142|label=0	SEQ_004142|label=0
SEQ_004143|label=1	SEQ_004143|label=1
SEQ_004144|label=0	SEQ_004144|label=0
SEQ_004145|label=0	SEQ_004145|label=0
SEQ_004146|label=1	SEQ_004146|label=1
SEQ_004147|label=0	SEQ_004147|label=0
SEQ_004148|label=1	SEQ_004148|label=1
SEQ_004149|label=0	SEQ_004149|label=0
SEQ_004150|label=1	SEQ_004150|label=1
SEQ_004151|label=1	SEQ_004151|label=1
SEQ_004152|label=1	SEQ_004152|label=1
SEQ_004153|label=1	SEQ_004153|label=1
SEQ_004154|label=0	SEQ_004154|label=0
SEQ_004155|label=0	SEQ_004155|label=0
SEQ_004156|label=1	SEQ_004156|label=1
SEQ_004157|label=1	SEQ_004157|label=1
SEQ_004158|label=1	SEQ_004158|label=1
SEQ_004159|label=1	SEQ_004159|label=1
SEQ_004160|label=0	SEQ_004160|label=0
SEQ_004161|label=0	SEQ_004161|label=0
SEQ_004162|label=0	SEQ_004162|label=0
SEQ_004163|label=1	SEQ_004163|label=1
SEQ_004164|label=1	SEQ_004164|label=1
SEQ_004165|label=0	SEQ_004165|label=0
SEQ_004166|label=1	SEQ_004166|label=1
SEQ_004167|label=1	SEQ_004167|label=1
SEQ_004168|label=1	SEQ_004168|label=1
SEQ_004169|label=1	SEQ_004169|label=1
SEQ_004170|label=0	SEQ_004170|label=0
SEQ_004171|label=1	SEQ_004171|label=1
SEQ_004172|label=1	SEQ_004172|label=1
SEQ_004173|label=0	SEQ_004173|label=0
SEQ_004174|label=1	SEQ_004174|label=1
SEQ_004175|label=1	SEQ_004175|label=1
SEQ_004176|label=1	SEQ_004176|label=1
SEQ_004177|label=1	SEQ_004177|label=1
SEQ_004178|label=1	SEQ_004178|label=1
SEQ_004179|label=1	SEQ_004179|label=1
SEQ_004180|label=0	SEQ_004180|label=0
SEQ_004181|label=1	SEQ_004181|label=1
SEQ_004182|label=0	SEQ_004182|label=0
SEQ_004183|label=1	SEQ_004183|label=1
SEQ_004184|label=0	SEQ_004184|label=0
SEQ_004185|label=1	SEQ_004185|label=1
SEQ_004186|label=1	SEQ_004186|label=1
SEQ_004187|label=0	SEQ_004187|label=0
SEQ_004188|label=1	SEQ_004188|label=1
SEQ_004189|label=0	SEQ_004189|label=0
SEQ_004190|label=0	SEQ_004190|label=0
SEQ_004191|label=0	SEQ_004191|label=0
SEQ_004192|label=1	SEQ_004192|label=1
SEQ_004193|label=1	SEQ_004193|label=1
SEQ_004194|label=0	SEQ_004194|label=0
SEQ_004195|label=0	SEQ_004195|label=0
SEQ_004196|label=0	SEQ_004196|label=0
SEQ_004197|label=0	SEQ_004197|label=0
SEQ_004198|label=0	SEQ_004198|label=0
SEQ_004199|label=1	SEQ_004199|label=1
SEQ_004200|label=1	SEQ_004200|label=1
SEQ_004601|label=0	SEQ_004601|label=0
SEQ_004602|label=1	SEQ_004602|label=1
SEQ_004603|label=1	SEQ_004603|label=1
SEQ_004604|label=0	SEQ_004604|label=0
SEQ_004605|label=0	SEQ_004605|label=0
SEQ_004606|label=1	SEQ_004606|label=1
SEQ_004607|label=0	SEQ_004607|label=0
SEQ_004608|label=0	SEQ_004608|label=0
SEQ_004609|label=1	SEQ_004609|label=1
SEQ_004610|label=0	SEQ_004610|label=0
SEQ_004611|label=0	SEQ_004611|label=0
SEQ_004612|label=1	SEQ_004612|label=1
SEQ_004613|label=0	SEQ_004613|label=0
SEQ_004614|label=0	SEQ_004614|label=0
SEQ_004615|label=1	SEQ_004615|label=1
SEQ_004616|label=0	SEQ_004616|label=0
SEQ_004617|label=1	SEQ_004617|label=1
SEQ_004618|label=0	SEQ_004618|label=0
SEQ_004619|label=1	SEQ_004619|label=1
SEQ_004620|label=1	SEQ_004620|label=1
SEQ_004621|label=1	SEQ_004621|label=1
SEQ_004622|label=0	SEQ_004622|label=0
SEQ_004623|label=1	SEQ_004623|label=1
SEQ_004624|label=1	SEQ_004624|label=1
SEQ_004625|label=1	SEQ_004625|label=1
SEQ_004626|label=0	SEQ_004626|label=0
SEQ_004627|label=1	SEQ_004627|label=1
SEQ_004628|label=0	SEQ_004628|label=0
SEQ_004629|label=0	SEQ_004629|label=0
SEQ_004630|label=0	SEQ_004630|label=0
SEQ_004631|label=1	SEQ_004631|label=1
SEQ_004632|label=0	SEQ_004632|label=0
SEQ_004633|label=0	SEQ_004633|label=0
SEQ_004634|label=0	SEQ_004634|label=0
SEQ_004635|label=0	SEQ_004635|label=0
SEQ_004636|label=0	SEQ_004636|label=0
SEQ_004637|label=0	SEQ_004637|label=0
SEQ_004638|label=1	SEQ_004638|label=1
SEQ_004639|label=0	SEQ_004639|label=0
SEQ_004640|label=0	SEQ_004640|label=0
SEQ_004641|label=0	SEQ_004641|label=0
SEQ_004642|label=1	SEQ_004642|label=1
SEQ_004643|label=1	SEQ_004643|label=1
SEQ_004644|label=0	SEQ_004644|label=0
SEQ_004645|label=0	SEQ_004645|label=0
SEQ_004646|label=0	SEQ_004646|label=0
SEQ_004647|label=0	SEQ_004647|label=0
SEQ_004648|label=0	SEQ_004648|label=0
SEQ_004649|label=0	SEQ_004649|label=0
SEQ_004650|label=0	SEQ_004650|label=0
SEQ_004651|label=1	SEQ_004651|label=1
SEQ_004652|label=0	SEQ_004652|label=0
SEQ_004653|label=0	SEQ_004653|label=0
SEQ_004654|label=0	SEQ_004654|label=0
SEQ_004655|label=1	SEQ_004655|label=1
SEQ_004656|label=1	SEQ_004656|label=1
SEQ_004657|label=0	SEQ_004657|label=0
SEQ_004658|label=1	SEQ_004658|label=1
SEQ_004659|label=0	SEQ_004659|label=0
SEQ_004660|label=0	SEQ_004660|label=0
SEQ_004661|label=0	SEQ_004661|label=0
SEQ_004662|label=0	SEQ_004662|label=0
SEQ_004663|label=1	SEQ_004663|label=1
SEQ_004664|label=1	SEQ_004664|label=1
SEQ_004665|label=1	SEQ_004665|label=1
SEQ_004666|label=1	SEQ_004666|label=1
SEQ_004667|label=0	SEQ_004667|label=0
SEQ_004668|label=0	SEQ_004668|label=0
SEQ_004669|label=1	SEQ_004669|label=1
SEQ_004670|label=0	SEQ_004670|label=0
SEQ_004671|label=1	SEQ_004671|label=1
SEQ_004672|label=1	SEQ_004672|label=1
SEQ_004673|label=1	SEQ_004673|label=1
SEQ_004674|label=0	SEQ_004674|label=0
SEQ_004675|label=0	SEQ_004675|label=0
SEQ_004676|label=1	SEQ_004676|label=1
SEQ_004677|label=1	SEQ_004677|label=1
SEQ_004678|label=0	SEQ_004678|label=0
SEQ_004679|label=1	SEQ_004679|label=1
SEQ_004680|label=1	SEQ_004680|label=1
SEQ_004681|label=0	SEQ_004681|label=0
SEQ_004682|label=1	SEQ_004682|label=1
SEQ_004683|label=1	SEQ_004683|label=1
SEQ_004684|label=0	SEQ_004684|label=0
SEQ_004685|label=1	SEQ_004685|label=1
SEQ_004686|label=0	SEQ_004686|label=0
SEQ_004687|label=0	SEQ_004687|label=0
SEQ_004688|label=0	SEQ_004688|label=0
SEQ_004689|label=0	SEQ_004689|label=0
SEQ_004690|label=1	SEQ_004690|label=1
SEQ_004691|label=1	SEQ_004691|label=1
SEQ_004692|label=1	SEQ_004692|label=1
SEQ_004693|label=0	SEQ_004693|label=0
SEQ_004694|label=1	SEQ_004694|label=1
SEQ_004695|label=0	SEQ_004695|label=0
SEQ_004696|label=0	SEQ_004696|label=0
SEQ_004697|label=1	SEQ_004697|label=1
SEQ_004698|label=1	SEQ_004698|label=1
SEQ_004699|label=1	SEQ_004699|label=1
SEQ_004700|label=0	SEQ_004700|label=0
SEQ_005101|label=1	SEQ_005101|label=1
SEQ_005102|label=0	SEQ_005102|label=0
SEQ_005103|label=1	SEQ_005103|label=1
SEQ_005104|label=0	SEQ_005104|label=0
SEQ_005105|label=0	SEQ_005105|label=0
SEQ_005106|label=0	SEQ_005106|label=0
SEQ_005107|label=0	SEQ_005107|label=0
SEQ_005108|label=1	SEQ_005108|label=1
SEQ_005109|label=0	SEQ_005109|label=0
SEQ_005110|label=1	SEQ_005110|label=1
SEQ_005111|label=1	SEQ_005111|label=1
SEQ_005112|label=0	SEQ_005112|label=0
SEQ_005113|label=1	SEQ_005113|label=1
SEQ_005114|label=1	SEQ_005114|label=1
SEQ_005115|label=0	SEQ_005115|label=0
SEQ_005116|label=0	SEQ_005116|label=0
SEQ_005117|label=1	SEQ_005117|label=1
SEQ_005118|label=1	SEQ_005118|label=1
SEQ_005119|label=0	SEQ_005119|label=0
SEQ_005120|label=0	SEQ_005120|label=0
SEQ_005121|label=1	SEQ_005121|label=1
SEQ_005122|label=1	SEQ_005122|label=1
SEQ_005123|label=0	SEQ_005123|label=0
SEQ_005124|label=0	SEQ_005124|label=0
SEQ_005125|label=1	SEQ_005125|label=1
SEQ_005126|label=1	SEQ_005126|label=1
SEQ_005127|label=1	SEQ_005127|label=1
SEQ_005128|label=1	SEQ_005128|label=1
SEQ_005129|label=0	SEQ_005129|label=0
SEQ_005130|label=1	SEQ_005130|label=1
SEQ_005131|label=0	SEQ_005131|label=0
SEQ_005132|label=1	SEQ_005132|label=1
SEQ_005133|label=1	SEQ_005133|label=1
SEQ_005134|label=0	SEQ_005134|label=0
SEQ_005135|label=1	SEQ_005135|label=1
SEQ_005136|label=0	SEQ_005136|label=0
SEQ_005137|label=1	SEQ_005137|label=1
SEQ_005138|label=0	SEQ_005138|label=0
SEQ_005139|label=0	SEQ_005139|label=0
SEQ_005140|label=1	SEQ_005140|label=1
SEQ_005141|label=1	SEQ_005141|label=1
SEQ_005142|label=1	SEQ_005142|label=1
SEQ_005143|label=1	SEQ_005143|label=1
SEQ_005144|label=0	SEQ_005144|label=0
SEQ_005145|label=1	SEQ_005145|label=1
SEQ_005146|label=1	SEQ_005146|label=1
SEQ_005147|label=1	SEQ_005147|label=1
SEQ_005148|label=1	SEQ_005148|label=1
SEQ_005149|label=0	SEQ_005149|label=0
SEQ_005150|label=0	SEQ_005150|label=0
SEQ_005151|label=1	SEQ_005151|label=1
SEQ_005152|label=1	SEQ_005152|label=1
SEQ_005153|label=1	SEQ_005153|label=1
SEQ_005154|label=1	SEQ_005154|label=1
SEQ_005155|label=0	SEQ_005155|label=0
SEQ_005156|label=1	SEQ_005156|label=1
SEQ_005157|label=1	SEQ_005157|label=1
SEQ_005158|label=0	SEQ_005158|label=0
SEQ_005159|label=1	SEQ_005159|label=1
SEQ_005160|label=0	SEQ_005160|label=0
SEQ_005161|label=1	SEQ_005161|label=1
SEQ_005162|label=0	SEQ_005162|label=0
SEQ_005163|label=0	SEQ_005163|label=0
SEQ_005164|label=1	SEQ_005164|label=1
SEQ_005165|label=1	SEQ_005165|label=1
SEQ_005166|label=1	SEQ_005166|label=1
SEQ_005167|label=0	SEQ_005167|label=0
SEQ_005168|label=1	SEQ_005168|label=1
SEQ_005169|label=0	SEQ_005169|label=0
SEQ_005170|label=0	SEQ_005170|label=0
SEQ_005171|label=1	SEQ_005171|label=1
SEQ_005172|label=0	SEQ_005172|label=0
SEQ_005173|label=0	SEQ_005173|label=0
SEQ_005174|label=0	SEQ_005174|label=0
SEQ_005175|label=1	SEQ_005175|label=1
SEQ_005176|label=1	SEQ_005176|label=1
SEQ_005177|label=1	SEQ_005177|label=1
SEQ_005178|label=0	SEQ_005178|label=0
SEQ_005179|label=0	SEQ_005179|label=0
SEQ_005180|label=1	SEQ_005180|label=1
SEQ_005181|label=0	SEQ_005181|label=0
SEQ_005182|label=0	SEQ_005182|label=0
SEQ_005183|label=1	SEQ_005183|label=1
SEQ_005184|label=1	SEQ_005184|label=1
SEQ_005185|label=1	SEQ_005185|label=1
SEQ_005186|label=1	SEQ_005186|label=1
SEQ_005187|label=1	SEQ_005187|label=1
SEQ_005188|label=1	SEQ_005188|label=1
SEQ_005189|label=1	SEQ_005189|label=1
SEQ_005190|label=1	SEQ_005190|label=1
SEQ_005191|label=0	SEQ_005191|label=0
SEQ_005192|label=1	SEQ_005192|label=1
SEQ_005193|label=0	SEQ_005193|label=0
SEQ_005194|label=1	SEQ_005194|label=1
SEQ_005195|label=0	SEQ_005195|label=0
SEQ_005196|label=1	SEQ_005196|label=1
SEQ_005197|label=1	SEQ_005197|label=1
SEQ_005198|label=0	SEQ_005198|label=0
SEQ_005199|label=1	SEQ_005199|label=1
SEQ_005200|label=1	SEQ_005200|label=1
SEQ_006201|label=1	SEQ_006201|label=1
SEQ_006202|label=1	SEQ_006202|label=1
SEQ_006203|label=1	SEQ_006203|label=1
SEQ_006204|label=0	SEQ_006204|label=0
SEQ_006205|label=0	SEQ_006205|label=0
SEQ_006206|label=1	SEQ_006206|label=1
SEQ_006207|label=0	SEQ_006207|label=0
SEQ_006208|label=1	SEQ_006208|label=1
SEQ_006209|label=0	SEQ_006209|label=0
SEQ_006210|label=1	SEQ_006210|label=1
SEQ_006211|label=0	SEQ_006211|label=0
SEQ_006212|label=0	SEQ_006212|label=0
SEQ_006213|label=0	SEQ_006213|label=0
SEQ_006214|label=0	SEQ_006214|label=0
SEQ_006215|label=1	SEQ_006215|label=1
SEQ_006216|label=1	SEQ_006216|label=1
SEQ_006217|label=0	SEQ_006217|label=0
SEQ_006218|label=1	SEQ_006218|label=1
SEQ_006219|label=1	SEQ_006219|label=1
SEQ_006220|label=1	SEQ_006220|label=1
SEQ_006221|label=0	SEQ_006221|label=0
SEQ_006222|label=1	SEQ_006222|label=1
SEQ_006223|label=0	SEQ_006223|label=0
SEQ_006224|label=1	SEQ_006224|label=1
SEQ_006225|label=0	SEQ_006225|label=0
SEQ_006226|label=0	SEQ_006226|label=0
SEQ_006227|label=1	SEQ_006227|label=1
SEQ_006228|label=0	SEQ_006228|label=0
SEQ_006229|label=1	SEQ_006229|label=1
SEQ_006230|label=1	SEQ_006230|label=1
SEQ_006231|label=0	SEQ_006231|label=0
SEQ_006232|label=1	SEQ_006232|label=1
SEQ_006233|label=0	SEQ_006233|label=0
SEQ_006234|label=0	SEQ_006234|label=0
SEQ_006235|label=0	SEQ_006235|label=0
SEQ_006236|label=0	SEQ_006236|label=0
SEQ_006237|label=1	SEQ_006237|label=1
SEQ_006238|label=0	SEQ_006238|label=0
SEQ_006239|label=0	SEQ_006239|label=0
SEQ_006240|label=1	SEQ_006240|label=1
SEQ_006241|label=0	SEQ_006241|label=0
SEQ_006242|label=1	SEQ_006242|label=1
SEQ_006243|label=0	SEQ_006243|label=0
SEQ_006244|label=1	SEQ_006244|label=1
SEQ_006245|label=1	SEQ_006245|label=1
SEQ_006246|label=1	SEQ_006246|label=1
SEQ_006247|label=0	SEQ_006247|label=0
SEQ_006248|label=0	SEQ_006248|label=0
SEQ_006249|label=0	SEQ_006249|label=0
SEQ_006250|label=0	SEQ_006250|label=0
SEQ_006251|label=0	SEQ_006251|label=0
SEQ_006252|label=0	SEQ_006252|label=0
SEQ_006253|label=0	SEQ_006253|label=0
SEQ_006254|label=1	SEQ_006254|label=1
SEQ_006255|label=0	SEQ_006255|label=0
SEQ_006256|label=0	SEQ_006256|label=0
SEQ_006257|label=0	SEQ_006257|label=0
SEQ_006258|label=1	SEQ_006258|label=1
SEQ_006259|label=0	SEQ_006259|label=0
SEQ_006260|label=0	SEQ_006260|label=0
SEQ_006261|label=0	SEQ_006261|label=0
SEQ_006262|label=1	SEQ_006262|label=1
SEQ_006263|label=1	SEQ_006263|label=1
SEQ_006264|label=1	SEQ_006264|label=1
SEQ_006265|label=1	SEQ_006265|label=1
SEQ_006266|label=1	SEQ_006266|label=1
SEQ_006267|label=1	SEQ_006267|label=1
SEQ_006268|label=1	SEQ_006268|label=1
SEQ_006269|label=1	SEQ_006269|label=1
SEQ_006270|label=1	SEQ_006270|label=1
SEQ_006271|label=1	SEQ_006271|label=1
SEQ_006272|label=1	SEQ_006272|label=1
SEQ_006273|label=0	SEQ_006273|label=0
SEQ_006274|label=1	SEQ_006274|label=1
SEQ_006275|label=1	SEQ_006275|label=1
SEQ_006276|label=0	SEQ_006276|label=0
SEQ_006277|label=1	SEQ_006277|label=1
SEQ_006278|label=0	SEQ_006278|label=0
SEQ_006279|label=0	SEQ_006279|label=0
SEQ_006280|label=0	SEQ_006280|label=0
SEQ_006281|label=0	SEQ_006281|label=0
SEQ_006282|label=1	SEQ_006282|label=1
SEQ_006283|label=0	SEQ_006283|label=0
SEQ_006284|label=0	SEQ_006284|label=0
SEQ_006285|label=0	SEQ_006285|label=0
SEQ_006286|label=0	SEQ_006286|label=0
SEQ_006287|label=1	SEQ_006287|label=1
SEQ_006288|label=0	SEQ_006288|label=0
SEQ_006289|label=0	SEQ_006289|label=0
SEQ_006290|label=0	SEQ_006290|label=0
SEQ_006291|label=0	SEQ_006291|label=0
SEQ_006292|label=0	SEQ_006292|label=0
SEQ_006293|label=1	SEQ_006293|label=1
SEQ_006294|label=0	SEQ_006294|label=0
SEQ_006295|label=0	SEQ_006295|label=0
SEQ_006296|label=0	SEQ_006296|label=0
SEQ_006297|label=1	SEQ_006297|label=1
SEQ_006298|label=0	SEQ_006298|label=0
SEQ_006299|label=0	SEQ_006299|label=0
SEQ_006300|label=0	SEQ_006300|label=0
SEQ_006901|label=0	SEQ_006901|label=0
SEQ_006902|label=1	SEQ_006902|label=1
SEQ_006903|label=0	SEQ_006903|label=0
SEQ_006904|label=1	SEQ_006904|label=1
SEQ_006905|label=0	SEQ_006905|label=0
SEQ_006906|label=1	SEQ_006906|label=1
SEQ_006907|label=1	SEQ_006907|label=1
SEQ_006908|label=0	SEQ_006908|label=0
SEQ_006909|label=1	SEQ_006909|label=1
SEQ_006910|label=0	SEQ_006910|label=0
SEQ_006911|label=0	SEQ_006911|label=0
SEQ_006912|label=0	SEQ_006912|label=0
SEQ_006913|label=1	SEQ_006913|label=1
SEQ_006914|label=1	SEQ_006914|label=1
SEQ_006915|label=0	SEQ_006915|label=0
SEQ_006916|label=1	SEQ_006916|label=1
SEQ_006917|label=0	SEQ_006917|label=0
SEQ_006918|label=1	SEQ_006918|label=1
SEQ_006919|label=1	SEQ_006919|label=1
SEQ_006920|label=0	SEQ_006920|label=0
SEQ_006921|label=1	SEQ_006921|label=1
SEQ_006922|label=0	SEQ_006922|label=0
SEQ_006923|label=1	SEQ_006923|label=1
SEQ_006924|label=1	SEQ_006924|label=1
SEQ_006925|label=1	SEQ_006925|label=1
SEQ_006926|label=0	SEQ_006926|label=0
SEQ_006927|label=0	SEQ_006927|label=0
SEQ_006928|label=0	SEQ_006928|label=0
SEQ_006929|label=1	SEQ_006929|label=1
SEQ_006930|label=1	SEQ_006930|label=1
SEQ_006931|label=1	SEQ_006931|label=1
SEQ_006932|label=1	SEQ_006932|label=1
SEQ_006933|label=1	SEQ_006933|label=1
SEQ_006934|label=1	SEQ_006934|label=1
SEQ_006935|label=1	SEQ_006935|label=1
SEQ_006936|label=0	SEQ_006936|label=0
SEQ_006937|label=1	SEQ_006937|label=1
SEQ_006938|label=1	SEQ_006938|label=1
SEQ_006939|label=0	SEQ_006939|label=0
SEQ_006940|label=1	SEQ_006940|label=1
SEQ_006941|label=0	SEQ_006941|label=0
SEQ_006942|label=1	SEQ_006942|label=1
SEQ_006943|label=0	SEQ_006943|label=0
SEQ_006944|label=1	SEQ_006944|label=1
SEQ_006945|label=0	SEQ_006945|label=0
SEQ_006946|label=1	SEQ_006946|label=1
SEQ_006947|label=1	SEQ_006947|label=1
SEQ_006948|label=1	SEQ_006948|label=1
SEQ_006949|label=1	SEQ_006949|label=1
SEQ_006950|label=0	SEQ_006950|label=0
SEQ_006951|label=0	SEQ_006951|label=0
SEQ_006952|label=1	SEQ_006952|label=1
SEQ_006953|label=0	SEQ_006953|label=0
SEQ_006954|label=0	SEQ_006954|label=0
SEQ_006955|label=0	SEQ_006955|label=0
SEQ_006956|label=0	SEQ_006956|label=0
SEQ_006957|label=1	SEQ_006957|label=1
SEQ_006958|label=0	SEQ_006958|label=0
SEQ_006959|label=0	SEQ_006959|label=0
SEQ_006960|label=1	SEQ_006960|label=1
SEQ_006961|label=1	SEQ_006961|label=1
SEQ_006962|label=0	SEQ_006962|label=0
SEQ_006963|label=1	SEQ_006963|label=1
SEQ_006964|label=1	SEQ_006964|label=1
SEQ_006965|label=0	SEQ_006965|label=0
SEQ_006966|label=0	SEQ_006966|label=0
SEQ_006967|label=1	SEQ_006967|label=1
SEQ_006968|label=0	SEQ_006968|label=0
SEQ_006969|label=0	SEQ_006969|label=0
SEQ_006970|label=1	SEQ_006970|label=1
SEQ_006971|label=1	SEQ_006971|label=1
SEQ_006972|label=0	SEQ_006972|label=0
SEQ_006973|label=1	SEQ_006973|label=1
SEQ_006974|label=0	SEQ_006974|label=0
SEQ_006975|label=0	SEQ_006975|label=0
SEQ_006976|label=0	SEQ_006976|label=0
SEQ_006977|label=1	SEQ_006977|label=1
SEQ_006978|label=1	SEQ_006978|label=1
SEQ_006979|label=1	SEQ_006979|label=1
SEQ_006980|label=1	SEQ_006980|label=1
SEQ_006981|label=0	SEQ_006981|label=0
SEQ_006982|label=1	SEQ_006982|label=1
SEQ_006983|label=0	SEQ_006983|label=0
SEQ_006984|label=1	SEQ_006984|label=1
SEQ_006985|label=0	SEQ_006985|label=0
SEQ_006986|label=0	SEQ_006986|label=0
SEQ_006987|label=1	SEQ_006987|label=1
SEQ_006988|label=1	SEQ_006988|label=1
SEQ_006989|label=0	SEQ_006989|label=0
SEQ_006990|label=1	SEQ_006990|label=1
SEQ_006991|label=1	SEQ_006991|label=1
SEQ_006992|label=0	SEQ_006992|label=0
SEQ_006993|label=1	SEQ_006993|label=1
SEQ_006994|label=0	SEQ_006994|label=0
SEQ_006995|label=0	SEQ_006995|label=0
SEQ_006996|label=1	SEQ_006996|label=1
SEQ_006997|label=1	SEQ_006997|label=1
SEQ_006998|label=0	SEQ_006998|label=0
SEQ_006999|label=0	SEQ_006999|label=0
SEQ_007000|label=1	SEQ_007000|label=1
SEQ_007701|label=0	SEQ_007701|label=0
SEQ_007702|label=1	SEQ_007702|label=1
SEQ_007703|label=1	SEQ_007703|label=1
SEQ_007704|label=1	SEQ_007704|label=1
SEQ_007705|label=1	SEQ_007705|label=1
SEQ_007706|label=1	SEQ_007706|label=1
SEQ_007707|label=0	SEQ_007707|label=0
SEQ_007708|label=0	SEQ_007708|label=0
SEQ_007709|label=0	SEQ_007709|label=0
SEQ_007710|label=1	SEQ_007710|label=1
SEQ_007711|label=1	SEQ_007711|label=1
SEQ_007712|label=0	SEQ_007712|label=0
SEQ_007713|label=1	SEQ_007713|label=1
SEQ_007714|label=0	SEQ_007714|label=0
SEQ_007715|label=0	SEQ_007715|label=0
SEQ_007716|label=1	SEQ_007716|label=1
SEQ_007717|label=0	SEQ_007717|label=0
SEQ_007718|label=0	SEQ_007718|label=0
SEQ_007719|label=0	SEQ_007719|label=0
SEQ_007720|label=1	SEQ_007720|label=1
SEQ_007721|label=1	SEQ_007721|label=1
SEQ_007722|label=0	SEQ_007722|label=0
SEQ_007723|label=1	SEQ_007723|label=1
SEQ_007724|label=0	SEQ_007724|label=0
SEQ_007725|label=1	SEQ_007725|label=1
SEQ_007726|label=1	SEQ_007726|label=1
SEQ_007727|label=1	SEQ_007727|label=1
SEQ_007728|label=1	SEQ_007728|label=1
SEQ_007729|label=1	SEQ_007729|label=1
SEQ_007730|label=1	SEQ_007730|label=1
SEQ_007731|label=1	SEQ_007731|label=1
SEQ_007732|label=0	SEQ_007732|label=0
SEQ_007733|label=1	SEQ_007733|label=1
SEQ_007734|label=1	SEQ_007734|label=1
SEQ_007735|label=0	SEQ_007735|label=0
SEQ_007736|label=1	SEQ_007736|label=1
SEQ_007737|label=0	SEQ_007737|label=0
SEQ_007738|label=0	SEQ_007738|label=0
SEQ_007739|label=1	SEQ_007739|label=1
SEQ_007740|label=1	SEQ_007740|label=1
SEQ_007741|label=0	SEQ_007741|label=0
SEQ_007742|label=1	SEQ_007742|label=1
SEQ_007743|label=0	SEQ_007743|label=0
SEQ_007744|label=0	SEQ_007744|label=0
SEQ_007745|label=1	SEQ_007745|label=1
SEQ_007746|label=0	SEQ_007746|label=0
SEQ_007747|label=0	SEQ_007747|label=0
SEQ_007748|label=1	SEQ_007748|label=1
SEQ_007749|label=1	SEQ_007749|label=1
SEQ_007750|label=0	SEQ_007750|label=0
SEQ_007751|label=1	SEQ_007751|label=1
SEQ_007752|label=1	SEQ_007752|label=1
SEQ_007753|label=1	SEQ_007753|label=1
SEQ_007754|label=0	SEQ_007754|label=0
SEQ_007755|label=1	SEQ_007755|label=1
SEQ_007756|label=0	SEQ_007756|label=0
SEQ_007757|label=0	SEQ_007757|label=0
SEQ_007758|label=1	SEQ_007758|label=1
SEQ_007759|label=1	SEQ_007759|label=1
SEQ_007760|label=1	SEQ_007760|label=1
SEQ_007761|label=0	SEQ_007761|label=0
SEQ_007762|label=1	SEQ_007762|label=1
SEQ_007763|label=1	SEQ_007763|label=1
SEQ_007764|label=1	SEQ_007764|label=1
SEQ_007765|label=0	SEQ_007765|label=0
SEQ_007766|label=0	SEQ_007766|label=0
SEQ_007767|label=1	SEQ_007767|label=1
SEQ_007768|label=0	SEQ_007768|label=0
SEQ_007769|label=0	SEQ_007769|label=0
SEQ_007770|label=1	SEQ_007770|label=1
SEQ_007771|label=1	SEQ_007771|label=1
SEQ_007772|label=0	SEQ_007772|label=0
SEQ_007773|label=1	SEQ_007773|label=1
SEQ_007774|label=0	SEQ_007774|label=0
SEQ_007775|label=0	SEQ_007775|label=0
SEQ_007776|label=1	SEQ_007776|label=1
SEQ_007777|label=1	SEQ_007777|label=1
SEQ_007778|label=1	SEQ_007778|label=1
SEQ_007779|label=0	SEQ_007779|label=0
SEQ_007780|label=0	SEQ_007780|label=0
SEQ_007781|label=0	SEQ_007781|label=0
SEQ_007782|label=1	SEQ_007782|label=1
SEQ_007783|label=0	SEQ_007783|label=0
SEQ_007784|label=0	SEQ_007784|label=0
SEQ_007785|label=1	SEQ_007785|label=1
SEQ_007786|label=0	SEQ_007786|label=0
SEQ_007787|label=0	SEQ_007787|label=0
SEQ_007788|label=1	SEQ_007788|label=1
SEQ_007789|label=1	SEQ_007789|label=1
SEQ_007790|label=1	SEQ_007790|label=1
SEQ_007791|label=0	SEQ_007791|label=0
SEQ_007792|label=0	SEQ_007792|label=0
SEQ_007793|label=0	SEQ_007793|label=0
SEQ_007794|label=1	SEQ_007794|label=1
SEQ_007795|label=1	SEQ_007795|label=1
SEQ_007796|label=0	SEQ_007796|label=0
SEQ_007797|label=1	SEQ_007797|label=1
SEQ_007798|label=0	SEQ_007798|label=0
SEQ_007799|label=1	SEQ_007799|label=1
SEQ_007800|label=1	SEQ_007800|label=1
SEQ_009563|label=1	SEQ_009563|label=1
SEQ_009564|label=1	SEQ_009564|label=1
SEQ_009565|label=1	SEQ_009565|label=1
SEQ_009566|label=0	SEQ_009566|label=0
SEQ_009567|label=0	SEQ_009567|label=0
SEQ_009568|label=0	SEQ_009568|label=0
SEQ_009569|label=0	SEQ_009569|label=0
SEQ_009570|label=1	SEQ_009570|label=1
SEQ_009571|label=1	SEQ_009571|label=1
SEQ_009572|label=1	SEQ_009572|label=1
SEQ_009573|label=0	SEQ_009573|label=0
SEQ_009574|label=1	SEQ_009574|label=1
SEQ_009575|label=1	SEQ_009575|label=1
SEQ_009576|label=0	SEQ_009576|label=0
SEQ_009577|label=0	SEQ_009577|label=0
SEQ_009578|label=1	SEQ_009578|label=1
SEQ_009579|label=0	SEQ_009579|label=0
SEQ_009580|label=1	SEQ_009580|label=1
SEQ_009581|label=1	SEQ_009581|label=1
SEQ_009582|label=1	SEQ_009582|label=1
SEQ_009583|label=1	SEQ_009583|label=1
SEQ_009584|label=0	SEQ_009584|label=0
SEQ_009585|label=0	SEQ_009585|label=0
SEQ_009586|label=1	SEQ_009586|label=1
SEQ_009587|label=1	SEQ_009587|label=1
SEQ_009588|label=0	SEQ_009588|label=0
SEQ_009589|label=0	SEQ_009589|label=0
SEQ_009590|label=0	SEQ_009590|label=0
SEQ_009591|label=1	SEQ_009591|label=1
SEQ_009592|label=0	SEQ_009592|label=0
SEQ_009593|label=0	SEQ_009593|label=0
SEQ_009594|label=0	SEQ_009594|label=0
SEQ_009595|label=0	SEQ_009595|label=0
SEQ_009596|label=0	SEQ_009596|label=0
SEQ_009597|label=1	SEQ_009597|label=1
SEQ_009598|label=0	SEQ_009598|label=0
SEQ_009599|label=1	SEQ_009599|label=1
SEQ_009600|label=0	SEQ_009600|label=0
SEQ_010201|label=0	SEQ_010201|label=0
SEQ_010202|label=0	SEQ_010202|label=0
SEQ_010203|label=1	SEQ_010203|label=1
SEQ_010204|label=0	SEQ_010204|label=0
SEQ_010205|label=1	SEQ_010205|label=1
SEQ_010206|label=0	SEQ_010206|label=0
SEQ_010207|label=1	SEQ_010207|label=1
SEQ_010208|label=1	SEQ_010208|label=1
SEQ_010209|label=0	SEQ_010209|label=0
SEQ_010210|label=1	SEQ_010210|label=1
SEQ_010211|label=0	SEQ_010211|label=0
SEQ_010212|label=0	SEQ_010212|label=0
SEQ_010213|label=0	SEQ_010213|label=0
SEQ_010214|label=1	SEQ_010214|label=1
SEQ_010215|label=1	SEQ_010215|label=1
SEQ_010216|label=1	SEQ_010216|label=1
SEQ_010217|label=1	SEQ_010217|label=1
SEQ_010218|label=0	SEQ_010218|label=0
SEQ_010219|label=1	SEQ_010219|label=1
SEQ_010220|label=1	SEQ_010220|label=1
SEQ_010221|label=1	SEQ_010221|label=1
SEQ_010222|label=0	SEQ_010222|label=0
SEQ_010223|label=0	SEQ_010223|label=0
SEQ_010224|label=1	SEQ_010224|label=1
SEQ_010225|label=1	SEQ_010225|label=1
SEQ_010226|label=0	SEQ_010226|label=0
SEQ_010227|label=1	SEQ_010227|label=1
SEQ_010228|label=0	SEQ_010228|label=0
SEQ_010229|label=0	SEQ_010229|label=0
SEQ_010230|label=1	SEQ_010230|label=1
SEQ_010231|label=1	SEQ_010231|label=1
SEQ_010232|label=0	SEQ_010232|label=0
SEQ_010233|label=1	SEQ_010233|label=1
SEQ_010234|label=0	SEQ_010234|label=0
SEQ_010235|label=0	SEQ_010235|label=0
SEQ_010236|label=1	SEQ_010236|label=1
SEQ_010237|label=1	SEQ_010237|label=1
SEQ_010238|label=0	SEQ_010238|label=0
SEQ_010239|label=0	SEQ_010239|label=0
SEQ_010240|label=0	SEQ_010240|label=0
SEQ_010241|label=1	SEQ_010241|label=1
SEQ_010242|label=1	SEQ_010242|label=1
SEQ_010243|label=0	SEQ_010243|label=0
SEQ_010244|label=0	SEQ_010244|label=0
SEQ_010245|label=1	SEQ_010245|label=1
SEQ_010246|label=1	SEQ_010246|label=1
SEQ_010247|label=0	SEQ_010247|label=0
SEQ_010248|label=1	SEQ_010248|label=1
SEQ_010249|label=0	SEQ_010249|label=0
SEQ_010250|label=1	SEQ_010250|label=1
SEQ_010251|label=1	SEQ_010251|label=1
SEQ_010252|label=1	SEQ_010252|label=1
SEQ_010253|label=0	SEQ_010253|label=0
SEQ_010254|label=1	SEQ_010254|label=1
SEQ_010255|label=0	SEQ_010255|label=0
SEQ_010256|label=1	SEQ_010256|label=1
SEQ_010257|label=0	SEQ_010257|label=0
SEQ_010258|label=0	SEQ_010258|label=0
SEQ_010259|label=1	SEQ_010259|label=1
SEQ_010260|label=0	SEQ_010260|label=0
SEQ_010261|label=1	SEQ_010261|label=1
SEQ_010262|label=1	SEQ_010262|label=1
SEQ_010263|label=0	SEQ_010263|label=0
SEQ_010264|label=0	SEQ_010264|label=0
SEQ_010265|label=0	SEQ_010265|label=0
SEQ_010266|label=1	SEQ_010266|label=1
SEQ_010267|label=0	SEQ_010267|label=0
SEQ_010268|label=0	SEQ_010268|label=0
SEQ_010269|label=0	SEQ_010269|label=0
SEQ_010270|label=0	SEQ_010270|label=0
SEQ_010271|label=0	SEQ_010271|label=0
SEQ_010272|label=0	SEQ_010272|label=0
SEQ_010273|label=0	SEQ_010273|label=0
SEQ_010274|label=0	SEQ_010274|label=0
SEQ_010275|label=1	SEQ_010275|label=1
SEQ_010276|label=1	SEQ_010276|label=1
SEQ_010277|label=1	SEQ_010277|label=1
SEQ_010278|label=1	SEQ_010278|label=1
SEQ_010279|label=0	SEQ_010279|label=0
SEQ_010280|label=1	SEQ_010280|label=1
SEQ_010281|label=1	SEQ_010281|label=1
SEQ_010282|label=0	SEQ_010282|label=0
SEQ_010283|label=1	SEQ_010283|label=1
SEQ_010284|label=0	SEQ_010284|label=0
SEQ_010285|label=0	SEQ_010285|label=0
SEQ_010286|label=1	SEQ_010286|label=1
SEQ_010287|label=1	SEQ_010287|label=1
SEQ_010288|label=0	SEQ_010288|label=0
SEQ_010289|label=0	SEQ_010289|label=0
SEQ_010290|label=0	SEQ_010290|label=0
SEQ_010291|label=0	SEQ_010291|label=0
SEQ_010292|label=0	SEQ_010292|label=0
SEQ_010293|label=1	SEQ_010293|label=1
SEQ_010294|label=0	SEQ_010294|label=0
SEQ_010295|label=1	SEQ_010295|label=1
SEQ_010296|label=0	SEQ_010296|label=0
SEQ_010297|label=1	SEQ_010297|label=1
SEQ_010298|label=1	SEQ_010298|label=1
SEQ_010299|label=1	SEQ_010299|label=1
SEQ_010300|label=0	SEQ_010300|label=0
SEQ_011101|label=0	SEQ_011101|label=0
SEQ_011102|label=1	SEQ_011102|label=1
SEQ_011103|label=1	SEQ_011103|label=1
SEQ_011104|label=0	SEQ_011104|label=0
SEQ_011105|label=1	SEQ_011105|label=1
SEQ_011106|label=0	SEQ_011106|label=0
SEQ_011107|label=1	SEQ_011107|label=1
SEQ_011108|label=0	SEQ_011108|label=0
SEQ_011109|label=0	SEQ_011109|label=0
SEQ_011110|label=0	SEQ_011110|label=0
SEQ_011111|label=1	SEQ_011111|label=1
SEQ_011112|label=0	SEQ_011112|label=0
SEQ_011113|label=1	SEQ_011113|label=1
SEQ_011114|label=1	SEQ_011114|label=1
SEQ_011115|label=1	SEQ_011115|label=1
SEQ_011116|label=1	SEQ_011116|label=1
SEQ_011117|label=1	SEQ_011117|label=1
SEQ_011118|label=1	SEQ_011118|label=1
SEQ_011119|label=0	SEQ_011119|label=0
SEQ_011120|label=0	SEQ_011120|label=0
SEQ_011121|label=0	SEQ_011121|label=0
SEQ_011122|label=1	SEQ_011122|label=1
SEQ_011123|label=0	SEQ_011123|label=0
SEQ_011124|label=1	SEQ_011124|label=1
SEQ_011125|label=1	SEQ_011125|label=1
SEQ_011126|label=1	SEQ_011126|label=1
SEQ_011127|label=0	SEQ_011127|label=0
SEQ_011128|label=0	SEQ_011128|label=0
SEQ_011129|label=0	SEQ_011129|label=0
SEQ_011130|label=0	SEQ_011130|label=0
SEQ_011131|label=1	SEQ_011131|label=1
SEQ_011132|label=1	SEQ_011132|label=1
SEQ_011133|label=0	SEQ_011133|label=0
SEQ_011134|label=0	SEQ_011134|label=0
SEQ_011135|label=0	SEQ_011135|label=0
SEQ_011136|label=0	SEQ_011136|label=0
SEQ_011137|label=0	SEQ_011137|label=0
SEQ_011138|label=0	SEQ_011138|label=0
SEQ_011139|label=0	SEQ_011139|label=0
SEQ_011140|label=1	SEQ_011140|label=1
SEQ_011141|label=0	SEQ_011141|label=0
SEQ_011142|label=0	SEQ_011142|label=0
SEQ_011143|label=0	SEQ_011143|label=0
SEQ_011144|label=0	SEQ_011144|label=0
SEQ_011145|label=0	SEQ_011145|label=0
SEQ_011146|label=1	SEQ_011146|label=1
SEQ_011147|label=0	SEQ_011147|label=0
SEQ_011148|label=1	SEQ_011148|label=1
SEQ_011149|label=0	SEQ_011149|label=0
SEQ_011150|label=1	SEQ_011150|label=1
SEQ_011151|label=1	SEQ_011151|label=1
SEQ_011152|label=1	SEQ_011152|label=1
SEQ_011153|label=1	SEQ_011153|label=1
SEQ_011154|label=0	SEQ_011154|label=0
SEQ_011155|label=1	SEQ_011155|label=1
SEQ_011156|label=1	SEQ_011156|label=1
SEQ_011157|label=1	SEQ_011157|label=1
SEQ_011158|label=0	SEQ_011158|label=0
SEQ_011159|label=1	SEQ_011159|label=1
SEQ_011160|label=0	SEQ_011160|label=0
SEQ_011161|label=1	SEQ_011161|label=1
SEQ_011162|label=1	SEQ_011162|label=1
SEQ_011163|label=1	SEQ_011163|label=1
SEQ_011164|label=0	SEQ_011164|label=0
SEQ_011165|label=0	SEQ_011165|label=0
SEQ_011166|label=1	SEQ_011166|label=1
SEQ_011167|label=0	SEQ_011167|label=0
SEQ_011168|label=1	SEQ_011168|label=1
SEQ_011169|label=1	SEQ_011169|label=1
SEQ_011170|label=0	SEQ_011170|label=0
SEQ_011171|label=0	SEQ_011171|label=0
SEQ_011172|label=1	SEQ_011172|label=1
SEQ_011173|label=0	SEQ_011173|label=0
SEQ_011174|label=1	SEQ_011174|label=1
SEQ_011175|label=1	SEQ_011175|label=1
SEQ_011176|label=1	SEQ_011176|label=1
SEQ_011177|label=1	SEQ_011177|label=1
SEQ_011178|label=1	SEQ_011178|label=1
SEQ_011179|label=1	SEQ_011179|label=1
SEQ_011180|label=0	SEQ_011180|label=0
SEQ_011181|label=0	SEQ_011181|label=0
SEQ_011182|label=1	SEQ_011182|label=1
SEQ_011183|label=0	SEQ_011183|label=0
SEQ_011184|label=1	SEQ_011184|label=1
SEQ_011185|label=1	SEQ_011185|label=1
SEQ_011186|label=0	SEQ_011186|label=0
SEQ_011187|label=1	SEQ_011187|label=1
SEQ_011188|label=0	SEQ_011188|label=0
SEQ_011189|label=1	SEQ_011189|label=1
SEQ_011190|label=0	SEQ_011190|label=0
SEQ_011191|label=1	SEQ_011191|label=1
SEQ_011192|label=1	SEQ_011192|label=1
SEQ_011193|label=0	SEQ_011193|label=0
SEQ_011194|label=1	SEQ_011194|label=1
SEQ_011195|label=1	SEQ_011195|label=1
SEQ_011196|label=0	SEQ_011196|label=0
SEQ_011197|label=1	SEQ_011197|label=1
SEQ_011198|label=0	SEQ_011198|label=0
SEQ_011199|label=1	SEQ_011199|label=1
SEQ_011200|label=0	SEQ_011200|label=0
SEQ_001101|label=0	SEQ_001101|label=0
SEQ_001102|label=0	SEQ_001102|label=0
SEQ_001103|label=0	SEQ_001103|label=0
SEQ_001104|label=1	SEQ_001104|label=1
SEQ_001105|label=0	SEQ_001105|label=0
SEQ_001106|label=0	SEQ_001106|label=0
SEQ_001107|label=0	SEQ_001107|label=0
SEQ_001108|label=0	SEQ_001108|label=0
SEQ_001109|label=0	SEQ_001109|label=0
SEQ_001110|label=0	SEQ_001110|label=0
SEQ_001111|label=0	SEQ_001111|label=0
SEQ_001112|label=0	SEQ_001112|label=0
SEQ_001113|label=1	SEQ_001113|label=1
SEQ_001114|label=0	SEQ_001114|label=0
SEQ_001115|label=0	SEQ_001115|label=0
SEQ_001116|label=1	SEQ_001116|label=1
SEQ_001117|label=0	SEQ_001117|label=0
SEQ_001118|label=1	SEQ_001118|label=1
SEQ_001119|label=1	SEQ_001119|label=1
SEQ_001120|label=1	SEQ_001120|label=1
SEQ_001121|label=0	SEQ_001121|label=0
SEQ_001122|label=0	SEQ_001122|label=0
SEQ_001123|label=0	SEQ_001123|label=0
SEQ_001124|label=1	SEQ_001124|label=1
SEQ_001125|label=1	SEQ_001125|label=1
SEQ_001126|label=0	SEQ_001126|label=0
SEQ_001127|label=1	SEQ_001127|label=1
SEQ_001128|label=0	SEQ_001128|label=0
SEQ_001129|label=0	SEQ_001129|label=0
SEQ_001130|label=0	SEQ_001130|label=0
SEQ_001131|label=0	SEQ_001131|label=0
SEQ_001132|label=1	SEQ_001132|label=1
SEQ_001133|label=1	SEQ_001133|label=1
SEQ_001134|label=1	SEQ_001134|label=1
SEQ_001135|label=1	SEQ_001135|label=1
SEQ_001136|label=0	SEQ_001136|label=0
SEQ_001137|label=0	SEQ_001137|label=0
SEQ_001138|label=0	SEQ_001138|label=0
SEQ_001139|label=0	SEQ_001139|label=0
SEQ_001140|label=0	SEQ_001140|label=0
SEQ_001141|label=0	SEQ_001141|label=0
SEQ_001142|label=0	SEQ_001142|label=0
SEQ_001143|label=0	SEQ_001143|label=0
SEQ_001144|label=0	SEQ_001144|label=0
SEQ_001145|label=1	SEQ_001145|label=1
SEQ_001146|label=1	SEQ_001146|label=1
SEQ_001147|label=1	SEQ_001147|label=1
SEQ_001148|label=1	SEQ_001148|label=1
SEQ_001149|label=1	SEQ_001149|label=1
SEQ_001150|label=0	SEQ_001150|label=0
SEQ_001151|label=1	SEQ_001151|label=1
SEQ_001152|label=0	SEQ_001152|label=0
SEQ_001153|label=0	SEQ_001153|label=0
SEQ_001154|label=0	SEQ_001154|label=0
SEQ_001155|label=1	SEQ_001155|label=1
SEQ_001156|label=1	SEQ_001156|label=1
SEQ_001157|label=1	SEQ_001157|label=1
SEQ_001158|label=1	SEQ_001158|label=1
SEQ_001159|label=1	SEQ_001159|label=1
SEQ_001160|label=0	SEQ_001160|label=0
SEQ_001161|label=1	SEQ_001161|label=1
SEQ_001162|label=1	SEQ_001162|label=1
SEQ_001163|label=0	SEQ_001163|label=0
SEQ_001164|label=0	SEQ_001164|label=0
SEQ_001165|label=0	SEQ_001165|label=0
SEQ_001166|label=0	SEQ_001166|label=0
SEQ_001167|label=1	SEQ_001167|label=1
SEQ_001168|label=1	SEQ_001168|label=1
SEQ_001169|label=0	SEQ_001169|label=0
SEQ_001170|label=0	SEQ_001170|label=0
SEQ_001171|label=1	SEQ_001171|label=1
SEQ_001172|label=0	SEQ_001172|label=0
SEQ_001173|label=1	SEQ_001173|label=1
SEQ_001174|label=1	SEQ_001174|label=1
SEQ_001175|label=1	SEQ_001175|label=1
SEQ_001176|label=1	SEQ_001176|label=1
SEQ_001177|label=1	SEQ_001177|label=1
SEQ_001178|label=1	SEQ_001178|label=1
SEQ_001179|label=1	SEQ_001179|label=1
SEQ_001180|label=1	SEQ_001180|label=1
SEQ_001181|label=0	SEQ_001181|label=0
SEQ_001182|label=0	SEQ_001182|label=0
SEQ_001183|label=1	SEQ_001183|label=1
SEQ_001184|label=0	SEQ_001184|label=0
SEQ_001185|label=1	SEQ_001185|label=1
SEQ_001186|label=0	SEQ_001186|label=0
SEQ_001187|label=1	SEQ_001187|label=1
SEQ_001188|label=0	SEQ_001188|label=0
SEQ_001189|label=0	SEQ_001189|label=0
SEQ_001190|label=0	SEQ_001190|label=0
SEQ_001191|label=1	SEQ_001191|label=1
SEQ_001192|label=0	SEQ_001192|label=0
SEQ_001193|label=1	SEQ_001193|label=1
SEQ_001194|label=0	SEQ_001194|label=0
SEQ_001195|label=0	SEQ_001195|label=0
SEQ_001196|label=0	SEQ_001196|label=0
SEQ_001197|label=1	SEQ_001197|label=1
SEQ_001198|label=1	SEQ_001198|label=1
SEQ_001199|label=0	SEQ_001199|label=0
SEQ_001200|label=0	SEQ_001200|label=0
SEQ_001801|label=1	SEQ_001801|label=1
SEQ_001802|label=1	SEQ_001802|label=1
SEQ_001803|label=1	SEQ_001803|label=1
SEQ_001804|label=1	SEQ_001804|label=1
SEQ_001805|label=0	SEQ_001805|label=0
SEQ_001806|label=0	SEQ_001806|label=0
SEQ_001807|label=1	SEQ_001807|label=1
SEQ_001808|label=1	SEQ_001808|label=1
SEQ_001809|label=1	SEQ_001809|label=1
SEQ_001810|label=0	SEQ_001810|label=0
SEQ_001811|label=0	SEQ_001811|label=0
SEQ_001812|label=1	SEQ_001812|label=1
SEQ_001813|label=0	SEQ_001813|label=0
SEQ_001814|label=0	SEQ_001814|label=0
SEQ_001815|label=1	SEQ_001815|label=1
SEQ_001816|label=1	SEQ_001816|label=1
SEQ_001817|label=1	SEQ_001817|label=1
SEQ_001818|label=0	SEQ_001818|label=0
SEQ_001819|label=0	SEQ_001819|label=0
SEQ_001820|label=1	SEQ_001820|label=1
SEQ_001821|label=0	SEQ_001821|label=0
SEQ_001822|label=1	SEQ_001822|label=1
SEQ_001823|label=0	SEQ_001823|label=0
SEQ_001824|label=0	SEQ_001824|label=0
SEQ_001825|label=0	SEQ_001825|label=0
SEQ_001826|label=0	SEQ_001826|label=0
SEQ_001827|label=1	SEQ_001827|label=1
SEQ_001828|label=1	SEQ_001828|label=1
SEQ_001829|label=1	SEQ_001829|label=1
SEQ_001830|label=0	SEQ_001830|label=0
SEQ_001831|label=1	SEQ_001831|label=1
SEQ_001832|label=1	SEQ_001832|label=1
SEQ_001833|label=0	SEQ_001833|label=0
SEQ_001834|label=1	SEQ_001834|label=1
SEQ_001835|label=1	SEQ_001835|label=1
SEQ_001836|label=1	SEQ_001836|label=1
SEQ_001837|label=1	SEQ_001837|label=1
SEQ_001838|label=0	SEQ_001838|label=0
SEQ_001839|label=1	SEQ_001839|label=1
SEQ_001840|label=1	SEQ_001840|label=1
SEQ_001841|label=0	SEQ_001841|label=0
SEQ_001842|label=1	SEQ_001842|label=1
SEQ_001843|label=1	SEQ_001843|label=1
SEQ_001844|label=0	SEQ_001844|label=0
SEQ_001845|label=0	SEQ_001845|label=0
SEQ_001846|label=0	SEQ_001846|label=0
SEQ_001847|label=0	SEQ_001847|label=0
SEQ_001848|label=0	SEQ_001848|label=0
SEQ_001849|label=0	SEQ_001849|label=0
SEQ_001850|label=0	SEQ_001850|label=0
SEQ_001851|label=1	SEQ_001851|label=1
SEQ_001852|label=1	SEQ_001852|label=1
SEQ_001853|label=1	SEQ_001853|label=1
SEQ_001854|label=1	SEQ_001854|label=1
SEQ_001855|label=0	SEQ_001855|label=0
SEQ_001856|label=1	SEQ_001856|label=1
SEQ_001857|label=1	SEQ_001857|label=1
SEQ_001858|label=1	SEQ_001858|label=1
SEQ_001859|label=0	SEQ_001859|label=0
SEQ_001860|label=1	SEQ_001860|label=1
SEQ_001861|label=1	SEQ_001861|label=1
SEQ_001862|label=0	SEQ_001862|label=0
SEQ_001863|label=1	SEQ_001863|label=1
SEQ_001864|label=1	SEQ_001864|label=1
SEQ_001865|label=1	SEQ_001865|label=1
SEQ_001866|label=1	SEQ_001866|label=1
SEQ_001867|label=0	SEQ_001867|label=0
SEQ_001868|label=0	SEQ_001868|label=0
SEQ_001869|label=0	SEQ_001869|label=0
SEQ_001870|label=0	SEQ_001870|label=0
SEQ_001871|label=0	SEQ_001871|label=0
SEQ_001872|label=1	SEQ_001872|label=1
SEQ_001873|label=1	SEQ_001873|label=1
SEQ_001874|label=0	SEQ_001874|label=0
SEQ_001875|label=0	SEQ_001875|label=0
SEQ_001876|label=1	SEQ_001876|label=1
SEQ_001877|label=0	SEQ_001877|label=0
SEQ_001878|label=1	SEQ_001878|label=1
SEQ_001879|label=0	SEQ_001879|label=0
SEQ_001880|label=1	SEQ_001880|label=1
SEQ_001881|label=0	SEQ_001881|label=0
SEQ_001882|label=0	SEQ_001882|label=0
SEQ_001883|label=0	SEQ_001883|label=0
SEQ_001884|label=1	SEQ_001884|label=1
SEQ_001885|label=1	SEQ_001885|label=1
SEQ_001886|label=0	SEQ_001886|label=0
SEQ_001887|label=0	SEQ_001887|label=0
SEQ_001888|label=1	SEQ_001888|label=1
SEQ_001889|label=0	SEQ_001889|label=0
SEQ_001890|label=0	SEQ_001890|label=0
SEQ_001891|label=0	SEQ_001891|label=0
SEQ_001892|label=0	SEQ_001892|label=0
SEQ_001893|label=1	SEQ_001893|label=1
SEQ_001894|label=0	SEQ_001894|label=0
SEQ_001895|label=0	SEQ_001895|label=0
SEQ_001896|label=0	SEQ_001896|label=0
SEQ_001897|label=1	SEQ_001897|label=1
SEQ_001898|label=1	SEQ_001898|label=1
SEQ_001899|label=0	SEQ_001899|label=0
SEQ_001900|label=1	SEQ_001900|label=1
SEQ_002601|label=1	SEQ_002601|label=1
SEQ_002602|label=1	SEQ_002602|label=1
SEQ_002603|label=1	SEQ_002603|label=1
SEQ_002604|label=1	SEQ_002604|label=1
SEQ_002605|label=0	SEQ_002605|label=0
SEQ_002606|label=1	SEQ_002606|label=1
SEQ_002607|label=1	SEQ_002607|label=1
SEQ_002608|label=0	SEQ_002608|label=0
SEQ_002609|label=0	SEQ_002609|label=0
SEQ_002610|label=0	SEQ_002610|label=0
SEQ_002611|label=0	SEQ_002611|label=0
SEQ_002612|label=0	SEQ_002612|label=0
SEQ_002613|label=0	SEQ_002613|label=0
SEQ_002614|label=1	SEQ_002614|label=1
SEQ_002615|label=1	SEQ_002615|label=1
SEQ_002616|label=0	SEQ_002616|label=0
SEQ_002617|label=0	SEQ_002617|label=0
SEQ_002618|label=0	SEQ_002618|label=0
SEQ_002619|label=0	SEQ_002619|label=0
SEQ_002620|label=0	SEQ_002620|label=0
SEQ_002621|label=1	SEQ_002621|label=1
SEQ_002622|label=0	SEQ_002622|label=0
SEQ_002623|label=1	SEQ_002623|label=1
SEQ_002624|label=0	SEQ_002624|label=0
SEQ_002625|label=1	SEQ_002625|label=1
SEQ_002626|label=0	SEQ_002626|label=0
SEQ_002627|label=0	SEQ_002627|label=0
SEQ_002628|label=0	SEQ_002628|label=0
SEQ_002629|label=1	SEQ_002629|label=1
SEQ_002630|label=0	SEQ_002630|label=0
SEQ_002631|label=0	SEQ_002631|label=0
SEQ_002632|label=0	SEQ_002632|label=0
SEQ_002633|label=1	SEQ_002633|label=1
SEQ_002634|label=1	SEQ_002634|label=1
SEQ_002635|label=0	SEQ_002635|label=0
SEQ_002636|label=0	SEQ_002636|label=0
SEQ_002637|label=0	SEQ_002637|label=0
SEQ_002638|label=0	SEQ_002638|label=0
SEQ_002639|label=0	SEQ_002639|label=0
SEQ_002640|label=0	SEQ_002640|label=0
SEQ_002641|label=1	SEQ_002641|label=1
SEQ_002642|label=1	SEQ_002642|label=1
SEQ_002643|label=0	SEQ_002643|label=0
SEQ_002644|label=1	SEQ_002644|label=1
SEQ_002645|label=0	SEQ_002645|label=0
SEQ_002646|label=1	SEQ_002646|label=1
SEQ_002647|label=0	SEQ_002647|label=0
SEQ_002648|label=0	SEQ_002648|label=0
SEQ_002649|label=0	SEQ_002649|label=0
SEQ_002650|label=0	SEQ_002650|label=0
SEQ_002651|label=0	SEQ_002651|label=0
SEQ_002652|label=1	SEQ_002652|label=1
SEQ_002653|label=0	SEQ_002653|label=0
SEQ_002654|label=0	SEQ_002654|label=0
SEQ_002655|label=1	SEQ_002655|label=1
SEQ_002656|label=0	SEQ_002656|label=0
SEQ_002657|label=1	SEQ_002657|label=1
SEQ_002658|label=1	SEQ_002658|label=1
SEQ_002659|label=0	SEQ_002659|label=0
SEQ_002660|label=0	SEQ_002660|label=0
SEQ_002661|label=1	SEQ_002661|label=1
SEQ_002662|label=1	SEQ_002662|label=1
SEQ_002663|label=1	SEQ_002663|label=1
SEQ_002664|label=1	SEQ_002664|label=1
SEQ_002665|label=0	SEQ_002665|label=0
SEQ_002666|label=1	SEQ_002666|label=1
SEQ_002667|label=0	SEQ_002667|label=0
SEQ_002668|label=0	SEQ_002668|label=0
SEQ_002669|label=1	SEQ_002669|label=1
SEQ_002670|label=0	SEQ_002670|label=0
SEQ_002671|label=0	SEQ_002671|label=0
SEQ_002672|label=1	SEQ_002672|label=1
SEQ_002673|label=1	SEQ_002673|label=1
SEQ_002674|label=1	SEQ_002674|label=1
SEQ_002675|label=1	SEQ_002675|label=1
SEQ_002676|label=0	SEQ_002676|label=0
SEQ_002677|label=0	SEQ_002677|label=0
SEQ_002678|label=0	SEQ_002678|label=0
SEQ_002679|label=1	SEQ_002679|label=1
SEQ_002680|label=1	SEQ_002680|label=1
SEQ_002681|label=0	SEQ_002681|label=0
SEQ_002682|label=0	SEQ_002682|label=0
SEQ_002683|label=0	SEQ_002683|label=0
SEQ_002684|label=1	SEQ_002684|label=1
SEQ_002685|label=0	SEQ_002685|label=0
SEQ_002686|label=1	SEQ_002686|label=1
SEQ_002687|label=0	SEQ_002687|label=0
SEQ_002688|label=0	SEQ_002688|label=0
SEQ_002689|label=1	SEQ_002689|label=1
SEQ_002690|label=0	SEQ_002690|label=0
SEQ_002691|label=0	SEQ_002691|label=0
SEQ_002692|label=0	SEQ_002692|label=0
SEQ_002693|label=0	SEQ_002693|label=0
SEQ_002694|label=0	SEQ_002694|label=0
SEQ_002695|label=1	SEQ_002695|label=1
SEQ_002696|label=1	SEQ_002696|label=1
SEQ_002697|label=0	SEQ_002697|label=0
SEQ_002698|label=0	SEQ_002698|label=0
SEQ_002699|label=0	SEQ_002699|label=0
SEQ_002700|label=1	SEQ_002700|label=1
SEQ_003401|label=1	SEQ_003401|label=1
SEQ_003402|label=0	SEQ_003402|label=0
SEQ_003403|label=1	SEQ_003403|label=1
SEQ_003404|label=1	SEQ_003404|label=1
SEQ_003405|label=0	SEQ_003405|label=0
SEQ_003406|label=1	SEQ_003406|label=1
SEQ_003407|label=0	SEQ_003407|label=0
SEQ_003408|label=1	SEQ_003408|label=1
SEQ_003409|label=1	SEQ_003409|label=1
SEQ_003410|label=0	SEQ_003410|label=0
SEQ_003411|label=1	SEQ_003411|label=1
SEQ_003412|label=0	SEQ_003412|label=0
SEQ_003413|label=1	SEQ_003413|label=1
SEQ_003414|label=1	SEQ_003414|label=1
SEQ_003415|label=0	SEQ_003415|label=0
SEQ_003416|label=1	SEQ_003416|label=1
SEQ_003417|label=0	SEQ_003417|label=0
SEQ_003418|label=0	SEQ_003418|label=0
SEQ_003419|label=0	SEQ_003419|label=0
SEQ_003420|label=1	SEQ_003420|label=1
SEQ_003421|label=1	SEQ_003421|label=1
SEQ_003422|label=0	SEQ_003422|label=0
SEQ_003423|label=0	SEQ_003423|label=0
SEQ_003424|label=0	SEQ_003424|label=0
SEQ_003425|label=1	SEQ_003425|label=1
SEQ_003426|label=1	SEQ_003426|label=1
SEQ_003427|label=0	SEQ_003427|label=0
SEQ_003428|label=0	SEQ_003428|label=0
SEQ_003429|label=1	SEQ_003429|label=1
SEQ_003430|label=1	SEQ_003430|label=1
SEQ_003431|label=1	SEQ_003431|label=1
SEQ_003432|label=0	SEQ_003432|label=0
SEQ_003433|label=0	SEQ_003433|label=0
SEQ_003434|label=0	SEQ_003434|label=0
SEQ_003435|label=0	SEQ_003435|label=0
SEQ_003436|label=0	SEQ_003436|label=0
SEQ_003437|label=0	SEQ_003437|label=0
SEQ_003438|label=1	SEQ_003438|label=1
SEQ_003439|label=1	SEQ_003439|label=1
SEQ_003440|label=1	SEQ_003440|label=1
SEQ_003441|label=1	SEQ_003441|label=1
SEQ_003442|label=1	SEQ_003442|label=1
SEQ_003443|label=1	SEQ_003443|label=1
SEQ_003444|label=1	SEQ_003444|label=1
SEQ_003445|label=0	SEQ_003445|label=0
SEQ_003446|label=1	SEQ_003446|label=1
SEQ_003447|label=1	SEQ_003447|label=1
SEQ_003448|label=1	SEQ_003448|label=1
SEQ_003449|label=1	SEQ_003449|label=1
SEQ_003450|label=1	SEQ_003450|label=1
SEQ_003451|label=1	SEQ_003451|label=1
SEQ_003452|label=0	SEQ_003452|label=0
SEQ_003453|label=1	SEQ_003453|label=1
SEQ_003454|label=1	SEQ_003454|label=1
SEQ_003455|label=0	SEQ_003455|label=0
SEQ_003456|label=0	SEQ_003456|label=0
SEQ_003457|label=1	SEQ_003457|label=1
SEQ_003458|label=0	SEQ_003458|label=0
SEQ_003459|label=1	SEQ_003459|label=1
SEQ_003460|label=1	SEQ_003460|label=1
SEQ_003461|label=0	SEQ_003461|label=0
SEQ_003462|label=1	SEQ_003462|label=1
SEQ_003463|label=0	SEQ_003463|label=0
SEQ_003464|label=0	SEQ_003464|label=0
SEQ_003465|label=0	SEQ_003465|label=0
SEQ_003466|label=0	SEQ_003466|label=0
SEQ_003467|label=1	SEQ_003467|label=1
SEQ_003468|label=0	SEQ_003468|label=0
SEQ_003469|label=0	SEQ_003469|label=0
SEQ_003470|label=0	SEQ_003470|label=0
SEQ_003471|label=0	SEQ_003471|label=0
SEQ_003472|label=0	SEQ_003472|label=0
SEQ_003473|label=1	SEQ_003473|label=1
SEQ_003474|label=0	SEQ_003474|label=0
SEQ_003475|label=0	SEQ_003475|label=0
SEQ_003476|label=1	SEQ_003476|label=1
SEQ_003477|label=1	SEQ_003477|label=1
SEQ_003478|label=0	SEQ_003478|label=0
SEQ_003479|label=0	SEQ_003479|label=0
SEQ_003480|label=0	SEQ_003480|label=0
SEQ_003481|label=0	SEQ_003481|label=0
SEQ_003482|label=1	SEQ_003482|label=1
SEQ_003483|label=0	SEQ_003483|label=0
SEQ_003484|label=1	SEQ_003484|label=1
SEQ_003485|label=1	SEQ_003485|label=1
SEQ_003486|label=1	SEQ_003486|label=1
SEQ_003487|label=1	SEQ_003487|label=1
SEQ_003488|label=1	SEQ_003488|label=1
SEQ_003489|label=1	SEQ_003489|label=1
SEQ_003490|label=1	SEQ_003490|label=1
SEQ_003491|label=1	SEQ_003491|label=1
SEQ_003492|label=1	SEQ_003492|label=1
SEQ_003493|label=0	SEQ_003493|label=0
SEQ_003494|label=0	SEQ_003494|label=0
SEQ_003495|label=1	SEQ_003495|label=1
SEQ_003496|label=1	SEQ_003496|label=1
SEQ_003497|label=0	SEQ_003497|label=0
SEQ_003498|label=1	SEQ_003498|label=1
SEQ_003499|label=1	SEQ_003499|label=1
SEQ_003500|label=0	SEQ_003500|label=0
SEQ_004901|label=0	SEQ_004901|label=0
SEQ_004902|label=0	SEQ_004902|label=0
SEQ_004903|label=0	SEQ_004903|label=0
SEQ_004904|label=0	SEQ_004904|label=0
SEQ_004905|label=0	SEQ_004905|label=0
SEQ_004906|label=1	SEQ_004906|label=1
SEQ_004907|label=0	SEQ_004907|label=0
SEQ_004908|label=0	SEQ_004908|label=0
SEQ_004909|label=1	SEQ_004909|label=1
SEQ_004910|label=0	SEQ_004910|label=0
SEQ_004911|label=1	SEQ_004911|label=1
SEQ_004912|label=1	SEQ_004912|label=1
SEQ_004913|label=0	SEQ_004913|label=0
SEQ_004914|label=0	SEQ_004914|label=0
SEQ_004915|label=1	SEQ_004915|label=1
SEQ_004916|label=0	SEQ_004916|label=0
SEQ_004917|label=1	SEQ_004917|label=1
SEQ_004918|label=1	SEQ_004918|label=1
SEQ_004919|label=1	SEQ_004919|label=1
SEQ_004920|label=1	SEQ_004920|label=1
SEQ_004921|label=0	SEQ_004921|label=0
SEQ_004922|label=0	SEQ_004922|label=0
SEQ_004923|label=1	SEQ_004923|label=1
SEQ_004924|label=1	SEQ_004924|label=1
SEQ_004925|label=1	SEQ_004925|label=1
SEQ_004926|label=0	SEQ_004926|label=0
SEQ_004927|label=0	SEQ_004927|label=0
SEQ_004928|label=1	SEQ_004928|label=1
SEQ_004929|label=0	SEQ_004929|label=0
SEQ_004930|label=1	SEQ_004930|label=1
SEQ_004931|label=1	SEQ_004931|label=1
SEQ_004932|label=1	SEQ_004932|label=1
SEQ_004933|label=1	SEQ_004933|label=1
SEQ_004934|label=1	SEQ_004934|label=1
SEQ_004935|label=1	SEQ_004935|label=1
SEQ_004936|label=0	SEQ_004936|label=0
SEQ_004937|label=0	SEQ_004937|label=0
SEQ_004938|label=1	SEQ_004938|label=1
SEQ_004939|label=1	SEQ_004939|label=1
SEQ_004940|label=1	SEQ_004940|label=1
SEQ_004941|label=0	SEQ_004941|label=0
SEQ_004942|label=0	SEQ_004942|label=0
SEQ_004943|label=0	SEQ_004943|label=0
SEQ_004944|label=1	SEQ_004944|label=1
SEQ_004945|label=1	SEQ_004945|label=1
SEQ_004946|label=1	SEQ_004946|label=1
SEQ_004947|label=1	SEQ_004947|label=1
SEQ_004948|label=0	SEQ_004948|label=0
SEQ_004949|label=0	SEQ_004949|label=0
SEQ_004950|label=0	SEQ_004950|label=0
SEQ_004951|label=0	SEQ_004951|label=0
SEQ_004952|label=1	SEQ_004952|label=1
SEQ_004953|label=0	SEQ_004953|label=0
SEQ_004954|label=0	SEQ_004954|label=0
SEQ_004955|label=0	SEQ_004955|label=0
SEQ_004956|label=0	SEQ_004956|label=0
SEQ_004957|label=0	SEQ_004957|label=0
SEQ_004958|label=1	SEQ_004958|label=1
SEQ_004959|label=1	SEQ_004959|label=1
SEQ_004960|label=0	SEQ_004960|label=0
SEQ_004961|label=1	SEQ_004961|label=1
SEQ_004962|label=0	SEQ_004962|label=0
SEQ_004963|label=1	SEQ_004963|label=1
SEQ_004964|label=1	SEQ_004964|label=1
SEQ_004965|label=0	SEQ_004965|label=0
SEQ_004966|label=1	SEQ_004966|label=1
SEQ_004967|label=1	SEQ_004967|label=1
SEQ_004968|label=0	SEQ_004968|label=0
SEQ_004969|label=0	SEQ_004969|label=0
SEQ_004970|label=0	SEQ_004970|label=0
SEQ_004971|label=1	SEQ_004971|label=1
SEQ_004972|label=1	SEQ_004972|label=1
SEQ_004973|label=0	SEQ_004973|label=0
SEQ_004974|label=1	SEQ_004974|label=1
SEQ_004975|label=0	SEQ_004975|label=0
SEQ_004976|label=1	SEQ_004976|label=1
SEQ_004977|label=1	SEQ_004977|label=1
SEQ_004978|label=1	SEQ_004978|label=1
SEQ_004979|label=1	SEQ_004979|label=1
SEQ_004980|label=0	SEQ_004980|label=0
SEQ_004981|label=1	SEQ_004981|label=1
SEQ_004982|label=1	SEQ_004982|label=1
SEQ_004983|label=0	SEQ_004983|label=0
SEQ_004984|label=1	SEQ_004984|label=1
SEQ_004985|label=1	SEQ_004985|label=1
SEQ_004986|label=0	SEQ_004986|label=0
SEQ_004987|label=1	SEQ_004987|label=1
SEQ_004988|label=0	SEQ_004988|label=0
SEQ_004989|label=0	SEQ_004989|label=0
SEQ_004990|label=0	SEQ_004990|label=0
SEQ_004991|label=1	SEQ_004991|label=1
SEQ_004992|label=1	SEQ_004992|label=1
SEQ_004993|label=0	SEQ_004993|label=0
SEQ_004994|label=0	SEQ_004994|label=0
SEQ_004995|label=0	SEQ_004995|label=0
SEQ_004996|label=0	SEQ_004996|label=0
SEQ_004997|label=0	SEQ_004997|label=0
SEQ_004998|label=1	SEQ_004998|label=1
SEQ_004999|label=1	SEQ_004999|label=1
SEQ_005000|label=1	SEQ_005000|label=1
SEQ_005701|label=0	SEQ_005701|label=0
SEQ_005702|label=1	SEQ_005702|label=1
SEQ_005703|label=0	SEQ_005703|label=0
SEQ_005704|label=1	SEQ_005704|label=1
SEQ_005705|label=0	SEQ_005705|label=0
SEQ_005706|label=0	SEQ_005706|label=0
SEQ_005707|label=1	SEQ_005707|label=1
SEQ_005708|label=0	SEQ_005708|label=0
SEQ_005709|label=0	SEQ_005709|label=0
SEQ_005710|label=0	SEQ_005710|label=0
SEQ_005711|label=0	SEQ_005711|label=0
SEQ_005712|label=1	SEQ_005712|label=1
SEQ_005713|label=0	SEQ_005713|label=0
SEQ_005714|label=1	SEQ_005714|label=1
SEQ_005715|label=0	SEQ_005715|label=0
SEQ_005716|label=1	SEQ_005716|label=1
SEQ_005717|label=1	SEQ_005717|label=1
SEQ_005718|label=0	SEQ_005718|label=0
SEQ_005719|label=1	SEQ_005719|label=1
SEQ_005720|label=0	SEQ_005720|label=0
SEQ_005721|label=1	SEQ_005721|label=1
SEQ_005722|label=0	SEQ_005722|label=0
SEQ_005723|label=0	SEQ_005723|label=0
SEQ_005724|label=1	SEQ_005724|label=1
SEQ_005725|label=1	SEQ_005725|label=1
SEQ_005726|label=0	SEQ_005726|label=0
SEQ_005727|label=0	SEQ_005727|label=0
SEQ_005728|label=0	SEQ_005728|label=0
SEQ_005729|label=0	SEQ_005729|label=0
SEQ_005730|label=0	SEQ_005730|label=0
SEQ_005731|label=0	SEQ_005731|label=0
SEQ_005732|label=0	SEQ_005732|label=0
SEQ_005733|label=0	SEQ_005733|label=0
SEQ_005734|label=1	SEQ_005734|label=1
SEQ_005735|label=1	SEQ_005735|label=1
SEQ_005736|label=0	SEQ_005736|label=0
SEQ_005737|label=1	SEQ_005737|label=1
SEQ_005738|label=1	SEQ_005738|label=1
SEQ_005739|label=0	SEQ_005739|label=0
SEQ_005740|label=1	SEQ_005740|label=1
SEQ_005741|label=1	SEQ_005741|label=1
SEQ_005742|label=0	SEQ_005742|label=0
SEQ_005743|label=1	SEQ_005743|label=1
SEQ_005744|label=0	SEQ_005744|label=0
SEQ_005745|label=0	SEQ_005745|label=0
SEQ_005746|label=0	SEQ_005746|label=0
SEQ_005747|label=1	SEQ_005747|label=1
SEQ_005748|label=1	SEQ_005748|label=1
SEQ_005749|label=0	SEQ_005749|label=0
SEQ_005750|label=0	SEQ_005750|label=0
SEQ_005751|label=1	SEQ_005751|label=1
SEQ_005752|label=0	SEQ_005752|label=0
SEQ_005753|label=0	SEQ_005753|label=0
SEQ_005754|label=0	SEQ_005754|label=0
SEQ_005755|label=0	SEQ_005755|label=0
SEQ_005756|label=1	SEQ_005756|label=1
SEQ_005757|label=1	SEQ_005757|label=1
SEQ_005758|label=0	SEQ_005758|label=0
SEQ_005759|label=0	SEQ_005759|label=0
SEQ_005760|label=0	SEQ_005760|label=0
SEQ_005761|label=1	SEQ_005761|label=1
SEQ_005762|label=0	SEQ_005762|label=0
SEQ_005763|label=1	SEQ_005763|label=1
SEQ_005764|label=0	SEQ_005764|label=0
SEQ_005765|label=0	SEQ_005765|label=0
SEQ_005766|label=0	SEQ_005766|label=0
SEQ_005767|label=1	SEQ_005767|label=1
SEQ_005768|label=0	SEQ_005768|label=0
SEQ_005769|label=0	SEQ_005769|label=0
SEQ_005770|label=0	SEQ_005770|label=0
SEQ_005771|label=1	SEQ_005771|label=1
SEQ_005772|label=1	SEQ_005772|label=1
SEQ_005773|label=1	SEQ_005773|label=1
SEQ_005774|label=0	SEQ_005774|label=0
SEQ_005775|label=1	SEQ_005775|label=1
SEQ_005776|label=0	SEQ_005776|label=0
SEQ_005777|label=0	SEQ_005777|label=0
SEQ_005778|label=1	SEQ_005778|label=1
SEQ_005779|label=0	SEQ_005779|label=0
SEQ_005780|label=1	SEQ_005780|label=1
SEQ_005781|label=1	SEQ_005781|label=1
SEQ_005782|label=0	SEQ_005782|label=0
SEQ_005783|label=0	SEQ_005783|label=0
SEQ_005784|label=1	SEQ_005784|label=1
SEQ_005785|label=0	SEQ_005785|label=0
SEQ_005786|label=1	SEQ_005786|label=1
SEQ_005787|label=0	SEQ_005787|label=0
SEQ_005788|label=0	SEQ_005788|label=0
SEQ_005789|label=1	SEQ_005789|label=1
SEQ_005790|label=0	SEQ_005790|label=0
SEQ_005791|label=0	SEQ_005791|label=0
SEQ_005792|label=0	SEQ_005792|label=0
SEQ_005793|label=1	SEQ_005793|label=1
SEQ_005794|label=0	SEQ_005794|label=0
SEQ_005795|label=0	SEQ_005795|label=0
SEQ_005796|label=0	SEQ_005796|label=0
SEQ_005797|label=0	SEQ_005797|label=0
SEQ_005798|label=1	SEQ_005798|label=1
SEQ_005799|label=1	SEQ_005799|label=1
SEQ_005800|label=1	SEQ_005800|label=1
SEQ_006501|label=0	SEQ_006501|label=0
SEQ_006502|label=0	SEQ_006502|label=0
SEQ_006503|label=1	SEQ_006503|label=1
SEQ_006504|label=1	SEQ_006504|label=1
SEQ_006505|label=1	SEQ_006505|label=1
SEQ_006506|label=0	SEQ_006506|label=0
SEQ_006507|label=0	SEQ_006507|label=0
SEQ_006508|label=1	SEQ_006508|label=1
SEQ_006509|label=0	SEQ_006509|label=0
SEQ_006510|label=0	SEQ_006510|label=0
SEQ_006511|label=0	SEQ_006511|label=0
SEQ_006512|label=0	SEQ_006512|label=0
SEQ_006513|label=0	SEQ_006513|label=0
SEQ_006514|label=0	SEQ_006514|label=0
SEQ_006515|label=1	SEQ_006515|label=1
SEQ_006516|label=1	SEQ_006516|label=1
SEQ_006517|label=1	SEQ_006517|label=1
SEQ_006518|label=0	SEQ_006518|label=0
SEQ_006519|label=0	SEQ_006519|label=0
SEQ_006520|label=1	SEQ_006520|label=1
SEQ_006521|label=1	SEQ_006521|label=1
SEQ_006522|label=0	SEQ_006522|label=0
SEQ_006523|label=1	SEQ_006523|label=1
SEQ_006524|label=1	SEQ_006524|label=1
SEQ_006525|label=0	SEQ_006525|label=0
SEQ_006526|label=1	SEQ_006526|label=1
SEQ_006527|label=0	SEQ_006527|label=0
SEQ_006528|label=1	SEQ_006528|label=1
SEQ_006529|label=0	SEQ_006529|label=0
SEQ_006530|label=1	SEQ_006530|label=1
SEQ_006531|label=1	SEQ_006531|label=1
SEQ_006532|label=1	SEQ_006532|label=1
SEQ_006533|label=0	SEQ_006533|label=0
SEQ_006534|label=1	SEQ_006534|label=1
SEQ_006535|label=1	SEQ_006535|label=1
SEQ_006536|label=0	SEQ_006536|label=0
SEQ_006537|label=1	SEQ_006537|label=1
SEQ_006538|label=1	SEQ_006538|label=1
SEQ_006539|label=1	SEQ_006539|label=1
SEQ_006540|label=0	SEQ_006540|label=0
SEQ_006541|label=1	SEQ_006541|label=1
SEQ_006542|label=0	SEQ_006542|label=0
SEQ_006543|label=0	SEQ_006543|label=0
SEQ_006544|label=0	SEQ_006544|label=0
SEQ_006545|label=0	SEQ_006545|label=0
SEQ_006546|label=1	SEQ_006546|label=1
SEQ_006547|label=0	SEQ_006547|label=0
SEQ_006548|label=1	SEQ_006548|label=1
SEQ_006549|label=0	SEQ_006549|label=0
SEQ_006550|label=1	SEQ_006550|label=1
SEQ_006551|label=1	SEQ_006551|label=1
SEQ_006552|label=1	SEQ_006552|label=1
SEQ_006553|label=0	SEQ_006553|label=0
SEQ_006554|label=1	SEQ_006554|label=1
SEQ_006555|label=1	SEQ_006555|label=1
SEQ_006556|label=1	SEQ_006556|label=1
SEQ_006557|label=1	SEQ_006557|label=1
SEQ_006558|label=0	SEQ_006558|label=0
SEQ_006559|label=1	SEQ_006559|label=1
SEQ_006560|label=1	SEQ_006560|label=1
SEQ_006561|label=0	SEQ_006561|label=0
SEQ_006562|label=0	SEQ_006562|label=0
SEQ_006563|label=0	SEQ_006563|label=0
SEQ_006564|label=0	SEQ_006564|label=0
SEQ_006565|label=0	SEQ_006565|label=0
SEQ_006566|label=1	SEQ_006566|label=1
SEQ_006567|label=1	SEQ_006567|label=1
SEQ_006568|label=0	SEQ_006568|label=0
SEQ_006569|label=0	SEQ_006569|label=0
SEQ_006570|label=0	SEQ_006570|label=0
SEQ_006571|label=0	SEQ_006571|label=0
SEQ_006572|label=1	SEQ_006572|label=1
SEQ_006573|label=0	SEQ_006573|label=0
SEQ_006574|label=0	SEQ_006574|label=0
SEQ_006575|label=1	SEQ_006575|label=1
SEQ_006576|label=0	SEQ_006576|label=0
SEQ_006577|label=0	SEQ_006577|label=0
SEQ_006578|label=0	SEQ_006578|label=0
SEQ_006579|label=0	SEQ_006579|label=0
SEQ_006580|label=1	SEQ_006580|label=1
SEQ_006581|label=0	SEQ_006581|label=0
SEQ_006582|label=1	SEQ_006582|label=1
SEQ_006583|label=1	SEQ_006583|label=1
SEQ_006584|label=0	SEQ_006584|label=0
SEQ_006585|label=1	SEQ_006585|label=1
SEQ_006586|label=1	SEQ_006586|label=1
SEQ_006587|label=0	SEQ_006587|label=0
SEQ_006588|label=1	SEQ_006588|label=1
SEQ_006589|label=1	SEQ_006589|label=1
SEQ_006590|label=1	SEQ_006590|label=1
SEQ_006591|label=0	SEQ_006591|label=0
SEQ_006592|label=0	SEQ_006592|label=0
SEQ_006593|label=1	SEQ_006593|label=1
SEQ_006594|label=0	SEQ_006594|label=0
SEQ_006595|label=1	SEQ_006595|label=1
SEQ_006596|label=0	SEQ_006596|label=0
SEQ_006597|label=1	SEQ_006597|label=1
SEQ_006598|label=0	SEQ_006598|label=0
SEQ_006599|label=0	SEQ_006599|label=0
SEQ_006600|label=1	SEQ_006600|label=1
SEQ_007301|label=1	SEQ_007301|label=1
SEQ_007302|label=0	SEQ_007302|label=0
SEQ_007303|label=0	SEQ_007303|label=0
SEQ_007304|label=0	SEQ_007304|label=0
SEQ_007305|label=1	SEQ_007305|label=1
SEQ_007306|label=0	SEQ_007306|label=0
SEQ_007307|label=0	SEQ_007307|label=0
SEQ_007308|label=0	SEQ_007308|label=0
SEQ_007309|label=0	SEQ_007309|label=0
SEQ_007310|label=0	SEQ_007310|label=0
SEQ_007311|label=1	SEQ_007311|label=1
SEQ_007312|label=1	SEQ_007312|label=1
SEQ_007313|label=0	SEQ_007313|label=0
SEQ_007314|label=1	SEQ_007314|label=1
SEQ_007315|label=0	SEQ_007315|label=0
SEQ_007316|label=0	SEQ_007316|label=0
SEQ_007317|label=1	SEQ_007317|label=1
SEQ_007318|label=0	SEQ_007318|label=0
SEQ_007319|label=1	SEQ_007319|label=1
SEQ_007320|label=0	SEQ_007320|label=0
SEQ_007321|label=0	SEQ_007321|label=0
SEQ_007322|label=1	SEQ_007322|label=1
SEQ_007323|label=1	SEQ_007323|label=1
SEQ_007324|label=1	SEQ_007324|label=1
SEQ_007325|label=1	SEQ_007325|label=1
SEQ_007326|label=0	SEQ_007326|label=0
SEQ_007327|label=0	SEQ_007327|label=0
SEQ_007328|label=0	SEQ_007328|label=0
SEQ_007329|label=1	SEQ_007329|label=1
SEQ_007330|label=0	SEQ_007330|label=0
SEQ_007331|label=0	SEQ_007331|label=0
SEQ_007332|label=0	SEQ_007332|label=0
SEQ_007333|label=0	SEQ_007333|label=0
SEQ_007334|label=0	SEQ_007334|label=0
SEQ_007335|label=1	SEQ_007335|label=1
SEQ_007336|label=1	SEQ_007336|label=1
SEQ_007337|label=0	SEQ_007337|label=0
SEQ_007338|label=1	SEQ_007338|label=1
SEQ_007339|label=0	SEQ_007339|label=0
SEQ_007340|label=0	SEQ_007340|label=0
SEQ_007341|label=0	SEQ_007341|label=0
SEQ_007342|label=0	SEQ_007342|label=0
SEQ_007343|label=0	SEQ_007343|label=0
SEQ_007344|label=0	SEQ_007344|label=0
SEQ_007345|label=1	SEQ_007345|label=1
SEQ_007346|label=0	SEQ_007346|label=0
SEQ_007347|label=0	SEQ_007347|label=0
SEQ_007348|label=0	SEQ_007348|label=0
SEQ_007349|label=1	SEQ_007349|label=1
SEQ_007350|label=0	SEQ_007350|label=0
SEQ_007351|label=0	SEQ_007351|label=0
SEQ_007352|label=1	SEQ_007352|label=1
SEQ_007353|label=1	SEQ_007353|label=1
SEQ_007354|label=0	SEQ_007354|label=0
SEQ_007355|label=1	SEQ_007355|label=1
SEQ_007356|label=1	SEQ_007356|label=1
SEQ_007357|label=0	SEQ_007357|label=0
SEQ_007358|label=1	SEQ_007358|label=1
SEQ_007359|label=1	SEQ_007359|label=1
SEQ_007360|label=1	SEQ_007360|label=1
SEQ_007361|label=1	SEQ_007361|label=1
SEQ_007362|label=0	SEQ_007362|label=0
SEQ_008501|label=1	SEQ_008501|label=1
SEQ_008502|label=0	SEQ_008502|label=0
SEQ_008503|label=1	SEQ_008503|label=1
SEQ_008504|label=0	SEQ_008504|label=0
SEQ_008505|label=0	SEQ_008505|label=0
SEQ_008506|label=1	SEQ_008506|label=1
SEQ_008507|label=0	SEQ_008507|label=0
SEQ_008508|label=0	SEQ_008508|label=0
SEQ_008509|label=1	SEQ_008509|label=1
SEQ_008510|label=0	SEQ_008510|label=0
SEQ_008511|label=1	SEQ_008511|label=1
SEQ_008512|label=1	SEQ_008512|label=1
SEQ_008513|label=0	SEQ_008513|label=0
SEQ_008514|label=1	SEQ_008514|label=1
SEQ_008515|label=0	SEQ_008515|label=0
SEQ_008516|label=0	SEQ_008516|label=0
SEQ_008517|label=0	SEQ_008517|label=0
SEQ_008518|label=0	SEQ_008518|label=0
SEQ_008519|label=1	SEQ_008519|label=1
SEQ_008520|label=1	SEQ_008520|label=1
SEQ_008521|label=1	SEQ_008521|label=1
SEQ_008522|label=0	SEQ_008522|label=0
SEQ_008523|label=1	SEQ_008523|label=1
SEQ_008524|label=0	SEQ_008524|label=0
SEQ_008525|label=1	SEQ_008525|label=1
SEQ_008526|label=0	SEQ_008526|label=0
SEQ_008527|label=1	SEQ_008527|label=1
SEQ_008528|label=1	SEQ_008528|label=1
SEQ_008529|label=1	SEQ_008529|label=1
SEQ_008530|label=0	SEQ_008530|label=0
SEQ_008531|label=0	SEQ_008531|label=0
SEQ_008532|label=1	SEQ_008532|label=1
SEQ_008533|label=0	SEQ_008533|label=0
SEQ_008534|label=0	SEQ_008534|label=0
SEQ_008535|label=0	SEQ_008535|label=0
SEQ_008536|label=1	SEQ_008536|label=1
SEQ_008537|label=0	SEQ_008537|label=0
SEQ_008538|label=1	SEQ_008538|label=1
SEQ_008539|label=0	SEQ_008539|label=0
SEQ_008540|label=0	SEQ_008540|label=0
SEQ_008541|label=1	SEQ_008541|label=1
SEQ_008542|label=1	SEQ_008542|label=1
SEQ_008543|label=1	SEQ_008543|label=1
SEQ_008544|label=0	SEQ_008544|label=0
SEQ_008545|label=0	SEQ_008545|label=0
SEQ_008546|label=1	SEQ_008546|label=1
SEQ_008547|label=1	SEQ_008547|label=1
SEQ_008548|label=0	SEQ_008548|label=0
SEQ_008549|label=1	SEQ_008549|label=1
SEQ_008550|label=0	SEQ_008550|label=0
SEQ_008551|label=1	SEQ_008551|label=1
SEQ_008552|label=1	SEQ_008552|label=1
SEQ_008553|label=1	SEQ_008553|label=1
SEQ_008554|label=0	SEQ_008554|label=0
SEQ_008555|label=1	SEQ_008555|label=1
SEQ_008556|label=0	SEQ_008556|label=0
SEQ_008557|label=1	SEQ_008557|label=1
SEQ_008558|label=1	SEQ_008558|label=1
SEQ_008559|label=1	SEQ_008559|label=1
SEQ_008560|label=1	SEQ_008560|label=1
SEQ_008561|label=1	SEQ_008561|label=1
SEQ_008562|label=1	SEQ_008562|label=1
SEQ_008563|label=1	SEQ_008563|label=1
SEQ_008564|label=0	SEQ_008564|label=0
SEQ_008565|label=1	SEQ_008565|label=1
SEQ_008566|label=1	SEQ_008566|label=1
SEQ_008567|label=0	SEQ_008567|label=0
SEQ_008568|label=0	SEQ_008568|label=0
SEQ_008569|label=1	SEQ_008569|label=1
SEQ_008570|label=0	SEQ_008570|label=0
SEQ_008571|label=0	SEQ_008571|label=0
SEQ_008572|label=0	SEQ_008572|label=0
SEQ_008573|label=1	SEQ_008573|label=1
SEQ_008574|label=0	SEQ_008574|label=0
SEQ_008575|label=1	SEQ_008575|label=1
SEQ_008576|label=0	SEQ_008576|label=0
SEQ_008577|label=1	SEQ_008577|label=1
SEQ_008578|label=1	SEQ_008578|label=1
SEQ_008579|label=1	SEQ_008579|label=1
SEQ_008580|label=1	SEQ_008580|label=1
SEQ_008581|label=1	SEQ_008581|label=1
SEQ_008582|label=1	SEQ_008582|label=1
SEQ_008583|label=1	SEQ_008583|label=1
SEQ_008584|label=0	SEQ_008584|label=0
SEQ_008585|label=1	SEQ_008585|label=1
SEQ_008586|label=1	SEQ_008586|label=1
SEQ_008587|label=1	SEQ_008587|label=1
SEQ_008588|label=1	SEQ_008588|label=1
SEQ_008589|label=1	SEQ_008589|label=1
SEQ_008590|label=0	SEQ_008590|label=0
SEQ_008591|label=0	SEQ_008591|label=0
SEQ_008592|label=0	SEQ_008592|label=0
SEQ_008593|label=0	SEQ_008593|label=0
SEQ_008594|label=0	SEQ_008594|label=0
SEQ_008595|label=1	SEQ_008595|label=1
SEQ_008596|label=0	SEQ_008596|label=0
SEQ_008597|label=1	SEQ_008597|label=1
SEQ_008598|label=1	SEQ_008598|label=1
SEQ_008599|label=0	SEQ_008599|label=0
SEQ_008600|label=1	SEQ_008600|label=1
SEQ_009301|label=1	SEQ_009301|label=1
SEQ_009302|label=1	SEQ_009302|label=1
SEQ_009303|label=1	SEQ_009303|label=1
SEQ_009304|label=1	SEQ_009304|label=1
SEQ_009305|label=1	SEQ_009305|label=1
SEQ_009306|label=0	SEQ_009306|label=0
SEQ_009307|label=0	SEQ_009307|label=0
SEQ_009308|label=0	SEQ_009308|label=0
SEQ_009309|label=1	SEQ_009309|label=1
SEQ_009310|label=0	SEQ_009310|label=0
SEQ_009311|label=1	SEQ_009311|label=1
SEQ_009312|label=1	SEQ_009312|label=1
SEQ_009313|label=1	SEQ_009313|label=1
SEQ_009314|label=0	SEQ_009314|label=0
SEQ_009315|label=1	SEQ_009315|label=1
SEQ_009316|label=1	SEQ_009316|label=1
SEQ_009317|label=1	SEQ_009317|label=1
SEQ_009318|label=0	SEQ_009318|label=0
SEQ_009319|label=0	SEQ_009319|label=0
SEQ_009320|label=0	SEQ_009320|label=0
SEQ_009321|label=1	SEQ_009321|label=1
SEQ_009322|label=1	SEQ_009322|label=1
SEQ_009323|label=0	SEQ_009323|label=0
SEQ_009324|label=1	SEQ_009324|label=1
SEQ_009325|label=1	SEQ_009325|label=1
SEQ_009326|label=0	SEQ_009326|label=0
SEQ_009327|label=1	SEQ_009327|label=1
SEQ_009328|label=0	SEQ_009328|label=0
SEQ_009329|label=0	SEQ_009329|label=0
SEQ_009330|label=0	SEQ_009330|label=0
SEQ_009331|label=1	SEQ_009331|label=1
SEQ_009332|label=0	SEQ_009332|label=0
SEQ_009333|label=1	SEQ_009333|label=1
SEQ_009334|label=0	SEQ_009334|label=0
SEQ_009335|label=1	SEQ_009335|label=1
SEQ_009336|label=1	SEQ_009336|label=1
SEQ_009337|label=1	SEQ_009337|label=1
SEQ_009338|label=0	SEQ_009338|label=0
SEQ_009339|label=1	SEQ_009339|label=1
SEQ_009340|label=0	SEQ_009340|label=0
SEQ_009341|label=1	SEQ_009341|label=1
SEQ_009342|label=1	SEQ_009342|label=1
SEQ_009343|label=0	SEQ_009343|label=0
SEQ_009344|label=0	SEQ_009344|label=0
SEQ_009345|label=0	SEQ_009345|label=0
SEQ_009346|label=1	SEQ_009346|label=1
SEQ_009347|label=0	SEQ_009347|label=0
SEQ_009348|label=1	SEQ_009348|label=1
SEQ_009349|label=0	SEQ_009349|label=0
SEQ_009350|label=1	SEQ_009350|label=1
SEQ_009351|label=1	SEQ_009351|label=1
SEQ_009352|label=0	SEQ_009352|label=0
SEQ_009353|label=0	SEQ_009353|label=0
SEQ_009354|label=0	SEQ_009354|label=0
SEQ_009355|label=1	SEQ_009355|label=1
SEQ_009356|label=1	SEQ_009356|label=1
SEQ_009357|label=1	SEQ_009357|label=1
SEQ_009358|label=1	SEQ_009358|label=1
SEQ_009359|label=0	SEQ_009359|label=0
SEQ_009360|label=0	SEQ_009360|label=0
SEQ_009361|label=1	SEQ_009361|label=1
SEQ_009362|label=1	SEQ_009362|label=1
SEQ_009363|label=0	SEQ_009363|label=0
SEQ_009364|label=1	SEQ_009364|label=1
SEQ_009365|label=1	SEQ_009365|label=1
SEQ_009366|label=0	SEQ_009366|label=0
SEQ_009367|label=1	SEQ_009367|label=1
SEQ_009368|label=0	SEQ_009368|label=0
SEQ_009369|label=0	SEQ_009369|label=0
SEQ_009370|label=1	SEQ_009370|label=1
SEQ_009371|label=0	SEQ_009371|label=0
SEQ_009372|label=1	SEQ_009372|label=1
SEQ_009373|label=1	SEQ_009373|label=1
SEQ_009374|label=0	SEQ_009374|label=0
SEQ_009375|label=1	SEQ_009375|label=1
SEQ_009376|label=1	SEQ_009376|label=1
SEQ_009377|label=0	SEQ_009377|label=0
SEQ_009378|label=0	SEQ_009378|label=0
SEQ_009379|label=1	SEQ_009379|label=1
SEQ_009380|label=0	SEQ_009380|label=0
SEQ_009381|label=0	SEQ_009381|label=0
SEQ_009382|label=0	SEQ_009382|label=0
SEQ_009383|label=1	SEQ_009383|label=1
SEQ_009384|label=0	SEQ_009384|label=0
SEQ_009385|label=0	SEQ_009385|label=0
SEQ_009386|label=0	SEQ_009386|label=0
SEQ_009387|label=1	SEQ_009387|label=1
SEQ_009388|label=0	SEQ_009388|label=0
SEQ_009389|label=1	SEQ_009389|label=1
SEQ_009390|label=0	SEQ_009390|label=0
SEQ_009391|label=1	SEQ_009391|label=1
SEQ_009392|label=0	SEQ_009392|label=0
SEQ_009393|label=1	SEQ_009393|label=1
SEQ_009394|label=0	SEQ_009394|label=0
SEQ_009395|label=0	SEQ_009395|label=0
SEQ_009396|label=0	SEQ_009396|label=0
SEQ_009397|label=0	SEQ_009397|label=0
SEQ_009398|label=1	SEQ_009398|label=1
SEQ_009399|label=0	SEQ_009399|label=0
SEQ_009400|label=1	SEQ_009400|label=1
SEQ_010101|label=0	SEQ_010101|label=0
SEQ_010102|label=1	SEQ_010102|label=1
SEQ_010103|label=0	SEQ_010103|label=0
SEQ_010104|label=1	SEQ_010104|label=1
SEQ_010105|label=1	SEQ_010105|label=1
SEQ_010106|label=1	SEQ_010106|label=1
SEQ_010107|label=0	SEQ_010107|label=0
SEQ_010108|label=1	SEQ_010108|label=1
SEQ_010109|label=1	SEQ_010109|label=1
SEQ_010110|label=1	SEQ_010110|label=1
SEQ_010111|label=1	SEQ_010111|label=1
SEQ_010112|label=1	SEQ_010112|label=1
SEQ_010113|label=0	SEQ_010113|label=0
SEQ_010114|label=0	SEQ_010114|label=0
SEQ_010115|label=0	SEQ_010115|label=0
SEQ_010116|label=1	SEQ_010116|label=1
SEQ_010117|label=0	SEQ_010117|label=0
SEQ_010118|label=1	SEQ_010118|label=1
SEQ_010119|label=0	SEQ_010119|label=0
SEQ_010120|label=1	SEQ_010120|label=1
SEQ_010121|label=1	SEQ_010121|label=1
SEQ_010122|label=0	SEQ_010122|label=0
SEQ_010123|label=1	SEQ_010123|label=1
SEQ_010124|label=0	SEQ_010124|label=0
SEQ_010125|label=0	SEQ_010125|label=0
SEQ_010126|label=0	SEQ_010126|label=0
SEQ_010127|label=1	SEQ_010127|label=1
SEQ_010128|label=1	SEQ_010128|label=1
SEQ_010129|label=1	SEQ_010129|label=1
SEQ_010130|label=0	SEQ_010130|label=0
SEQ_010131|label=0	SEQ_010131|label=0
SEQ_010132|label=1	SEQ_010132|label=1
SEQ_010133|label=0	SEQ_010133|label=0
SEQ_010134|label=0	SEQ_010134|label=0
SEQ_010135|label=0	SEQ_010135|label=0
SEQ_010136|label=0	SEQ_010136|label=0
SEQ_010137|label=1	SEQ_010137|label=1
SEQ_010138|label=0	SEQ_010138|label=0
SEQ_010139|label=0	SEQ_010139|label=0
SEQ_010140|label=1	SEQ_010140|label=1
SEQ_010141|label=1	SEQ_010141|label=1
SEQ_010142|label=1	SEQ_010142|label=1
SEQ_010143|label=0	SEQ_010143|label=0
SEQ_010144|label=1	SEQ_010144|label=1
SEQ_010145|label=1	SEQ_010145|label=1
SEQ_010146|label=1	SEQ_010146|label=1
SEQ_010147|label=1	SEQ_010147|label=1
SEQ_010148|label=1	SEQ_010148|label=1
SEQ_010149|label=0	SEQ_010149|label=0
SEQ_010150|label=1	SEQ_010150|label=1
SEQ_010151|label=1	SEQ_010151|label=1
SEQ_010152|label=1	SEQ_010152|label=1
SEQ_010153|label=1	SEQ_010153|label=1
SEQ_010154|label=1	SEQ_010154|label=1
SEQ_010155|label=0	SEQ_010155|label=0
SEQ_010156|label=1	SEQ_010156|label=1
SEQ_010157|label=1	SEQ_010157|label=1
SEQ_010158|label=0	SEQ_010158|label=0
SEQ_010159|label=1	SEQ_010159|label=1
SEQ_010160|label=1	SEQ_010160|label=1
SEQ_010161|label=1	SEQ_010161|label=1
SEQ_010162|label=0	SEQ_010162|label=0
SEQ_010163|label=1	SEQ_010163|label=1
SEQ_010164|label=1	SEQ_010164|label=1
SEQ_010165|label=0	SEQ_010165|label=0
SEQ_010166|label=0	SEQ_010166|label=0
SEQ_010167|label=0	SEQ_010167|label=0
SEQ_010168|label=0	SEQ_010168|label=0
SEQ_010169|label=1	SEQ_010169|label=1
SEQ_010170|label=1	SEQ_010170|label=1
SEQ_010171|label=1	SEQ_010171|label=1
SEQ_010172|label=0	SEQ_010172|label=0
SEQ_010173|label=0	SEQ_010173|label=0
SEQ_010174|label=0	SEQ_010174|label=0
SEQ_010175|label=1	SEQ_010175|label=1
SEQ_010176|label=1	SEQ_010176|label=1
SEQ_010177|label=0	SEQ_010177|label=0
SEQ_010178|label=1	SEQ_010178|label=1
SEQ_010179|label=0	SEQ_010179|label=0
SEQ_010180|label=0	SEQ_010180|label=0
SEQ_010181|label=0	SEQ_010181|label=0
SEQ_010182|label=1	SEQ_010182|label=1
SEQ_010183|label=0	SEQ_010183|label=0
SEQ_010184|label=1	SEQ_010184|label=1
SEQ_010185|label=0	SEQ_010185|label=0
SEQ_010186|label=0	SEQ_010186|label=0
SEQ_010187|label=1	SEQ_010187|label=1
SEQ_010188|label=1	SEQ_010188|label=1
SEQ_010189|label=1	SEQ_010189|label=1
SEQ_010190|label=1	SEQ_010190|label=1
SEQ_010191|label=0	SEQ_010191|label=0
SEQ_010192|label=1	SEQ_010192|label=1
SEQ_010193|label=1	SEQ_010193|label=1
SEQ_010194|label=0	SEQ_010194|label=0
SEQ_010195|label=1	SEQ_010195|label=1
SEQ_010196|label=1	SEQ_010196|label=1
SEQ_010197|label=1	SEQ_010197|label=1
SEQ_010198|label=0	SEQ_010198|label=0
SEQ_010199|label=1	SEQ_010199|label=1
SEQ_010200|label=0	SEQ_010200|label=0
SEQ_010701|label=0	SEQ_010701|label=0
SEQ_010702|label=0	SEQ_010702|label=0
SEQ_010703|label=1	SEQ_010703|label=1
SEQ_010704|label=1	SEQ_010704|label=1
SEQ_010705|label=0	SEQ_010705|label=0
SEQ_010706|label=1	SEQ_010706|label=1
SEQ_010707|label=1	SEQ_010707|label=1
SEQ_010708|label=1	SEQ_010708|label=1
SEQ_010709|label=1	SEQ_010709|label=1
SEQ_010710|label=0	SEQ_010710|label=0
SEQ_010711|label=0	SEQ_010711|label=0
SEQ_010712|label=0	SEQ_010712|label=0
SEQ_010713|label=0	SEQ_010713|label=0
SEQ_010714|label=1	SEQ_010714|label=1
SEQ_010715|label=0	SEQ_010715|label=0
SEQ_010716|label=0	SEQ_010716|label=0
SEQ_010717|label=0	SEQ_010717|label=0
SEQ_010718|label=1	SEQ_010718|label=1
SEQ_010719|label=0	SEQ_010719|label=0
SEQ_010720|label=0	SEQ_010720|label=0
SEQ_010721|label=1	SEQ_010721|label=1
SEQ_010722|label=1	SEQ_010722|label=1
SEQ_010723|label=0	SEQ_010723|label=0
SEQ_010724|label=0	SEQ_010724|label=0
SEQ_010725|label=1	SEQ_010725|label=1
SEQ_010726|label=1	SEQ_010726|label=1
SEQ_010727|label=0	SEQ_010727|label=0
SEQ_010728|label=0	SEQ_010728|label=0
SEQ_010729|label=1	SEQ_010729|label=1
SEQ_010730|label=0	SEQ_010730|label=0
SEQ_010731|label=0	SEQ_010731|label=0
SEQ_010732|label=1	SEQ_010732|label=1
SEQ_010733|label=0	SEQ_010733|label=0
SEQ_010734|label=1	SEQ_010734|label=1
SEQ_010735|label=0	SEQ_010735|label=0
SEQ_010736|label=1	SEQ_010736|label=1
SEQ_010737|label=0	SEQ_010737|label=0
SEQ_010738|label=1	SEQ_010738|label=1
SEQ_010739|label=1	SEQ_010739|label=1
SEQ_010740|label=1	SEQ_010740|label=1
SEQ_010741|label=1	SEQ_010741|label=1
SEQ_010742|label=0	SEQ_010742|label=0
SEQ_010743|label=0	SEQ_010743|label=0
SEQ_010744|label=0	SEQ_010744|label=0
SEQ_010745|label=1	SEQ_010745|label=1
SEQ_010746|label=1	SEQ_010746|label=1
SEQ_010747|label=0	SEQ_010747|label=0
SEQ_010748|label=0	SEQ_010748|label=0
SEQ_010749|label=1	SEQ_010749|label=1
SEQ_010750|label=1	SEQ_010750|label=1
SEQ_010751|label=1	SEQ_010751|label=1
SEQ_010752|label=1	SEQ_010752|label=1
SEQ_010753|label=1	SEQ_010753|label=1
SEQ_010754|label=0	SEQ_010754|label=0
SEQ_010755|label=1	SEQ_010755|label=1
SEQ_010756|label=0	SEQ_010756|label=0
SEQ_010757|label=1	SEQ_010757|label=1
SEQ_010758|label=1	SEQ_010758|label=1
SEQ_010759|label=1	SEQ_010759|label=1
SEQ_010760|label=0	SEQ_010760|label=0
SEQ_010761|label=1	SEQ_010761|label=1
SEQ_010762|label=0	SEQ_010762|label=0
SEQ_010763|label=1	SEQ_010763|label=1
SEQ_010764|label=1	SEQ_010764|label=1
SEQ_010765|label=0	SEQ_010765|label=0
SEQ_010766|label=1	SEQ_010766|label=1
SEQ_010767|label=1	SEQ_010767|label=1
SEQ_010768|label=0	SEQ_010768|label=0
SEQ_010769|label=0	SEQ_010769|label=0
SEQ_010770|label=1	SEQ_010770|label=1
SEQ_010771|label=0	SEQ_010771|label=0
SEQ_010772|label=1	SEQ_010772|label=1
SEQ_010773|label=1	SEQ_010773|label=1
SEQ_010774|label=1	SEQ_010774|label=1
SEQ_010775|label=0	SEQ_010775|label=0
SEQ_010776|label=0	SEQ_010776|label=0
SEQ_010777|label=1	SEQ_010777|label=1
SEQ_010778|label=1	SEQ_010778|label=1
SEQ_010779|label=0	SEQ_010779|label=0
SEQ_010780|label=1	SEQ_010780|label=1
SEQ_010781|label=1	SEQ_010781|label=1
SEQ_010782|label=0	SEQ_010782|label=0
SEQ_010783|label=1	SEQ_010783|label=1
SEQ_010784|label=0	SEQ_010784|label=0
SEQ_010785|label=0	SEQ_010785|label=0
SEQ_010786|label=1	SEQ_010786|label=1
SEQ_010787|label=0	SEQ_010787|label=0
SEQ_010788|label=0	SEQ_010788|label=0
SEQ_010789|label=0	SEQ_010789|label=0
SEQ_010790|label=0	SEQ_010790|label=0
SEQ_010791|label=1	SEQ_010791|label=1
SEQ_010792|label=0	SEQ_010792|label=0
SEQ_010793|label=1	SEQ_010793|label=1
SEQ_010794|label=1	SEQ_010794|label=1
SEQ_010795|label=1	SEQ_010795|label=1
SEQ_010796|label=0	SEQ_010796|label=0
SEQ_010797|label=0	SEQ_010797|label=0
SEQ_010798|label=1	SEQ_010798|label=1
SEQ_010799|label=1	SEQ_010799|label=1
SEQ_010800|label=0	SEQ_010800|label=0
SEQ_000101|label=1	SEQ_000101|label=1
SEQ_000102|label=0	SEQ_000102|label=0
SEQ_000103|label=0	SEQ_000103|label=0
SEQ_000104|label=1	SEQ_000104|label=1
SEQ_000105|label=1	SEQ_000105|label=1
SEQ_000106|label=1	SEQ_000106|label=1
SEQ_000107|label=1	SEQ_000107|label=1
SEQ_000108|label=0	SEQ_000108|label=0
SEQ_000109|label=0	SEQ_000109|label=0
SEQ_000110|label=0	SEQ_000110|label=0
SEQ_000111|label=0	SEQ_000111|label=0
SEQ_000112|label=1	SEQ_000112|label=1
SEQ_000113|label=0	SEQ_000113|label=0
SEQ_000114|label=0	SEQ_000114|label=0
SEQ_000115|label=1	SEQ_000115|label=1
SEQ_000116|label=1	SEQ_000116|label=1
SEQ_000117|label=0	SEQ_000117|label=0
SEQ_000118|label=1	SEQ_000118|label=1
SEQ_000119|label=0	SEQ_000119|label=0
SEQ_000120|label=1	SEQ_000120|label=1
SEQ_000121|label=1	SEQ_000121|label=1
SEQ_000122|label=0	SEQ_000122|label=0
SEQ_000123|label=0	SEQ_000123|label=0
SEQ_000124|label=0	SEQ_000124|label=0
SEQ_000125|label=1	SEQ_000125|label=1
SEQ_000126|label=1	SEQ_000126|label=1
SEQ_000127|label=1	SEQ_000127|label=1
SEQ_000128|label=0	SEQ_000128|label=0
SEQ_000129|label=0	SEQ_000129|label=0
SEQ_000130|label=0	SEQ_000130|label=0
SEQ_000131|label=0	SEQ_000131|label=0
SEQ_000132|label=1	SEQ_000132|label=1
SEQ_000133|label=1	SEQ_000133|label=1
SEQ_000134|label=0	SEQ_000134|label=0
SEQ_000135|label=1	SEQ_000135|label=1
SEQ_000136|label=0	SEQ_000136|label=0
SEQ_000137|label=0	SEQ_000137|label=0
SEQ_000138|label=0	SEQ_000138|label=0
SEQ_000139|label=0	SEQ_000139|label=0
SEQ_000140|label=0	SEQ_000140|label=0
SEQ_000141|label=1	SEQ_000141|label=1
SEQ_000142|label=1	SEQ_000142|label=1
SEQ_000143|label=1	SEQ_000143|label=1
SEQ_000144|label=1	SEQ_000144|label=1
SEQ_000145|label=0	SEQ_000145|label=0
SEQ_000146|label=1	SEQ_000146|label=1
SEQ_000147|label=0	SEQ_000147|label=0
SEQ_000148|label=1	SEQ_000148|label=1
SEQ_000149|label=1	SEQ_000149|label=1
SEQ_000150|label=0	SEQ_000150|label=0
SEQ_000151|label=0	SEQ_000151|label=0
SEQ_000152|label=1	SEQ_000152|label=1
SEQ_000153|label=1	SEQ_000153|label=1
SEQ_000154|label=0	SEQ_000154|label=0
SEQ_000155|label=1	SEQ_000155|label=1
SEQ_000156|label=1	SEQ_000156|label=1
SEQ_000157|label=1	SEQ_000157|label=1
SEQ_000158|label=1	SEQ_000158|label=1
SEQ_000159|label=0	SEQ_000159|label=0
SEQ_000160|label=1	SEQ_000160|label=1
SEQ_000161|label=0	SEQ_000161|label=0
SEQ_000162|label=0	SEQ_000162|label=0
SEQ_000163|label=1	SEQ_000163|label=1
SEQ_000164|label=1	SEQ_000164|label=1
SEQ_000165|label=1	SEQ_000165|label=1
SEQ_000166|label=0	SEQ_000166|label=0
SEQ_000167|label=0	SEQ_000167|label=0
SEQ_000168|label=0	SEQ_000168|label=0
SEQ_000169|label=0	SEQ_000169|label=0
SEQ_000170|label=0	SEQ_000170|label=0
SEQ_000171|label=0	SEQ_000171|label=0
SEQ_000172|label=0	SEQ_000172|label=0
SEQ_000173|label=0	SEQ_000173|label=0
SEQ_000174|label=0	SEQ_000174|label=0
SEQ_000175|label=1	SEQ_000175|label=1
SEQ_000176|label=0	SEQ_000176|label=0
SEQ_000177|label=0	SEQ_000177|label=0
SEQ_000178|label=1	SEQ_000178|label=1
SEQ_000179|label=1	SEQ_000179|label=1
SEQ_000180|label=1	SEQ_000180|label=1
SEQ_000181|label=0	SEQ_000181|label=0
SEQ_000182|label=0	SEQ_000182|label=0
SEQ_000183|label=1	SEQ_000183|label=1
SEQ_000184|label=1	SEQ_000184|label=1
SEQ_000185|label=0	SEQ_000185|label=0
SEQ_000186|label=0	SEQ_000186|label=0
SEQ_000187|label=0	SEQ_000187|label=0
SEQ_000188|label=1	SEQ_000188|label=1
SEQ_000189|label=1	SEQ_000189|label=1
SEQ_000190|label=0	SEQ_000190|label=0
SEQ_000191|label=1	SEQ_000191|label=1
SEQ_000192|label=1	SEQ_000192|label=1
SEQ_000193|label=1	SEQ_000193|label=1
SEQ_000194|label=1	SEQ_000194|label=1
SEQ_000195|label=1	SEQ_000195|label=1
SEQ_000196|label=0	SEQ_000196|label=0
SEQ_000197|label=1	SEQ_000197|label=1
SEQ_000198|label=1	SEQ_000198|label=1
SEQ_000199|label=1	SEQ_000199|label=1
SEQ_000200|label=1	SEQ_000200|label=1
SEQ_000401|label=1	SEQ_000401|label=1
SEQ_000402|label=1	SEQ_000402|label=1
SEQ_000403|label=0	SEQ_000403|label=0
SEQ_000404|label=0	SEQ_000404|label=0
SEQ_000405|label=0	SEQ_000405|label=0
SEQ_000406|label=0	SEQ_000406|label=0
SEQ_000407|label=0	SEQ_000407|label=0
SEQ_000408|label=1	SEQ_000408|label=1
SEQ_000409|label=0	SEQ_000409|label=0
SEQ_000410|label=1	SEQ_000410|label=1
SEQ_000411|label=1	SEQ_000411|label=1
SEQ_000412|label=0	SEQ_000412|label=0
SEQ_000413|label=0	SEQ_000413|label=0
SEQ_000414|label=0	SEQ_000414|label=0
SEQ_000415|label=1	SEQ_000415|label=1
SEQ_000416|label=0	SEQ_000416|label=0
SEQ_000417|label=0	SEQ_000417|label=0
SEQ_000418|label=1	SEQ_000418|label=1
SEQ_000419|label=0	SEQ_000419|label=0
SEQ_000420|label=0	SEQ_000420|label=0
SEQ_000421|label=0	SEQ_000421|label=0
SEQ_000422|label=0	SEQ_000422|label=0
SEQ_000423|label=1	SEQ_000423|label=1
SEQ_000424|label=1	SEQ_000424|label=1
SEQ_000425|label=1	SEQ_000425|label=1
SEQ_000426|label=0	SEQ_000426|label=0
SEQ_000427|label=1	SEQ_000427|label=1
SEQ_000428|label=0	SEQ_000428|label=0
SEQ_000429|label=1	SEQ_000429|label=1
SEQ_000430|label=0	SEQ_000430|label=0
SEQ_000431|label=1	SEQ_000431|label=1
SEQ_000432|label=1	SEQ_000432|label=1
SEQ_000433|label=1	SEQ_000433|label=1
SEQ_000434|label=1	SEQ_000434|label=1
SEQ_000435|label=1	SEQ_000435|label=1
SEQ_000436|label=1	SEQ_000436|label=1
SEQ_000437|label=0	SEQ_000437|label=0
SEQ_000438|label=0	SEQ_000438|label=0
SEQ_000439|label=0	SEQ_000439|label=0
SEQ_000440|label=0	SEQ_000440|label=0
SEQ_000441|label=1	SEQ_000441|label=1
SEQ_000442|label=0	SEQ_000442|label=0
SEQ_000443|label=0	SEQ_000443|label=0
SEQ_000444|label=0	SEQ_000444|label=0
SEQ_000445|label=0	SEQ_000445|label=0
SEQ_000446|label=0	SEQ_000446|label=0
SEQ_000447|label=0	SEQ_000447|label=0
SEQ_000448|label=0	SEQ_000448|label=0
SEQ_000449|label=1	SEQ_000449|label=1
SEQ_000450|label=1	SEQ_000450|label=1
SEQ_000451|label=1	SEQ_000451|label=1
SEQ_000452|label=0	SEQ_000452|label=0
SEQ_000453|label=1	SEQ_000453|label=1
SEQ_000454|label=0	SEQ_000454|label=0
SEQ_000455|label=1	SEQ_000455|label=1
SEQ_000456|label=1	SEQ_000456|label=1
SEQ_000457|label=1	SEQ_000457|label=1
SEQ_000458|label=1	SEQ_000458|label=1
SEQ_000459|label=1	SEQ_000459|label=1
SEQ_000460|label=1	SEQ_000460|label=1
SEQ_000461|label=0	SEQ_000461|label=0
SEQ_000462|label=0	SEQ_000462|label=0
SEQ_000463|label=1	SEQ_000463|label=1
SEQ_000464|label=0	SEQ_000464|label=0
SEQ_000465|label=1	SEQ_000465|label=1
SEQ_000466|label=1	SEQ_000466|label=1
SEQ_000467|label=1	SEQ_000467|label=1
SEQ_000468|label=0	SEQ_000468|label=0
SEQ_000469|label=0	SEQ_000469|label=0
SEQ_000470|label=1	SEQ_000470|label=1
SEQ_000471|label=1	SEQ_000471|label=1
SEQ_000472|label=0	SEQ_000472|label=0
SEQ_000473|label=0	SEQ_000473|label=0
SEQ_000474|label=0	SEQ_000474|label=0
SEQ_000475|label=0	SEQ_000475|label=0
SEQ_000476|label=1	SEQ_000476|label=1
SEQ_000477|label=0	SEQ_000477|label=0
SEQ_000478|label=1	SEQ_000478|label=1
SEQ_000479|label=1	SEQ_000479|label=1
SEQ_000480|label=0	SEQ_000480|label=0
SEQ_000481|label=1	SEQ_000481|label=1
SEQ_000482|label=1	SEQ_000482|label=1
SEQ_000483|label=0	SEQ_000483|label=0
SEQ_000484|label=0	SEQ_000484|label=0
SEQ_000485|label=1	SEQ_000485|label=1
SEQ_000486|label=0	SEQ_000486|label=0
SEQ_000487|label=0	SEQ_000487|label=0
SEQ_000488|label=0	SEQ_000488|label=0
SEQ_000489|label=1	SEQ_000489|label=1
SEQ_000490|label=1	SEQ_000490|label=1
SEQ_000491|label=1	SEQ_000491|label=1
SEQ_000492|label=0	SEQ_000492|label=0
SEQ_000493|label=0	SEQ_000493|label=0
SEQ_000494|label=1	SEQ_000494|label=1
SEQ_000495|label=1	SEQ_000495|label=1
SEQ_000496|label=1	SEQ_000496|label=1
SEQ_000497|label=1	SEQ_000497|label=1
SEQ_000498|label=0	SEQ_000498|label=0
SEQ_000499|label=1	SEQ_000499|label=1
SEQ_000500|label=0	SEQ_000500|label=0
SEQ_000701|label=0	SEQ_000701|label=0
SEQ_000702|label=1	SEQ_000702|label=1
SEQ_000703|label=1	SEQ_000703|label=1
SEQ_000704|label=1	SEQ_000704|label=1
SEQ_000705|label=0	SEQ_000705|label=0
SEQ_000706|label=0	SEQ_000706|label=0
SEQ_000707|label=0	SEQ_000707|label=0
SEQ_000708|label=0	SEQ_000708|label=0
SEQ_000709|label=0	SEQ_000709|label=0
SEQ_000710|label=0	SEQ_000710|label=0
SEQ_000711|label=1	SEQ_000711|label=1
SEQ_000712|label=0	SEQ_000712|label=0
SEQ_000713|label=0	SEQ_000713|label=0
SEQ_000714|label=1	SEQ_000714|label=1
SEQ_000715|label=0	SEQ_000715|label=0
SEQ_000716|label=1	SEQ_000716|label=1
SEQ_000717|label=1	SEQ_000717|label=1
SEQ_000718|label=0	SEQ_000718|label=0
SEQ_000719|label=0	SEQ_000719|label=0
SEQ_000720|label=0	SEQ_000720|label=0
SEQ_000721|label=1	SEQ_000721|label=1
SEQ_000722|label=1	SEQ_000722|label=1
SEQ_000723|label=0	SEQ_000723|label=0
SEQ_000724|label=1	SEQ_000724|label=1
SEQ_000725|label=1	SEQ_000725|label=1
SEQ_000726|label=0	SEQ_000726|label=0
SEQ_000727|label=1	SEQ_000727|label=1
SEQ_000728|label=0	SEQ_000728|label=0
SEQ_000729|label=0	SEQ_000729|label=0
SEQ_000730|label=0	SEQ_000730|label=0
SEQ_000731|label=0	SEQ_000731|label=0
SEQ_000732|label=0	SEQ_000732|label=0
SEQ_000733|label=1	SEQ_000733|label=1
SEQ_000734|label=1	SEQ_000734|label=1
SEQ_000735|label=1	SEQ_000735|label=1
SEQ_000736|label=1	SEQ_000736|label=1
SEQ_000737|label=0	SEQ_000737|label=0
SEQ_000738|label=0	SEQ_000738|label=0
SEQ_000739|label=1	SEQ_000739|label=1
SEQ_000740|label=0	SEQ_000740|label=0
SEQ_000741|label=0	SEQ_000741|label=0
SEQ_000742|label=0	SEQ_000742|label=0
SEQ_000743|label=1	SEQ_000743|label=1
SEQ_000744|label=1	SEQ_000744|label=1
SEQ_000745|label=1	SEQ_000745|label=1
SEQ_000746|label=0	SEQ_000746|label=0
SEQ_000747|label=1	SEQ_000747|label=1
SEQ_000748|label=1	SEQ_000748|label=1
SEQ_000749|label=1	SEQ_000749|label=1
SEQ_000750|label=1	SEQ_000750|label=1
SEQ_000751|label=1	SEQ_000751|label=1
SEQ_000752|label=1	SEQ_000752|label=1
SEQ_000753|label=1	SEQ_000753|label=1
SEQ_000754|label=0	SEQ_000754|label=0
SEQ_000755|label=0	SEQ_000755|label=0
SEQ_000756|label=1	SEQ_000756|label=1
SEQ_000757|label=0	SEQ_000757|label=0
SEQ_000758|label=0	SEQ_000758|label=0
SEQ_000759|label=0	SEQ_000759|label=0
SEQ_000760|label=0	SEQ_000760|label=0
SEQ_000761|label=1	SEQ_000761|label=1
SEQ_000762|label=1	SEQ_000762|label=1
SEQ_000763|label=0	SEQ_000763|label=0
SEQ_000764|label=1	SEQ_000764|label=1
SEQ_000765|label=1	SEQ_000765|label=1
SEQ_000766|label=0	SEQ_000766|label=0
SEQ_000767|label=0	SEQ_000767|label=0
SEQ_000768|label=1	SEQ_000768|label=1
SEQ_000769|label=1	SEQ_000769|label=1
SEQ_000770|label=1	SEQ_000770|label=1
SEQ_000771|label=0	SEQ_000771|label=0
SEQ_000772|label=1	SEQ_000772|label=1
SEQ_000773|label=0	SEQ_000773|label=0
SEQ_000774|label=1	SEQ_000774|label=1
SEQ_000775|label=0	SEQ_000775|label=0
SEQ_000776|label=1	SEQ_000776|label=1
SEQ_000777|label=1	SEQ_000777|label=1
SEQ_000778|label=1	SEQ_000778|label=1
SEQ_000779|label=1	SEQ_000779|label=1
SEQ_000780|label=1	SEQ_000780|label=1
SEQ_000781|label=1	SEQ_000781|label=1
SEQ_000782|label=1	SEQ_000782|label=1
SEQ_000783|label=0	SEQ_000783|label=0
SEQ_000784|label=1	SEQ_000784|label=1
SEQ_000785|label=0	SEQ_000785|label=0
SEQ_000786|label=1	SEQ_000786|label=1
SEQ_000787|label=1	SEQ_000787|label=1
SEQ_000788|label=0	SEQ_000788|label=0
SEQ_000789|label=0	SEQ_000789|label=0
SEQ_000790|label=0	SEQ_000790|label=0
SEQ_000791|label=0	SEQ_000791|label=0
SEQ_000792|label=0	SEQ_000792|label=0
SEQ_000793|label=1	SEQ_000793|label=1
SEQ_000794|label=0	SEQ_000794|label=0
SEQ_000795|label=1	SEQ_000795|label=1
SEQ_000796|label=0	SEQ_000796|label=0
SEQ_000797|label=0	SEQ_000797|label=0
SEQ_000798|label=0	SEQ_000798|label=0
SEQ_000799|label=0	SEQ_000799|label=0
SEQ_000800|label=1	SEQ_000800|label=1
SEQ_001301|label=0	SEQ_001301|label=0
SEQ_001302|label=1	SEQ_001302|label=1
SEQ_001303|label=0	SEQ_001303|label=0
SEQ_001304|label=0	SEQ_001304|label=0
SEQ_001305|label=0	SEQ_001305|label=0
SEQ_001306|label=0	SEQ_001306|label=0
SEQ_001307|label=0	SEQ_001307|label=0
SEQ_001308|label=1	SEQ_001308|label=1
SEQ_001309|label=0	SEQ_001309|label=0
SEQ_001310|label=0	SEQ_001310|label=0
SEQ_001311|label=1	SEQ_001311|label=1
SEQ_001312|label=1	SEQ_001312|label=1
SEQ_001313|label=1	SEQ_001313|label=1
SEQ_001314|label=1	SEQ_001314|label=1
SEQ_001315|label=1	SEQ_001315|label=1
SEQ_001316|label=1	SEQ_001316|label=1
SEQ_001317|label=0	SEQ_001317|label=0
SEQ_001318|label=0	SEQ_001318|label=0
SEQ_001319|label=1	SEQ_001319|label=1
SEQ_001320|label=0	SEQ_001320|label=0
SEQ_001321|label=1	SEQ_001321|label=1
SEQ_001322|label=0	SEQ_001322|label=0
SEQ_001323|label=0	SEQ_001323|label=0
SEQ_001324|label=1	SEQ_001324|label=1
SEQ_001325|label=0	SEQ_001325|label=0
SEQ_001326|label=1	SEQ_001326|label=1
SEQ_001327|label=0	SEQ_001327|label=0
SEQ_001328|label=0	SEQ_001328|label=0
SEQ_001329|label=0	SEQ_001329|label=0
SEQ_001330|label=0	SEQ_001330|label=0
SEQ_001331|label=0	SEQ_001331|label=0
SEQ_001332|label=0	SEQ_001332|label=0
SEQ_001333|label=1	SEQ_001333|label=1
SEQ_001334|label=0	SEQ_001334|label=0
SEQ_001335|label=0	SEQ_001335|label=0
SEQ_001336|label=1	SEQ_001336|label=1
SEQ_001337|label=1	SEQ_001337|label=1
SEQ_001338|label=1	SEQ_001338|label=1
SEQ_001339|label=0	SEQ_001339|label=0
SEQ_001340|label=1	SEQ_001340|label=1
SEQ_001341|label=1	SEQ_001341|label=1
SEQ_001342|label=0	SEQ_001342|label=0
SEQ_001343|label=0	SEQ_001343|label=0
SEQ_001344|label=1	SEQ_001344|label=1
SEQ_001345|label=0	SEQ_001345|label=0
SEQ_001346|label=1	SEQ_001346|label=1
SEQ_001347|label=1	SEQ_001347|label=1
SEQ_001348|label=0	SEQ_001348|label=0
SEQ_001349|label=1	SEQ_001349|label=1
SEQ_001350|label=0	SEQ_001350|label=0
SEQ_001351|label=0	SEQ_001351|label=0
SEQ_001352|label=0	SEQ_001352|label=0
SEQ_001353|label=1	SEQ_001353|label=1
SEQ_001354|label=1	SEQ_001354|label=1
SEQ_001355|label=0	SEQ_001355|label=0
SEQ_001356|label=1	SEQ_001356|label=1
SEQ_001357|label=1	SEQ_001357|label=1
SEQ_001358|label=0	SEQ_001358|label=0
SEQ_001359|label=1	SEQ_001359|label=1
SEQ_001360|label=1	SEQ_001360|label=1
SEQ_001361|label=1	SEQ_001361|label=1
SEQ_001362|label=1	SEQ_001362|label=1
SEQ_001363|label=1	SEQ_001363|label=1
SEQ_001364|label=1	SEQ_001364|label=1
SEQ_001365|label=0	SEQ_001365|label=0
SEQ_001366|label=1	SEQ_001366|label=1
SEQ_001367|label=0	SEQ_001367|label=0
SEQ_001368|label=0	SEQ_001368|label=0
SEQ_001369|label=1	SEQ_001369|label=1
SEQ_001370|label=0	SEQ_001370|label=0
SEQ_001371|label=1	SEQ_001371|label=1
SEQ_001372|label=0	SEQ_001372|label=0
SEQ_001373|label=0	SEQ_001373|label=0
SEQ_001374|label=1	SEQ_001374|label=1
SEQ_001375|label=0	SEQ_001375|label=0
SEQ_001376|label=0	SEQ_001376|label=0
SEQ_001377|label=1	SEQ_001377|label=1
SEQ_001378|label=1	SEQ_001378|label=1
SEQ_001379|label=0	SEQ_001379|label=0
SEQ_001380|label=0	SEQ_001380|label=0
SEQ_001381|label=1	SEQ_001381|label=1
SEQ_001382|label=1	SEQ_001382|label=1
SEQ_001383|label=0	SEQ_001383|label=0
SEQ_001384|label=0	SEQ_001384|label=0
SEQ_001385|label=0	SEQ_001385|label=0
SEQ_001386|label=1	SEQ_001386|label=1
SEQ_001387|label=0	SEQ_001387|label=0
SEQ_001388|label=0	SEQ_001388|label=0
SEQ_001389|label=0	SEQ_001389|label=0
SEQ_001390|label=1	SEQ_001390|label=1
SEQ_001391|label=0	SEQ_001391|label=0
SEQ_001392|label=1	SEQ_001392|label=1
SEQ_001393|label=1	SEQ_001393|label=1
SEQ_001394|label=0	SEQ_001394|label=0
SEQ_001395|label=1	SEQ_001395|label=1
SEQ_001396|label=0	SEQ_001396|label=0
SEQ_001397|label=1	SEQ_001397|label=1
SEQ_001398|label=1	SEQ_001398|label=1
SEQ_001399|label=0	SEQ_001399|label=0
SEQ_001400|label=1	SEQ_001400|label=1
SEQ_002201|label=1	SEQ_002201|label=1
SEQ_002202|label=1	SEQ_002202|label=1
SEQ_002203|label=0	SEQ_002203|label=0
SEQ_002204|label=0	SEQ_002204|label=0
SEQ_002205|label=1	SEQ_002205|label=1
SEQ_002206|label=1	SEQ_002206|label=1
SEQ_002207|label=0	SEQ_002207|label=0
SEQ_002208|label=0	SEQ_002208|label=0
SEQ_002209|label=1	SEQ_002209|label=1
SEQ_002210|label=1	SEQ_002210|label=1
SEQ_002211|label=1	SEQ_002211|label=1
SEQ_002212|label=1	SEQ_002212|label=1
SEQ_002213|label=0	SEQ_002213|label=0
SEQ_002214|label=1	SEQ_002214|label=1
SEQ_002215|label=1	SEQ_002215|label=1
SEQ_002216|label=0	SEQ_002216|label=0
SEQ_002217|label=1	SEQ_002217|label=1
SEQ_002218|label=1	SEQ_002218|label=1
SEQ_002219|label=1	SEQ_002219|label=1
SEQ_002220|label=1	SEQ_002220|label=1
SEQ_002221|label=0	SEQ_002221|label=0
SEQ_002222|label=1	SEQ_002222|label=1
SEQ_002223|label=1	SEQ_002223|label=1
SEQ_002224|label=1	SEQ_002224|label=1
SEQ_002225|label=0	SEQ_002225|label=0
SEQ_002226|label=0	SEQ_002226|label=0
SEQ_002227|label=0	SEQ_002227|label=0
SEQ_002228|label=0	SEQ_002228|label=0
SEQ_002229|label=0	SEQ_002229|label=0
SEQ_002230|label=1	SEQ_002230|label=1
SEQ_002231|label=0	SEQ_002231|label=0
SEQ_002232|label=0	SEQ_002232|label=0
SEQ_002233|label=0	SEQ_002233|label=0
SEQ_002234|label=1	SEQ_002234|label=1
SEQ_002235|label=0	SEQ_002235|label=0
SEQ_002236|label=0	SEQ_002236|label=0
SEQ_002237|label=0	SEQ_002237|label=0
SEQ_002238|label=0	SEQ_002238|label=0
SEQ_002239|label=0	SEQ_002239|label=0
SEQ_002240|label=1	SEQ_002240|label=1
SEQ_002241|label=1	SEQ_002241|label=1
SEQ_002242|label=0	SEQ_002242|label=0
SEQ_002243|label=0	SEQ_002243|label=0
SEQ_002244|label=0	SEQ_002244|label=0
SEQ_002245|label=1	SEQ_002245|label=1
SEQ_002246|label=1	SEQ_002246|label=1
SEQ_002247|label=1	SEQ_002247|label=1
SEQ_002248|label=1	SEQ_002248|label=1
SEQ_002249|label=0	SEQ_002249|label=0
SEQ_002250|label=1	SEQ_002250|label=1
SEQ_002251|label=0	SEQ_002251|label=0
SEQ_002252|label=0	SEQ_002252|label=0
SEQ_002253|label=1	SEQ_002253|label=1
SEQ_002254|label=1	SEQ_002254|label=1
SEQ_002255|label=0	SEQ_002255|label=0
SEQ_002256|label=1	SEQ_002256|label=1
SEQ_002257|label=0	SEQ_002257|label=0
SEQ_002258|label=1	SEQ_002258|label=1
SEQ_002259|label=1	SEQ_002259|label=1
SEQ_002260|label=1	SEQ_002260|label=1
SEQ_002261|label=0	SEQ_002261|label=0
SEQ_002262|label=0	SEQ_002262|label=0
SEQ_002263|label=0	SEQ_002263|label=0
SEQ_002264|label=0	SEQ_002264|label=0
SEQ_002265|label=1	SEQ_002265|label=1
SEQ_002266|label=0	SEQ_002266|label=0
SEQ_002267|label=1	SEQ_002267|label=1
SEQ_002268|label=1	SEQ_002268|label=1
SEQ_002269|label=1	SEQ_002269|label=1
SEQ_002270|label=0	SEQ_002270|label=0
SEQ_002271|label=1	SEQ_002271|label=1
SEQ_002272|label=0	SEQ_002272|label=0
SEQ_002273|label=0	SEQ_002273|label=0
SEQ_002274|label=1	SEQ_002274|label=1
SEQ_002275|label=0	SEQ_002275|label=0
SEQ_002276|label=0	SEQ_002276|label=0
SEQ_002277|label=0	SEQ_002277|label=0
SEQ_002278|label=0	SEQ_002278|label=0
SEQ_002279|label=1	SEQ_002279|label=1
SEQ_002280|label=1	SEQ_002280|label=1
SEQ_002281|label=1	SEQ_002281|label=1
SEQ_002282|label=0	SEQ_002282|label=0
SEQ_002283|label=0	SEQ_002283|label=0
SEQ_002284|label=0	SEQ_002284|label=0
SEQ_002285|label=0	SEQ_002285|label=0
SEQ_002286|label=0	SEQ_002286|label=0
SEQ_002287|label=0	SEQ_002287|label=0
SEQ_002288|label=0	SEQ_002288|label=0
SEQ_002289|label=1	SEQ_002289|label=1
SEQ_002290|label=1	SEQ_002290|label=1
SEQ_002291|label=0	SEQ_002291|label=0
SEQ_002292|label=0	SEQ_002292|label=0
SEQ_002293|label=1	SEQ_002293|label=1
SEQ_002294|label=0	SEQ_002294|label=0
SEQ_002295|label=1	SEQ_002295|label=1
SEQ_002296|label=0	SEQ_002296|label=0
SEQ_002297|label=0	SEQ_002297|label=0
SEQ_002298|label=0	SEQ_002298|label=0
SEQ_002299|label=1	SEQ_002299|label=1
SEQ_002300|label=1	SEQ_002300|label=1
SEQ_003001|label=0	SEQ_003001|label=0
SEQ_003002|label=1	SEQ_003002|label=1
SEQ_003003|label=1	SEQ_003003|label=1
SEQ_003004|label=1	SEQ_003004|label=1
SEQ_003005|label=0	SEQ_003005|label=0
SEQ_003006|label=0	SEQ_003006|label=0
SEQ_003007|label=0	SEQ_003007|label=0
SEQ_003008|label=1	SEQ_003008|label=1
SEQ_003009|label=1	SEQ_003009|label=1
SEQ_003010|label=0	SEQ_003010|label=0
SEQ_003011|label=0	SEQ_003011|label=0
SEQ_003012|label=0	SEQ_003012|label=0
SEQ_003013|label=1	SEQ_003013|label=1
SEQ_003014|label=0	SEQ_003014|label=0
SEQ_003015|label=0	SEQ_003015|label=0
SEQ_003016|label=1	SEQ_003016|label=1
SEQ_003017|label=0	SEQ_003017|label=0
SEQ_003018|label=1	SEQ_003018|label=1
SEQ_003019|label=0	SEQ_003019|label=0
SEQ_003020|label=0	SEQ_003020|label=0
SEQ_003021|label=0	SEQ_003021|label=0
SEQ_003022|label=1	SEQ_003022|label=1
SEQ_003023|label=1	SEQ_003023|label=1
SEQ_003024|label=0	SEQ_003024|label=0
SEQ_003025|label=1	SEQ_003025|label=1
SEQ_003026|label=0	SEQ_003026|label=0
SEQ_003027|label=1	SEQ_003027|label=1
SEQ_003028|label=1	SEQ_003028|label=1
SEQ_003029|label=1	SEQ_003029|label=1
SEQ_003030|label=0	SEQ_003030|label=0
SEQ_003031|label=1	SEQ_003031|label=1
SEQ_003032|label=0	SEQ_003032|label=0
SEQ_003033|label=0	SEQ_003033|label=0
SEQ_003034|label=1	SEQ_003034|label=1
SEQ_003035|label=0	SEQ_003035|label=0
SEQ_003036|label=0	SEQ_003036|label=0
SEQ_003037|label=0	SEQ_003037|label=0
SEQ_003038|label=1	SEQ_003038|label=1
SEQ_003039|label=0	SEQ_003039|label=0
SEQ_003040|label=0	SEQ_003040|label=0
SEQ_003041|label=1	SEQ_003041|label=1
SEQ_003042|label=0	SEQ_003042|label=0
SEQ_003043|label=0	SEQ_003043|label=0
SEQ_003044|label=0	SEQ_003044|label=0
SEQ_003045|label=1	SEQ_003045|label=1
SEQ_003046|label=1	SEQ_003046|label=1
SEQ_003047|label=1	SEQ_003047|label=1
SEQ_003048|label=0	SEQ_003048|label=0
SEQ_003049|label=0	SEQ_003049|label=0
SEQ_003050|label=1	SEQ_003050|label=1
SEQ_003051|label=0	SEQ_003051|label=0
SEQ_003052|label=1	SEQ_003052|label=1
SEQ_003053|label=0	SEQ_003053|label=0
SEQ_003054|label=0	SEQ_003054|label=0
SEQ_003055|label=1	SEQ_003055|label=1
SEQ_003056|label=0	SEQ_003056|label=0
SEQ_003057|label=0	SEQ_003057|label=0
SEQ_003058|label=1	SEQ_003058|label=1
SEQ_003059|label=0	SEQ_003059|label=0
SEQ_003060|label=0	SEQ_003060|label=0
SEQ_003061|label=1	SEQ_003061|label=1
SEQ_003062|label=0	SEQ_003062|label=0
SEQ_003063|label=0	SEQ_003063|label=0
SEQ_003064|label=1	SEQ_003064|label=1
SEQ_003065|label=1	SEQ_003065|label=1
SEQ_003066|label=0	SEQ_003066|label=0
SEQ_003067|label=0	SEQ_003067|label=0
SEQ_003068|label=1	SEQ_003068|label=1
SEQ_003069|label=1	SEQ_003069|label=1
SEQ_003070|label=0	SEQ_003070|label=0
SEQ_003071|label=0	SEQ_003071|label=0
SEQ_003072|label=1	SEQ_003072|label=1
SEQ_003073|label=0	SEQ_003073|label=0
SEQ_003074|label=1	SEQ_003074|label=1
SEQ_003075|label=1	SEQ_003075|label=1
SEQ_003076|label=0	SEQ_003076|label=0
SEQ_003077|label=0	SEQ_003077|label=0
SEQ_003078|label=0	SEQ_003078|label=0
SEQ_003079|label=1	SEQ_003079|label=1
SEQ_003080|label=1	SEQ_003080|label=1
SEQ_003081|label=0	SEQ_003081|label=0
SEQ_003082|label=1	SEQ_003082|label=1
SEQ_003083|label=1	SEQ_003083|label=1
SEQ_003084|label=0	SEQ_003084|label=0
SEQ_003085|label=0	SEQ_003085|label=0
SEQ_003086|label=0	SEQ_003086|label=0
SEQ_003087|label=0	SEQ_003087|label=0
SEQ_003088|label=0	SEQ_003088|label=0
SEQ_003089|label=0	SEQ_003089|label=0
SEQ_003090|label=1	SEQ_003090|label=1
SEQ_003091|label=1	SEQ_003091|label=1
SEQ_003092|label=1	SEQ_003092|label=1
SEQ_003093|label=0	SEQ_003093|label=0
SEQ_003094|label=0	SEQ_003094|label=0
SEQ_003095|label=1	SEQ_003095|label=1
SEQ_003096|label=1	SEQ_003096|label=1
SEQ_003097|label=1	SEQ_003097|label=1
SEQ_003098|label=1	SEQ_003098|label=1
SEQ_003099|label=1	SEQ_003099|label=1
SEQ_003100|label=1	SEQ_003100|label=1
SEQ_007363|label=1	SEQ_007363|label=1
SEQ_007364|label=1	SEQ_007364|label=1
SEQ_007365|label=0	SEQ_007365|label=0
SEQ_007366|label=0	SEQ_007366|label=0
SEQ_007367|label=0	SEQ_007367|label=0
SEQ_007368|label=0	SEQ_007368|label=0
SEQ_007369|label=0	SEQ_007369|label=0
SEQ_007370|label=1	SEQ_007370|label=1
SEQ_007371|label=1	SEQ_007371|label=1
SEQ_007372|label=0	SEQ_007372|label=0
SEQ_007373|label=0	SEQ_007373|label=0
SEQ_007374|label=1	SEQ_007374|label=1
SEQ_007375|label=0	SEQ_007375|label=0
SEQ_007376|label=1	SEQ_007376|label=1
SEQ_007377|label=0	SEQ_007377|label=0
SEQ_007378|label=1	SEQ_007378|label=1
SEQ_007379|label=1	SEQ_007379|label=1
SEQ_007380|label=1	SEQ_007380|label=1
SEQ_007381|label=1	SEQ_007381|label=1
SEQ_007382|label=1	SEQ_007382|label=1
SEQ_007383|label=0	SEQ_007383|label=0
SEQ_007384|label=1	SEQ_007384|label=1
SEQ_007385|label=0	SEQ_007385|label=0
SEQ_007386|label=0	SEQ_007386|label=0
SEQ_007387|label=1	SEQ_007387|label=1
SEQ_007388|label=1	SEQ_007388|label=1
SEQ_007389|label=0	SEQ_007389|label=0
SEQ_007390|label=1	SEQ_007390|label=1
SEQ_007391|label=0	SEQ_007391|label=0
SEQ_007392|label=0	SEQ_007392|label=0
SEQ_007393|label=1	SEQ_007393|label=1
SEQ_007394|label=0	SEQ_007394|label=0
SEQ_007395|label=1	SEQ_007395|label=1
SEQ_007396|label=1	SEQ_007396|label=1
SEQ_007397|label=1	SEQ_007397|label=1
SEQ_007398|label=0	SEQ_007398|label=0
SEQ_007399|label=1	SEQ_007399|label=1
SEQ_007400|label=0	SEQ_007400|label=0
SEQ_008301|label=0	SEQ_008301|label=0
SEQ_008302|label=0	SEQ_008302|label=0
SEQ_008303|label=0	SEQ_008303|label=0
SEQ_008304|label=0	SEQ_008304|label=0
SEQ_008305|label=0	SEQ_008305|label=0
SEQ_008306|label=0	SEQ_008306|label=0
SEQ_008307|label=0	SEQ_008307|label=0
SEQ_008308|label=0	SEQ_008308|label=0
SEQ_008309|label=1	SEQ_008309|label=1
SEQ_008310|label=0	SEQ_008310|label=0
SEQ_008311|label=0	SEQ_008311|label=0
SEQ_008312|label=1	SEQ_008312|label=1
SEQ_008313|label=0	SEQ_008313|label=0
SEQ_008314|label=0	SEQ_008314|label=0
SEQ_008315|label=1	SEQ_008315|label=1
SEQ_008316|label=0	SEQ_008316|label=0
SEQ_008317|label=0	SEQ_008317|label=0
SEQ_008318|label=1	SEQ_008318|label=1
SEQ_008319|label=0	SEQ_008319|label=0
SEQ_008320|label=0	SEQ_008320|label=0
SEQ_008321|label=1	SEQ_008321|label=1
SEQ_008322|label=1	SEQ_008322|label=1
SEQ_008323|label=0	SEQ_008323|label=0
SEQ_008324|label=0	SEQ_008324|label=0
SEQ_008325|label=1	SEQ_008325|label=1
SEQ_008326|label=1	SEQ_008326|label=1
SEQ_008327|label=0	SEQ_008327|label=0
SEQ_008328|label=1	SEQ_008328|label=1
SEQ_008329|label=0	SEQ_008329|label=0
SEQ_008330|label=1	SEQ_008330|label=1
SEQ_008331|label=0	SEQ_008331|label=0
SEQ_008332|label=0	SEQ_008332|label=0
SEQ_008333|label=0	SEQ_008333|label=0
SEQ_008334|label=0	SEQ_008334|label=0
SEQ_008335|label=1	SEQ_008335|label=1
SEQ_008336|label=0	SEQ_008336|label=0
SEQ_008337|label=0	SEQ_008337|label=0
SEQ_008338|label=1	SEQ_008338|label=1
SEQ_008339|label=1	SEQ_008339|label=1
SEQ_008340|label=0	SEQ_008340|label=0
SEQ_008341|label=1	SEQ_008341|label=1
SEQ_008342|label=0	SEQ_008342|label=0
SEQ_008343|label=0	SEQ_008343|label=0
SEQ_008344|label=1	SEQ_008344|label=1
SEQ_008345|label=0	SEQ_008345|label=0
SEQ_008346|label=1	SEQ_008346|label=1
SEQ_008347|label=0	SEQ_008347|label=0
SEQ_008348|label=1	SEQ_008348|label=1
SEQ_008349|label=0	SEQ_008349|label=0
SEQ_008350|label=0	SEQ_008350|label=0
SEQ_008351|label=0	SEQ_008351|label=0
SEQ_008352|label=0	SEQ_008352|label=0
SEQ_008353|label=1	SEQ_008353|label=1
SEQ_008354|label=1	SEQ_008354|label=1
SEQ_008355|label=1	SEQ_008355|label=1
SEQ_008356|label=1	SEQ_008356|label=1
SEQ_008357|label=1	SEQ_008357|label=1
SEQ_008358|label=0	SEQ_008358|label=0
SEQ_008359|label=0	SEQ_008359|label=0
SEQ_008360|label=0	SEQ_008360|label=0
SEQ_008361|label=1	SEQ_008361|label=1
SEQ_008362|label=0	SEQ_008362|label=0
SEQ_008363|label=0	SEQ_008363|label=0
SEQ_008364|label=1	SEQ_008364|label=1
SEQ_008365|label=1	SEQ_008365|label=1
SEQ_008366|label=1	SEQ_008366|label=1
SEQ_008367|label=0	SEQ_008367|label=0
SEQ_008368|label=1	SEQ_008368|label=1
SEQ_008369|label=1	SEQ_008369|label=1
SEQ_008370|label=0	SEQ_008370|label=0
SEQ_008371|label=1	SEQ_008371|label=1
SEQ_008372|label=1	SEQ_008372|label=1
SEQ_008373|label=1	SEQ_008373|label=1
SEQ_008374|label=1	SEQ_008374|label=1
SEQ_008375|label=1	SEQ_008375|label=1
SEQ_008376|label=0	SEQ_008376|label=0
SEQ_008377|label=0	SEQ_008377|label=0
SEQ_008378|label=0	SEQ_008378|label=0
SEQ_008379|label=0	SEQ_008379|label=0
SEQ_008380|label=0	SEQ_008380|label=0
SEQ_008381|label=0	SEQ_008381|label=0
SEQ_008382|label=1	SEQ_008382|label=1
SEQ_008383|label=0	SEQ_008383|label=0
SEQ_008384|label=1	SEQ_008384|label=1
SEQ_008385|label=0	SEQ_008385|label=0
SEQ_008386|label=1	SEQ_008386|label=1
SEQ_008387|label=1	SEQ_008387|label=1
SEQ_008388|label=1	SEQ_008388|label=1
SEQ_008389|label=1	SEQ_008389|label=1
SEQ_008390|label=1	SEQ_008390|label=1
SEQ_008391|label=0	SEQ_008391|label=0
SEQ_008392|label=1	SEQ_008392|label=1
SEQ_008393|label=0	SEQ_008393|label=0
SEQ_008394|label=0	SEQ_008394|label=0
SEQ_008395|label=0	SEQ_008395|label=0
SEQ_008396|label=1	SEQ_008396|label=1
SEQ_008397|label=1	SEQ_008397|label=1
SEQ_008398|label=1	SEQ_008398|label=1
SEQ_008399|label=0	SEQ_008399|label=0
SEQ_008400|label=0	SEQ_008400|label=0
SEQ_009101|label=0	SEQ_009101|label=0
SEQ_009102|label=0	SEQ_009102|label=0
SEQ_009103|label=1	SEQ_009103|label=1
SEQ_009104|label=1	SEQ_009104|label=1
SEQ_009105|label=0	SEQ_009105|label=0
SEQ_009106|label=0	SEQ_009106|label=0
SEQ_009107|label=1	SEQ_009107|label=1
SEQ_009108|label=1	SEQ_009108|label=1
SEQ_009109|label=1	SEQ_009109|label=1
SEQ_009110|label=0	SEQ_009110|label=0
SEQ_009111|label=0	SEQ_009111|label=0
SEQ_009112|label=0	SEQ_009112|label=0
SEQ_009113|label=1	SEQ_009113|label=1
SEQ_009114|label=0	SEQ_009114|label=0
SEQ_009115|label=0	SEQ_009115|label=0
SEQ_009116|label=1	SEQ_009116|label=1
SEQ_009117|label=0	SEQ_009117|label=0
SEQ_009118|label=0	SEQ_009118|label=0
SEQ_009119|label=1	SEQ_009119|label=1
SEQ_009120|label=1	SEQ_009120|label=1
SEQ_009121|label=1	SEQ_009121|label=1
SEQ_009122|label=0	SEQ_009122|label=0
SEQ_009123|label=0	SEQ_009123|label=0
SEQ_009124|label=0	SEQ_009124|label=0
SEQ_009125|label=0	SEQ_009125|label=0
SEQ_009126|label=0	SEQ_009126|label=0
SEQ_009127|label=1	SEQ_009127|label=1
SEQ_009128|label=0	SEQ_009128|label=0
SEQ_009129|label=1	SEQ_009129|label=1
SEQ_009130|label=0	SEQ_009130|label=0
SEQ_009131|label=1	SEQ_009131|label=1
SEQ_009132|label=1	SEQ_009132|label=1
SEQ_009133|label=1	SEQ_009133|label=1
SEQ_009134|label=0	SEQ_009134|label=0
SEQ_009135|label=0	SEQ_009135|label=0
SEQ_009136|label=1	SEQ_009136|label=1
SEQ_009137|label=1	SEQ_009137|label=1
SEQ_009138|label=1	SEQ_009138|label=1
SEQ_009139|label=1	SEQ_009139|label=1
SEQ_009140|label=0	SEQ_009140|label=0
SEQ_009141|label=1	SEQ_009141|label=1
SEQ_009142|label=0	SEQ_009142|label=0
SEQ_009143|label=0	SEQ_009143|label=0
SEQ_009144|label=0	SEQ_009144|label=0
SEQ_009145|label=1	SEQ_009145|label=1
SEQ_009146|label=1	SEQ_009146|label=1
SEQ_009147|label=0	SEQ_009147|label=0
SEQ_009148|label=1	SEQ_009148|label=1
SEQ_009149|label=0	SEQ_009149|label=0
SEQ_009150|label=0	SEQ_009150|label=0
SEQ_009151|label=1	SEQ_009151|label=1
SEQ_009152|label=1	SEQ_009152|label=1
SEQ_009153|label=0	SEQ_009153|label=0
SEQ_009154|label=0	SEQ_009154|label=0
SEQ_009155|label=1	SEQ_009155|label=1
SEQ_009156|label=0	SEQ_009156|label=0
SEQ_009157|label=0	SEQ_009157|label=0
SEQ_009158|label=0	SEQ_009158|label=0
SEQ_009159|label=1	SEQ_009159|label=1
SEQ_009160|label=0	SEQ_009160|label=0
SEQ_009161|label=0	SEQ_009161|label=0
SEQ_009162|label=0	SEQ_009162|label=0
SEQ_009163|label=1	SEQ_009163|label=1
SEQ_009164|label=0	SEQ_009164|label=0
SEQ_009165|label=1	SEQ_009165|label=1
SEQ_009166|label=1	SEQ_009166|label=1
SEQ_009167|label=0	SEQ_009167|label=0
SEQ_009168|label=0	SEQ_009168|label=0
SEQ_009169|label=1	SEQ_009169|label=1
SEQ_009170|label=1	SEQ_009170|label=1
SEQ_009171|label=0	SEQ_009171|label=0
SEQ_009172|label=1	SEQ_009172|label=1
SEQ_009173|label=1	SEQ_009173|label=1
SEQ_009174|label=0	SEQ_009174|label=0
SEQ_009175|label=0	SEQ_009175|label=0
SEQ_009176|label=1	SEQ_009176|label=1
SEQ_009177|label=1	SEQ_009177|label=1
SEQ_009178|label=0	SEQ_009178|label=0
SEQ_009179|label=0	SEQ_009179|label=0
SEQ_009180|label=0	SEQ_009180|label=0
SEQ_009181|label=1	SEQ_009181|label=1
SEQ_009182|label=1	SEQ_009182|label=1
SEQ_009183|label=0	SEQ_009183|label=0
SEQ_009184|label=0	SEQ_009184|label=0
SEQ_009185|label=0	SEQ_009185|label=0
SEQ_009186|label=1	SEQ_009186|label=1
SEQ_009187|label=1	SEQ_009187|label=1
SEQ_009188|label=0	SEQ_009188|label=0
SEQ_009189|label=1	SEQ_009189|label=1
SEQ_009190|label=1	SEQ_009190|label=1
SEQ_009191|label=1	SEQ_009191|label=1
SEQ_009192|label=1	SEQ_009192|label=1
SEQ_009193|label=1	SEQ_009193|label=1
SEQ_009194|label=0	SEQ_009194|label=0
SEQ_009195|label=1	SEQ_009195|label=1
SEQ_009196|label=0	SEQ_009196|label=0
SEQ_009197|label=1	SEQ_009197|label=1
SEQ_009198|label=1	SEQ_009198|label=1
SEQ_009199|label=1	SEQ_009199|label=1
SEQ_009200|label=1	SEQ_009200|label=1
SEQ_009801|label=0	SEQ_009801|label=0
SEQ_009802|label=0	SEQ_009802|label=0
SEQ_009803|label=1	SEQ_009803|label=1
SEQ_009804|label=0	SEQ_009804|label=0
SEQ_009805|label=0	SEQ_009805|label=0
SEQ_009806|label=1	SEQ_009806|label=1
SEQ_009807|label=1	SEQ_009807|label=1
SEQ_009808|label=0	SEQ_009808|label=0
SEQ_009809|label=0	SEQ_009809|label=0
SEQ_009810|label=1	SEQ_009810|label=1
SEQ_009811|label=0	SEQ_009811|label=0
SEQ_009812|label=1	SEQ_009812|label=1
SEQ_009813|label=0	SEQ_009813|label=0
SEQ_009814|label=1	SEQ_009814|label=1
SEQ_009815|label=1	SEQ_009815|label=1
SEQ_009816|label=1	SEQ_009816|label=1
SEQ_009817|label=0	SEQ_009817|label=0
SEQ_009818|label=0	SEQ_009818|label=0
SEQ_009819|label=1	SEQ_009819|label=1
SEQ_009820|label=1	SEQ_009820|label=1
SEQ_009821|label=0	SEQ_009821|label=0
SEQ_009822|label=1	SEQ_009822|label=1
SEQ_009823|label=0	SEQ_009823|label=0
SEQ_009824|label=0	SEQ_009824|label=0
SEQ_009825|label=1	SEQ_009825|label=1
SEQ_009826|label=1	SEQ_009826|label=1
SEQ_009827|label=0	SEQ_009827|label=0
SEQ_009828|label=0	SEQ_009828|label=0
SEQ_009829|label=0	SEQ_009829|label=0
SEQ_009830|label=0	SEQ_009830|label=0
SEQ_009831|label=1	SEQ_009831|label=1
SEQ_009832|label=1	SEQ_009832|label=1
SEQ_009833|label=0	SEQ_009833|label=0
SEQ_009834|label=0	SEQ_009834|label=0
SEQ_009835|label=1	SEQ_009835|label=1
SEQ_009836|label=1	SEQ_009836|label=1
SEQ_009837|label=1	SEQ_009837|label=1
SEQ_009838|label=0	SEQ_009838|label=0
SEQ_009839|label=1	SEQ_009839|label=1
SEQ_009840|label=0	SEQ_009840|label=0
SEQ_009841|label=0	SEQ_009841|label=0
SEQ_009842|label=0	SEQ_009842|label=0
SEQ_009843|label=0	SEQ_009843|label=0
SEQ_009844|label=0	SEQ_009844|label=0
SEQ_009845|label=0	SEQ_009845|label=0
SEQ_009846|label=1	SEQ_009846|label=1
SEQ_009847|label=1	SEQ_009847|label=1
SEQ_009848|label=1	SEQ_009848|label=1
SEQ_009849|label=0	SEQ_009849|label=0
SEQ_009850|label=1	SEQ_009850|label=1
SEQ_009851|label=0	SEQ_009851|label=0
SEQ_009852|label=0	SEQ_009852|label=0
SEQ_009853|label=0	SEQ_009853|label=0
SEQ_009854|label=1	SEQ_009854|label=1
SEQ_009855|label=1	SEQ_009855|label=1
SEQ_009856|label=0	SEQ_009856|label=0
SEQ_009857|label=1	SEQ_009857|label=1
SEQ_009858|label=1	SEQ_009858|label=1
SEQ_009859|label=1	SEQ_009859|label=1
SEQ_009860|label=1	SEQ_009860|label=1
SEQ_009861|label=0	SEQ_009861|label=0
SEQ_009862|label=1	SEQ_009862|label=1
SEQ_009863|label=0	SEQ_009863|label=0
SEQ_009864|label=1	SEQ_009864|label=1
SEQ_009865|label=0	SEQ_009865|label=0
SEQ_009866|label=1	SEQ_009866|label=1
SEQ_009867|label=0	SEQ_009867|label=0
SEQ_009868|label=0	SEQ_009868|label=0
SEQ_009869|label=0	SEQ_009869|label=0
SEQ_009870|label=1	SEQ_009870|label=1
SEQ_009871|label=1	SEQ_009871|label=1
SEQ_009872|label=0	SEQ_009872|label=0
SEQ_009873|label=0	SEQ_009873|label=0
SEQ_009874|label=0	SEQ_009874|label=0
SEQ_009875|label=0	SEQ_009875|label=0
SEQ_009876|label=0	SEQ_009876|label=0
SEQ_009877|label=0	SEQ_009877|label=0
SEQ_009878|label=0	SEQ_009878|label=0
SEQ_009879|label=1	SEQ_009879|label=1
SEQ_009880|label=0	SEQ_009880|label=0
SEQ_009881|label=0	SEQ_009881|label=0
SEQ_009882|label=0	SEQ_009882|label=0
SEQ_009883|label=1	SEQ_009883|label=1
SEQ_009884|label=1	SEQ_009884|label=1
SEQ_009885|label=1	SEQ_009885|label=1
SEQ_009886|label=1	SEQ_009886|label=1
SEQ_009887|label=0	SEQ_009887|label=0
SEQ_009888|label=1	SEQ_009888|label=1
SEQ_009889|label=1	SEQ_009889|label=1
SEQ_009890|label=0	SEQ_009890|label=0
SEQ_009891|label=1	SEQ_009891|label=1
SEQ_009892|label=1	SEQ_009892|label=1
SEQ_009893|label=0	SEQ_009893|label=0
SEQ_009894|label=0	SEQ_009894|label=0
SEQ_009895|label=1	SEQ_009895|label=1
SEQ_009896|label=1	SEQ_009896|label=1
SEQ_009897|label=0	SEQ_009897|label=0
SEQ_009898|label=1	SEQ_009898|label=1
SEQ_009899|label=0	SEQ_009899|label=0
SEQ_009900|label=1	SEQ_009900|label=1
SEQ_010801|label=1	SEQ_010801|label=1
SEQ_010802|label=1	SEQ_010802|label=1
SEQ_010803|label=1	SEQ_010803|label=1
SEQ_010804|label=0	SEQ_010804|label=0
SEQ_010805|label=1	SEQ_010805|label=1
SEQ_010806|label=1	SEQ_010806|label=1
SEQ_010807|label=1	SEQ_010807|label=1
SEQ_010808|label=0	SEQ_010808|label=0
SEQ_010809|label=0	SEQ_010809|label=0
SEQ_010810|label=0	SEQ_010810|label=0
SEQ_010811|label=0	SEQ_010811|label=0
SEQ_010812|label=0	SEQ_010812|label=0
SEQ_010813|label=1	SEQ_010813|label=1
SEQ_010814|label=0	SEQ_010814|label=0
SEQ_010815|label=1	SEQ_010815|label=1
SEQ_010816|label=1	SEQ_010816|label=1
SEQ_010817|label=1	SEQ_010817|label=1
SEQ_010818|label=1	SEQ_010818|label=1
SEQ_010819|label=0	SEQ_010819|label=0
SEQ_010820|label=0	SEQ_010820|label=0
SEQ_010821|label=1	SEQ_010821|label=1
SEQ_010822|label=1	SEQ_010822|label=1
SEQ_010823|label=1	SEQ_010823|label=1
SEQ_010824|label=0	SEQ_010824|label=0
SEQ_010825|label=1	SEQ_010825|label=1
SEQ_010826|label=1	SEQ_010826|label=1
SEQ_010827|label=1	SEQ_010827|label=1
SEQ_010828|label=1	SEQ_010828|label=1
SEQ_010829|label=0	SEQ_010829|label=0
SEQ_010830|label=0	SEQ_010830|label=0
SEQ_010831|label=1	SEQ_010831|label=1
SEQ_010832|label=1	SEQ_010832|label=1
SEQ_010833|label=0	SEQ_010833|label=0
SEQ_010834|label=0	SEQ_010834|label=0
SEQ_010835|label=1	SEQ_010835|label=1
SEQ_010836|label=1	SEQ_010836|label=1
SEQ_010837|label=1	SEQ_010837|label=1
SEQ_010838|label=1	SEQ_010838|label=1
SEQ_010839|label=1	SEQ_010839|label=1
SEQ_010840|label=1	SEQ_010840|label=1
SEQ_010841|label=0	SEQ_010841|label=0
SEQ_010842|label=1	SEQ_010842|label=1
SEQ_010843|label=0	SEQ_010843|label=0
SEQ_010844|label=1	SEQ_010844|label=1
SEQ_010845|label=1	SEQ_010845|label=1
SEQ_010846|label=1	SEQ_010846|label=1
SEQ_010847|label=0	SEQ_010847|label=0
SEQ_010848|label=1	SEQ_010848|label=1
SEQ_010849|label=1	SEQ_010849|label=1
SEQ_010850|label=1	SEQ_010850|label=1
SEQ_010851|label=1	SEQ_010851|label=1
SEQ_010852|label=1	SEQ_010852|label=1
SEQ_010853|label=0	SEQ_010853|label=0
SEQ_010854|label=1	SEQ_010854|label=1
SEQ_010855|label=0	SEQ_010855|label=0
SEQ_010856|label=0	SEQ_010856|label=0
SEQ_010857|label=1	SEQ_010857|label=1
SEQ_010858|label=1	SEQ_010858|label=1
SEQ_010859|label=1	SEQ_010859|label=1
SEQ_010860|label=1	SEQ_010860|label=1
SEQ_010861|label=1	SEQ_010861|label=1
SEQ_010862|label=0	SEQ_010862|label=0
SEQ_010863|label=1	SEQ_010863|label=1
SEQ_010864|label=0	SEQ_010864|label=0
SEQ_010865|label=0	SEQ_010865|label=0
SEQ_010866|label=1	SEQ_010866|label=1
SEQ_010867|label=1	SEQ_010867|label=1
SEQ_010868|label=1	SEQ_010868|label=1
SEQ_010869|label=0	SEQ_010869|label=0
SEQ_010870|label=1	SEQ_010870|label=1
SEQ_010871|label=1	SEQ_010871|label=1
SEQ_010872|label=1	SEQ_010872|label=1
SEQ_010873|label=0	SEQ_010873|label=0
SEQ_010874|label=1	SEQ_010874|label=1
SEQ_010875|label=0	SEQ_010875|label=0
SEQ_010876|label=1	SEQ_010876|label=1
SEQ_010877|label=0	SEQ_010877|label=0
SEQ_010878|label=0	SEQ_010878|label=0
SEQ_010879|label=0	SEQ_010879|label=0
SEQ_010880|label=0	SEQ_010880|label=0
SEQ_010881|label=0	SEQ_010881|label=0
SEQ_010882|label=0	SEQ_010882|label=0
SEQ_010883|label=0	SEQ_010883|label=0
SEQ_010884|label=0	SEQ_010884|label=0
SEQ_010885|label=1	SEQ_010885|label=1
SEQ_010886|label=1	SEQ_010886|label=1
SEQ_010887|label=0	SEQ_010887|label=0
SEQ_010888|label=1	SEQ_010888|label=1
SEQ_010889|label=0	SEQ_010889|label=0
SEQ_010890|label=1	SEQ_010890|label=1
SEQ_010891|label=0	SEQ_010891|label=0
SEQ_010892|label=0	SEQ_010892|label=0
SEQ_010893|label=0	SEQ_010893|label=0
SEQ_010894|label=1	SEQ_010894|label=1
SEQ_010895|label=1	SEQ_010895|label=1
SEQ_010896|label=0	SEQ_010896|label=0
SEQ_010897|label=0	SEQ_010897|label=0
SEQ_010898|label=0	SEQ_010898|label=0
SEQ_010899|label=1	SEQ_010899|label=1
SEQ_010900|label=0	SEQ_010900|label=0
SEQ_000663|label=1	SEQ_000663|label=1
SEQ_000664|label=0	SEQ_000664|label=0
SEQ_000665|label=1	SEQ_000665|label=1
SEQ_000666|label=1	SEQ_000666|label=1
SEQ_000667|label=1	SEQ_000667|label=1
SEQ_000668|label=1	SEQ_000668|label=1
SEQ_000669|label=0	SEQ_000669|label=0
SEQ_000670|label=0	SEQ_000670|label=0
SEQ_000671|label=1	SEQ_000671|label=1
SEQ_000672|label=1	SEQ_000672|label=1
SEQ_000673|label=0	SEQ_000673|label=0
SEQ_000674|label=1	SEQ_000674|label=1
SEQ_000675|label=1	SEQ_000675|label=1
SEQ_000676|label=0	SEQ_000676|label=0
SEQ_000677|label=1	SEQ_000677|label=1
SEQ_000678|label=1	SEQ_000678|label=1
SEQ_000679|label=0	SEQ_000679|label=0
SEQ_000680|label=0	SEQ_000680|label=0
SEQ_000681|label=1	SEQ_000681|label=1
SEQ_000682|label=1	SEQ_000682|label=1
SEQ_000683|label=1	SEQ_000683|label=1
SEQ_000684|label=0	SEQ_000684|label=0
SEQ_000685|label=1	SEQ_000685|label=1
SEQ_000686|label=0	SEQ_000686|label=0
SEQ_000687|label=1	SEQ_000687|label=1
SEQ_000688|label=1	SEQ_000688|label=1
SEQ_000689|label=0	SEQ_000689|label=0
SEQ_000690|label=1	SEQ_000690|label=1
SEQ_000691|label=1	SEQ_000691|label=1
SEQ_000692|label=1	SEQ_000692|label=1
SEQ_000693|label=0	SEQ_000693|label=0
SEQ_000694|label=0	SEQ_000694|label=0
SEQ_000695|label=0	SEQ_000695|label=0
SEQ_000696|label=1	SEQ_000696|label=1
SEQ_000697|label=0	SEQ_000697|label=0
SEQ_000698|label=0	SEQ_000698|label=0
SEQ_000699|label=1	SEQ_000699|label=1
SEQ_000700|label=0	SEQ_000700|label=0
SEQ_001001|label=1	SEQ_001001|label=1
SEQ_001002|label=0	SEQ_001002|label=0
SEQ_001003|label=1	SEQ_001003|label=1
SEQ_001004|label=1	SEQ_001004|label=1
SEQ_001005|label=1	SEQ_001005|label=1
SEQ_001006|label=1	SEQ_001006|label=1
SEQ_001007|label=1	SEQ_001007|label=1
SEQ_001008|label=1	SEQ_001008|label=1
SEQ_001009|label=0	SEQ_001009|label=0
SEQ_001010|label=0	SEQ_001010|label=0
SEQ_001011|label=1	SEQ_001011|label=1
SEQ_001012|label=1	SEQ_001012|label=1
SEQ_001013|label=1	SEQ_001013|label=1
SEQ_001014|label=1	SEQ_001014|label=1
SEQ_001015|label=0	SEQ_001015|label=0
SEQ_001016|label=0	SEQ_001016|label=0
SEQ_001017|label=1	SEQ_001017|label=1
SEQ_001018|label=1	SEQ_001018|label=1
SEQ_001019|label=1	SEQ_001019|label=1
SEQ_001020|label=0	SEQ_001020|label=0
SEQ_001021|label=0	SEQ_001021|label=0
SEQ_001022|label=1	SEQ_001022|label=1
SEQ_001023|label=0	SEQ_001023|label=0
SEQ_001024|label=1	SEQ_001024|label=1
SEQ_001025|label=0	SEQ_001025|label=0
SEQ_001026|label=1	SEQ_001026|label=1
SEQ_001027|label=0	SEQ_001027|label=0
SEQ_001028|label=1	SEQ_001028|label=1
SEQ_001029|label=0	SEQ_001029|label=0
SEQ_001030|label=0	SEQ_001030|label=0
SEQ_001031|label=1	SEQ_001031|label=1
SEQ_001032|label=1	SEQ_001032|label=1
SEQ_001033|label=0	SEQ_001033|label=0
SEQ_001034|label=0	SEQ_001034|label=0
SEQ_001035|label=0	SEQ_001035|label=0
SEQ_001036|label=0	SEQ_001036|label=0
SEQ_001037|label=1	SEQ_001037|label=1
SEQ_001038|label=1	SEQ_001038|label=1
SEQ_001039|label=1	SEQ_001039|label=1
SEQ_001040|label=0	SEQ_001040|label=0
SEQ_001041|label=1	SEQ_001041|label=1
SEQ_001042|label=0	SEQ_001042|label=0
SEQ_001043|label=0	SEQ_001043|label=0
SEQ_001044|label=0	SEQ_001044|label=0
SEQ_001045|label=1	SEQ_001045|label=1
SEQ_001046|label=1	SEQ_001046|label=1
SEQ_001047|label=0	SEQ_001047|label=0
SEQ_001048|label=1	SEQ_001048|label=1
SEQ_001049|label=0	SEQ_001049|label=0
SEQ_001050|label=0	SEQ_001050|label=0
SEQ_001051|label=1	SEQ_001051|label=1
SEQ_001052|label=0	SEQ_001052|label=0
SEQ_001053|label=1	SEQ_001053|label=1
SEQ_001054|label=1	SEQ_001054|label=1
SEQ_001055|label=0	SEQ_001055|label=0
SEQ_001056|label=1	SEQ_001056|label=1
SEQ_001057|label=0	SEQ_001057|label=0
SEQ_001058|label=1	SEQ_001058|label=1
SEQ_001059|label=0	SEQ_001059|label=0
SEQ_001060|label=0	SEQ_001060|label=0
SEQ_001061|label=1	SEQ_001061|label=1
SEQ_001062|label=1	SEQ_001062|label=1
SEQ_001063|label=1	SEQ_001063|label=1
SEQ_001064|label=1	SEQ_001064|label=1
SEQ_001065|label=0	SEQ_001065|label=0
SEQ_001066|label=1	SEQ_001066|label=1
SEQ_001067|label=0	SEQ_001067|label=0
SEQ_001068|label=0	SEQ_001068|label=0
SEQ_001069|label=0	SEQ_001069|label=0
SEQ_001070|label=1	SEQ_001070|label=1
SEQ_001071|label=0	SEQ_001071|label=0
SEQ_001072|label=1	SEQ_001072|label=1
SEQ_001073|label=0	SEQ_001073|label=0
SEQ_001074|label=1	SEQ_001074|label=1
SEQ_001075|label=1	SEQ_001075|label=1
SEQ_001076|label=0	SEQ_001076|label=0
SEQ_001077|label=1	SEQ_001077|label=1
SEQ_001078|label=1	SEQ_001078|label=1
SEQ_001079|label=1	SEQ_001079|label=1
SEQ_001080|label=0	SEQ_001080|label=0
SEQ_001081|label=1	SEQ_001081|label=1
SEQ_001082|label=1	SEQ_001082|label=1
SEQ_001083|label=1	SEQ_001083|label=1
SEQ_001084|label=0	SEQ_001084|label=0
SEQ_001085|label=1	SEQ_001085|label=1
SEQ_001086|label=0	SEQ_001086|label=0
SEQ_001087|label=0	SEQ_001087|label=0
SEQ_001088|label=1	SEQ_001088|label=1
SEQ_001089|label=0	SEQ_001089|label=0
SEQ_001090|label=0	SEQ_001090|label=0
SEQ_001091|label=0	SEQ_001091|label=0
SEQ_001092|label=0	SEQ_001092|label=0
SEQ_001093|label=1	SEQ_001093|label=1
SEQ_001094|label=0	SEQ_001094|label=0
SEQ_001095|label=1	SEQ_001095|label=1
SEQ_001096|label=1	SEQ_001096|label=1
SEQ_001097|label=1	SEQ_001097|label=1
SEQ_001098|label=0	SEQ_001098|label=0
SEQ_001099|label=1	SEQ_001099|label=1
SEQ_001100|label=1	SEQ_001100|label=1
SEQ_002001|label=1	SEQ_002001|label=1
SEQ_002002|label=0	SEQ_002002|label=0
SEQ_002003|label=0	SEQ_002003|label=0
SEQ_002004|label=1	SEQ_002004|label=1
SEQ_002005|label=0	SEQ_002005|label=0
SEQ_002006|label=0	SEQ_002006|label=0
SEQ_002007|label=0	SEQ_002007|label=0
SEQ_002008|label=0	SEQ_002008|label=0
SEQ_002009|label=1	SEQ_002009|label=1
SEQ_002010|label=1	SEQ_002010|label=1
SEQ_002011|label=0	SEQ_002011|label=0
SEQ_002012|label=1	SEQ_002012|label=1
SEQ_002013|label=0	SEQ_002013|label=0
SEQ_002014|label=1	SEQ_002014|label=1
SEQ_002015|label=1	SEQ_002015|label=1
SEQ_002016|label=1	SEQ_002016|label=1
SEQ_002017|label=0	SEQ_002017|label=0
SEQ_002018|label=1	SEQ_002018|label=1
SEQ_002019|label=0	SEQ_002019|label=0
SEQ_002020|label=0	SEQ_002020|label=0
SEQ_002021|label=1	SEQ_002021|label=1
SEQ_002022|label=0	SEQ_002022|label=0
SEQ_002023|label=0	SEQ_002023|label=0
SEQ_002024|label=1	SEQ_002024|label=1
SEQ_002025|label=1	SEQ_002025|label=1
SEQ_002026|label=1	SEQ_002026|label=1
SEQ_002027|label=1	SEQ_002027|label=1
SEQ_002028|label=0	SEQ_002028|label=0
SEQ_002029|label=0	SEQ_002029|label=0
SEQ_002030|label=1	SEQ_002030|label=1
SEQ_002031|label=1	SEQ_002031|label=1
SEQ_002032|label=1	SEQ_002032|label=1
SEQ_002033|label=0	SEQ_002033|label=0
SEQ_002034|label=1	SEQ_002034|label=1
SEQ_002035|label=0	SEQ_002035|label=0
SEQ_002036|label=1	SEQ_002036|label=1
SEQ_002037|label=0	SEQ_002037|label=0
SEQ_002038|label=0	SEQ_002038|label=0
SEQ_002039|label=0	SEQ_002039|label=0
SEQ_002040|label=0	SEQ_002040|label=0
SEQ_002041|label=0	SEQ_002041|label=0
SEQ_002042|label=0	SEQ_002042|label=0
SEQ_002043|label=0	SEQ_002043|label=0
SEQ_002044|label=0	SEQ_002044|label=0
SEQ_002045|label=0	SEQ_002045|label=0
SEQ_002046|label=0	SEQ_002046|label=0
SEQ_002047|label=1	SEQ_002047|label=1
SEQ_002048|label=1	SEQ_002048|label=1
SEQ_002049|label=1	SEQ_002049|label=1
SEQ_002050|label=0	SEQ_002050|label=0
SEQ_002051|label=0	SEQ_002051|label=0
SEQ_002052|label=1	SEQ_002052|label=1
SEQ_002053|label=1	SEQ_002053|label=1
SEQ_002054|label=0	SEQ_002054|label=0
SEQ_002055|label=0	SEQ_002055|label=0
SEQ_002056|label=1	SEQ_002056|label=1
SEQ_002057|label=0	SEQ_002057|label=0
SEQ_002058|label=0	SEQ_002058|label=0
SEQ_002059|label=1	SEQ_002059|label=1
SEQ_002060|label=1	SEQ_002060|label=1
SEQ_002061|label=0	SEQ_002061|label=0
SEQ_002062|label=1	SEQ_002062|label=1
SEQ_002063|label=1	SEQ_002063|label=1
SEQ_002064|label=1	SEQ_002064|label=1
SEQ_002065|label=1	SEQ_002065|label=1
SEQ_002066|label=1	SEQ_002066|label=1
SEQ_002067|label=0	SEQ_002067|label=0
SEQ_002068|label=0	SEQ_002068|label=0
SEQ_002069|label=1	SEQ_002069|label=1
SEQ_002070|label=1	SEQ_002070|label=1
SEQ_002071|label=0	SEQ_002071|label=0
SEQ_002072|label=0	SEQ_002072|label=0
SEQ_002073|label=0	SEQ_002073|label=0
SEQ_002074|label=1	SEQ_002074|label=1
SEQ_002075|label=0	SEQ_002075|label=0
SEQ_002076|label=1	SEQ_002076|label=1
SEQ_002077|label=0	SEQ_002077|label=0
SEQ_002078|label=0	SEQ_002078|label=0
SEQ_002079|label=1	SEQ_002079|label=1
SEQ_002080|label=0	SEQ_002080|label=0
SEQ_002081|label=1	SEQ_002081|label=1
SEQ_002082|label=0	SEQ_002082|label=0
SEQ_002083|label=1	SEQ_002083|label=1
SEQ_002084|label=0	SEQ_002084|label=0
SEQ_002085|label=1	SEQ_002085|label=1
SEQ_002086|label=1	SEQ_002086|label=1
SEQ_002087|label=0	SEQ_002087|label=0
SEQ_002088|label=1	SEQ_002088|label=1
SEQ_002089|label=1	SEQ_002089|label=1
SEQ_002090|label=1	SEQ_002090|label=1
SEQ_002091|label=0	SEQ_002091|label=0
SEQ_002092|label=0	SEQ_002092|label=0
SEQ_002093|label=0	SEQ_002093|label=0
SEQ_002094|label=1	SEQ_002094|label=1
SEQ_002095|label=0	SEQ_002095|label=0
SEQ_002096|label=1	SEQ_002096|label=1
SEQ_002097|label=0	SEQ_002097|label=0
SEQ_002098|label=1	SEQ_002098|label=1
SEQ_002099|label=1	SEQ_002099|label=1
SEQ_002100|label=1	SEQ_002100|label=1
SEQ_002801|label=1	SEQ_002801|label=1
SEQ_002802|label=0	SEQ_002802|label=0
SEQ_002803|label=0	SEQ_002803|label=0
SEQ_002804|label=0	SEQ_002804|label=0
SEQ_002805|label=0	SEQ_002805|label=0
SEQ_002806|label=0	SEQ_002806|label=0
SEQ_002807|label=0	SEQ_002807|label=0
SEQ_002808|label=1	SEQ_002808|label=1
SEQ_002809|label=1	SEQ_002809|label=1
SEQ_002810|label=1	SEQ_002810|label=1
SEQ_002811|label=0	SEQ_002811|label=0
SEQ_002812|label=1	SEQ_002812|label=1
SEQ_002813|label=1	SEQ_002813|label=1
SEQ_002814|label=1	SEQ_002814|label=1
SEQ_002815|label=1	SEQ_002815|label=1
SEQ_002816|label=0	SEQ_002816|label=0
SEQ_002817|label=1	SEQ_002817|label=1
SEQ_002818|label=1	SEQ_002818|label=1
SEQ_002819|label=1	SEQ_002819|label=1
SEQ_002820|label=0	SEQ_002820|label=0
SEQ_002821|label=0	SEQ_002821|label=0
SEQ_002822|label=1	SEQ_002822|label=1
SEQ_002823|label=1	SEQ_002823|label=1
SEQ_002824|label=1	SEQ_002824|label=1
SEQ_002825|label=0	SEQ_002825|label=0
SEQ_002826|label=0	SEQ_002826|label=0
SEQ_002827|label=0	SEQ_002827|label=0
SEQ_002828|label=0	SEQ_002828|label=0
SEQ_002829|label=0	SEQ_002829|label=0
SEQ_002830|label=1	SEQ_002830|label=1
SEQ_002831|label=0	SEQ_002831|label=0
SEQ_002832|label=1	SEQ_002832|label=1
SEQ_002833|label=0	SEQ_002833|label=0
SEQ_002834|label=0	SEQ_002834|label=0
SEQ_002835|label=1	SEQ_002835|label=1
SEQ_002836|label=1	SEQ_002836|label=1
SEQ_002837|label=0	SEQ_002837|label=0
SEQ_002838|label=1	SEQ_002838|label=1
SEQ_002839|label=0	SEQ_002839|label=0
SEQ_002840|label=0	SEQ_002840|label=0
SEQ_002841|label=0	SEQ_002841|label=0
SEQ_002842|label=0	SEQ_002842|label=0
SEQ_002843|label=0	SEQ_002843|label=0
SEQ_002844|label=0	SEQ_002844|label=0
SEQ_002845|label=0	SEQ_002845|label=0
SEQ_002846|label=1	SEQ_002846|label=1
SEQ_002847|label=1	SEQ_002847|label=1
SEQ_002848|label=1	SEQ_002848|label=1
SEQ_002849|label=0	SEQ_002849|label=0
SEQ_002850|label=1	SEQ_002850|label=1
SEQ_002851|label=1	SEQ_002851|label=1
SEQ_002852|label=0	SEQ_002852|label=0
SEQ_002853|label=0	SEQ_002853|label=0
SEQ_002854|label=1	SEQ_002854|label=1
SEQ_002855|label=1	SEQ_002855|label=1
SEQ_002856|label=0	SEQ_002856|label=0
SEQ_002857|label=0	SEQ_002857|label=0
SEQ_002858|label=1	SEQ_002858|label=1
SEQ_002859|label=0	SEQ_002859|label=0
SEQ_002860|label=1	SEQ_002860|label=1
SEQ_002861|label=0	SEQ_002861|label=0
SEQ_002862|label=0	SEQ_002862|label=0
SEQ_002863|label=0	SEQ_002863|label=0
SEQ_002864|label=1	SEQ_002864|label=1
SEQ_002865|label=0	SEQ_002865|label=0
SEQ_002866|label=1	SEQ_002866|label=1
SEQ_002867|label=1	SEQ_002867|label=1
SEQ_002868|label=0	SEQ_002868|label=0
SEQ_002869|label=1	SEQ_002869|label=1
SEQ_002870|label=1	SEQ_002870|label=1
SEQ_002871|label=0	SEQ_002871|label=0
SEQ_002872|label=0	SEQ_002872|label=0
SEQ_002873|label=0	SEQ_002873|label=0
SEQ_002874|label=1	SEQ_002874|label=1
SEQ_002875|label=1	SEQ_002875|label=1
SEQ_002876|label=0	SEQ_002876|label=0
SEQ_002877|label=1	SEQ_002877|label=1
SEQ_002878|label=0	SEQ_002878|label=0
SEQ_002879|label=0	SEQ_002879|label=0
SEQ_002880|label=0	SEQ_002880|label=0
SEQ_002881|label=1	SEQ_002881|label=1
SEQ_002882|label=0	SEQ_002882|label=0
SEQ_002883|label=1	SEQ_002883|label=1
SEQ_002884|label=0	SEQ_002884|label=0
SEQ_002885|label=1	SEQ_002885|label=1
SEQ_002886|label=0	SEQ_002886|label=0
SEQ_002887|label=0	SEQ_002887|label=0
SEQ_002888|label=1	SEQ_002888|label=1
SEQ_002889|label=1	SEQ_002889|label=1
SEQ_002890|label=1	SEQ_002890|label=1
SEQ_002891|label=1	SEQ_002891|label=1
SEQ_002892|label=0	SEQ_002892|label=0
SEQ_002893|label=0	SEQ_002893|label=0
SEQ_002894|label=1	SEQ_002894|label=1
SEQ_002895|label=0	SEQ_002895|label=0
SEQ_002896|label=1	SEQ_002896|label=1
SEQ_002897|label=1	SEQ_002897|label=1
SEQ_002898|label=0	SEQ_002898|label=0
SEQ_002899|label=1	SEQ_002899|label=1
SEQ_002900|label=1	SEQ_002900|label=1
SEQ_003601|label=1	SEQ_003601|label=1
SEQ_003602|label=1	SEQ_003602|label=1
SEQ_003603|label=1	SEQ_003603|label=1
SEQ_003604|label=0	SEQ_003604|label=0
SEQ_003605|label=1	SEQ_003605|label=1
SEQ_003606|label=1	SEQ_003606|label=1
SEQ_003607|label=0	SEQ_003607|label=0
SEQ_003608|label=1	SEQ_003608|label=1
SEQ_003609|label=0	SEQ_003609|label=0
SEQ_003610|label=0	SEQ_003610|label=0
SEQ_003611|label=1	SEQ_003611|label=1
SEQ_003612|label=1	SEQ_003612|label=1
SEQ_003613|label=1	SEQ_003613|label=1
SEQ_003614|label=0	SEQ_003614|label=0
SEQ_003615|label=0	SEQ_003615|label=0
SEQ_003616|label=0	SEQ_003616|label=0
SEQ_003617|label=1	SEQ_003617|label=1
SEQ_003618|label=1	SEQ_003618|label=1
SEQ_003619|label=1	SEQ_003619|label=1
SEQ_003620|label=1	SEQ_003620|label=1
SEQ_003621|label=1	SEQ_003621|label=1
SEQ_003622|label=0	SEQ_003622|label=0
SEQ_003623|label=1	SEQ_003623|label=1
SEQ_003624|label=1	SEQ_003624|label=1
SEQ_003625|label=1	SEQ_003625|label=1
SEQ_003626|label=1	SEQ_003626|label=1
SEQ_003627|label=0	SEQ_003627|label=0
SEQ_003628|label=1	SEQ_003628|label=1
SEQ_003629|label=0	SEQ_003629|label=0
SEQ_003630|label=1	SEQ_003630|label=1
SEQ_003631|label=1	SEQ_003631|label=1
SEQ_003632|label=1	SEQ_003632|label=1
SEQ_003633|label=1	SEQ_003633|label=1
SEQ_003634|label=1	SEQ_003634|label=1
SEQ_003635|label=1	SEQ_003635|label=1
SEQ_003636|label=0	SEQ_003636|label=0
SEQ_003637|label=1	SEQ_003637|label=1
SEQ_003638|label=1	SEQ_003638|label=1
SEQ_003639|label=1	SEQ_003639|label=1
SEQ_003640|label=1	SEQ_003640|label=1
SEQ_003641|label=0	SEQ_003641|label=0
SEQ_003642|label=1	SEQ_003642|label=1
SEQ_003643|label=1	SEQ_003643|label=1
SEQ_003644|label=1	SEQ_003644|label=1
SEQ_003645|label=1	SEQ_003645|label=1
SEQ_003646|label=1	SEQ_003646|label=1
SEQ_003647|label=1	SEQ_003647|label=1
SEQ_003648|label=0	SEQ_003648|label=0
SEQ_003649|label=0	SEQ_003649|label=0
SEQ_003650|label=1	SEQ_003650|label=1
SEQ_003651|label=1	SEQ_003651|label=1
SEQ_003652|label=1	SEQ_003652|label=1
SEQ_003653|label=1	SEQ_003653|label=1
SEQ_003654|label=0	SEQ_003654|label=0
SEQ_003655|label=0	SEQ_003655|label=0
SEQ_003656|label=1	SEQ_003656|label=1
SEQ_003657|label=1	SEQ_003657|label=1
SEQ_003658|label=0	SEQ_003658|label=0
SEQ_003659|label=1	SEQ_003659|label=1
SEQ_003660|label=0	SEQ_003660|label=0
SEQ_003661|label=0	SEQ_003661|label=0
SEQ_003662|label=1	SEQ_003662|label=1
SEQ_003663|label=0	SEQ_003663|label=0
SEQ_003664|label=1	SEQ_003664|label=1
SEQ_003665|label=1	SEQ_003665|label=1
SEQ_003666|label=0	SEQ_003666|label=0
SEQ_003667|label=0	SEQ_003667|label=0
SEQ_003668|label=1	SEQ_003668|label=1
SEQ_003669|label=1	SEQ_003669|label=1
SEQ_003670|label=1	SEQ_003670|label=1
SEQ_003671|label=0	SEQ_003671|label=0
SEQ_003672|label=0	SEQ_003672|label=0
SEQ_003673|label=0	SEQ_003673|label=0
SEQ_003674|label=0	SEQ_003674|label=0
SEQ_003675|label=0	SEQ_003675|label=0
SEQ_003676|label=0	SEQ_003676|label=0
SEQ_003677|label=1	SEQ_003677|label=1
SEQ_003678|label=0	SEQ_003678|label=0
SEQ_003679|label=0	SEQ_003679|label=0
SEQ_003680|label=1	SEQ_003680|label=1
SEQ_003681|label=1	SEQ_003681|label=1
SEQ_003682|label=1	SEQ_003682|label=1
SEQ_003683|label=0	SEQ_003683|label=0
SEQ_003684|label=1	SEQ_003684|label=1
SEQ_003685|label=0	SEQ_003685|label=0
SEQ_003686|label=0	SEQ_003686|label=0
SEQ_003687|label=0	SEQ_003687|label=0
SEQ_003688|label=1	SEQ_003688|label=1
SEQ_003689|label=0	SEQ_003689|label=0
SEQ_003690|label=0	SEQ_003690|label=0
SEQ_003691|label=0	SEQ_003691|label=0
SEQ_003692|label=1	SEQ_003692|label=1
SEQ_003693|label=1	SEQ_003693|label=1
SEQ_003694|label=1	SEQ_003694|label=1
SEQ_003695|label=0	SEQ_003695|label=0
SEQ_003696|label=0	SEQ_003696|label=0
SEQ_003697|label=1	SEQ_003697|label=1
SEQ_003698|label=1	SEQ_003698|label=1
SEQ_003699|label=1	SEQ_003699|label=1
SEQ_003700|label=1	SEQ_003700|label=1
SEQ_004201|label=1	SEQ_004201|label=1
SEQ_004202|label=1	SEQ_004202|label=1
SEQ_004203|label=1	SEQ_004203|label=1
SEQ_004204|label=1	SEQ_004204|label=1
SEQ_004205|label=0	SEQ_004205|label=0
SEQ_004206|label=1	SEQ_004206|label=1
SEQ_004207|label=1	SEQ_004207|label=1
SEQ_004208|label=0	SEQ_004208|label=0
SEQ_004209|label=1	SEQ_004209|label=1
SEQ_004210|label=0	SEQ_004210|label=0
SEQ_004211|label=1	SEQ_004211|label=1
SEQ_004212|label=1	SEQ_004212|label=1
SEQ_004213|label=1	SEQ_004213|label=1
SEQ_004214|label=0	SEQ_004214|label=0
SEQ_004215|label=1	SEQ_004215|label=1
SEQ_004216|label=0	SEQ_004216|label=0
SEQ_004217|label=1	SEQ_004217|label=1
SEQ_004218|label=0	SEQ_004218|label=0
SEQ_004219|label=0	SEQ_004219|label=0
SEQ_004220|label=0	SEQ_004220|label=0
SEQ_004221|label=0	SEQ_004221|label=0
SEQ_004222|label=0	SEQ_004222|label=0
SEQ_004223|label=1	SEQ_004223|label=1
SEQ_004224|label=0	SEQ_004224|label=0
SEQ_004225|label=1	SEQ_004225|label=1
SEQ_004226|label=0	SEQ_004226|label=0
SEQ_004227|label=0	SEQ_004227|label=0
SEQ_004228|label=1	SEQ_004228|label=1
SEQ_004229|label=0	SEQ_004229|label=0
SEQ_004230|label=1	SEQ_004230|label=1
SEQ_004231|label=1	SEQ_004231|label=1
SEQ_004232|label=0	SEQ_004232|label=0
SEQ_004233|label=0	SEQ_004233|label=0
SEQ_004234|label=1	SEQ_004234|label=1
SEQ_004235|label=0	SEQ_004235|label=0
SEQ_004236|label=0	SEQ_004236|label=0
SEQ_004237|label=1	SEQ_004237|label=1
SEQ_004238|label=1	SEQ_004238|label=1
SEQ_004239|label=1	SEQ_004239|label=1
SEQ_004240|label=1	SEQ_004240|label=1
SEQ_004241|label=0	SEQ_004241|label=0
SEQ_004242|label=1	SEQ_004242|label=1
SEQ_004243|label=0	SEQ_004243|label=0
SEQ_004244|label=0	SEQ_004244|label=0
SEQ_004245|label=1	SEQ_004245|label=1
SEQ_004246|label=1	SEQ_004246|label=1
SEQ_004247|label=1	SEQ_004247|label=1
SEQ_004248|label=1	SEQ_004248|label=1
SEQ_004249|label=0	SEQ_004249|label=0
SEQ_004250|label=0	SEQ_004250|label=0
SEQ_004251|label=0	SEQ_004251|label=0
SEQ_004252|label=1	SEQ_004252|label=1
SEQ_004253|label=0	SEQ_004253|label=0
SEQ_004254|label=0	SEQ_004254|label=0
SEQ_004255|label=1	SEQ_004255|label=1
SEQ_004256|label=0	SEQ_004256|label=0
SEQ_004257|label=0	SEQ_004257|label=0
SEQ_004258|label=1	SEQ_004258|label=1
SEQ_004259|label=1	SEQ_004259|label=1
SEQ_004260|label=1	SEQ_004260|label=1
SEQ_004261|label=0	SEQ_004261|label=0
SEQ_004262|label=1	SEQ_004262|label=1
SEQ_004263|label=0	SEQ_004263|label=0
SEQ_004264|label=1	SEQ_004264|label=1
SEQ_004265|label=1	SEQ_004265|label=1
SEQ_004266|label=0	SEQ_004266|label=0
SEQ_004267|label=0	SEQ_004267|label=0
SEQ_004268|label=1	SEQ_004268|label=1
SEQ_004269|label=0	SEQ_004269|label=0
SEQ_004270|label=0	SEQ_004270|label=0
SEQ_004271|label=1	SEQ_004271|label=1
SEQ_004272|label=0	SEQ_004272|label=0
SEQ_004273|label=1	SEQ_004273|label=1
SEQ_004274|label=0	SEQ_004274|label=0
SEQ_004275|label=0	SEQ_004275|label=0
SEQ_004276|label=0	SEQ_004276|label=0
SEQ_004277|label=0	SEQ_004277|label=0
SEQ_004278|label=1	SEQ_004278|label=1
SEQ_004279|label=0	SEQ_004279|label=0
SEQ_004280|label=0	SEQ_004280|label=0
SEQ_004281|label=1	SEQ_004281|label=1
SEQ_004282|label=1	SEQ_004282|label=1
SEQ_004283|label=1	SEQ_004283|label=1
SEQ_004284|label=0	SEQ_004284|label=0
SEQ_004285|label=0	SEQ_004285|label=0
SEQ_004286|label=1	SEQ_004286|label=1
SEQ_004287|label=0	SEQ_004287|label=0
SEQ_004288|label=1	SEQ_004288|label=1
SEQ_004289|label=1	SEQ_004289|label=1
SEQ_004290|label=1	SEQ_004290|label=1
SEQ_004291|label=1	SEQ_004291|label=1
SEQ_004292|label=0	SEQ_004292|label=0
SEQ_004293|label=1	SEQ_004293|label=1
SEQ_004294|label=1	SEQ_004294|label=1
SEQ_004295|label=0	SEQ_004295|label=0
SEQ_004296|label=0	SEQ_004296|label=0
SEQ_004297|label=0	SEQ_004297|label=0
SEQ_004298|label=1	SEQ_004298|label=1
SEQ_004299|label=0	SEQ_004299|label=0
SEQ_004300|label=0	SEQ_004300|label=0
SEQ_005201|label=0	SEQ_005201|label=0
SEQ_005202|label=0	SEQ_005202|label=0
SEQ_005203|label=1	SEQ_005203|label=1
SEQ_005204|label=0	SEQ_005204|label=0
SEQ_005205|label=1	SEQ_005205|label=1
SEQ_005206|label=0	SEQ_005206|label=0
SEQ_005207|label=1	SEQ_005207|label=1
SEQ_005208|label=0	SEQ_005208|label=0
SEQ_005209|label=1	SEQ_005209|label=1
SEQ_005210|label=0	SEQ_005210|label=0
SEQ_005211|label=1	SEQ_005211|label=1
SEQ_005212|label=0	SEQ_005212|label=0
SEQ_005213|label=0	SEQ_005213|label=0
SEQ_005214|label=1	SEQ_005214|label=1
SEQ_005215|label=1	SEQ_005215|label=1
SEQ_005216|label=0	SEQ_005216|label=0
SEQ_005217|label=0	SEQ_005217|label=0
SEQ_005218|label=1	SEQ_005218|label=1
SEQ_005219|label=0	SEQ_005219|label=0
SEQ_005220|label=1	SEQ_005220|label=1
SEQ_005221|label=0	SEQ_005221|label=0
SEQ_005222|label=0	SEQ_005222|label=0
SEQ_005223|label=1	SEQ_005223|label=1
SEQ_005224|label=0	SEQ_005224|label=0
SEQ_005225|label=0	SEQ_005225|label=0
SEQ_005226|label=1	SEQ_005226|label=1
SEQ_005227|label=0	SEQ_005227|label=0
SEQ_005228|label=1	SEQ_005228|label=1
SEQ_005229|label=1	SEQ_005229|label=1
SEQ_005230|label=0	SEQ_005230|label=0
SEQ_005231|label=0	SEQ_005231|label=0
SEQ_005232|label=0	SEQ_005232|label=0
SEQ_005233|label=1	SEQ_005233|label=1
SEQ_005234|label=0	SEQ_005234|label=0
SEQ_005235|label=1	SEQ_005235|label=1
SEQ_005236|label=1	SEQ_005236|label=1
SEQ_005237|label=0	SEQ_005237|label=0
SEQ_005238|label=1	SEQ_005238|label=1
SEQ_005239|label=0	SEQ_005239|label=0
SEQ_005240|label=1	SEQ_005240|label=1
SEQ_005241|label=1	SEQ_005241|label=1
SEQ_005242|label=1	SEQ_005242|label=1
SEQ_005243|label=1	SEQ_005243|label=1
SEQ_005244|label=0	SEQ_005244|label=0
SEQ_005245|label=0	SEQ_005245|label=0
SEQ_005246|label=0	SEQ_005246|label=0
SEQ_005247|label=1	SEQ_005247|label=1
SEQ_005248|label=1	SEQ_005248|label=1
SEQ_005249|label=0	SEQ_005249|label=0
SEQ_005250|label=1	SEQ_005250|label=1
SEQ_005251|label=1	SEQ_005251|label=1
SEQ_005252|label=1	SEQ_005252|label=1
SEQ_005253|label=0	SEQ_005253|label=0
SEQ_005254|label=1	SEQ_005254|label=1
SEQ_005255|label=0	SEQ_005255|label=0
SEQ_005256|label=0	SEQ_005256|label=0
SEQ_005257|label=1	SEQ_005257|label=1
SEQ_005258|label=0	SEQ_005258|label=0
SEQ_005259|label=0	SEQ_005259|label=0
SEQ_005260|label=0	SEQ_005260|label=0
SEQ_005261|label=1	SEQ_005261|label=1
SEQ_005262|label=1	SEQ_005262|label=1
SEQ_005263|label=0	SEQ_005263|label=0
SEQ_005264|label=0	SEQ_005264|label=0
SEQ_005265|label=0	SEQ_005265|label=0
SEQ_005266|label=1	SEQ_005266|label=1
SEQ_005267|label=1	SEQ_005267|label=1
SEQ_005268|label=0	SEQ_005268|label=0
SEQ_005269|label=1	SEQ_005269|label=1
SEQ_005270|label=0	SEQ_005270|label=0
SEQ_005271|label=1	SEQ_005271|label=1
SEQ_005272|label=0	SEQ_005272|label=0
SEQ_005273|label=1	SEQ_005273|label=1
SEQ_005274|label=1	SEQ_005274|label=1
SEQ_005275|label=1	SEQ_005275|label=1
SEQ_005276|label=1	SEQ_005276|label=1
SEQ_005277|label=0	SEQ_005277|label=0
SEQ_005278|label=1	SEQ_005278|label=1
SEQ_005279|label=1	SEQ_005279|label=1
SEQ_005280|label=0	SEQ_005280|label=0
SEQ_005281|label=0	SEQ_005281|label=0
SEQ_005282|label=0	SEQ_005282|label=0
SEQ_005283|label=1	SEQ_005283|label=1
SEQ_005284|label=0	SEQ_005284|label=0
SEQ_005285|label=1	SEQ_005285|label=1
SEQ_005286|label=1	SEQ_005286|label=1
SEQ_005287|label=0	SEQ_005287|label=0
SEQ_005288|label=0	SEQ_005288|label=0
SEQ_005289|label=1	SEQ_005289|label=1
SEQ_005290|label=0	SEQ_005290|label=0
SEQ_005291|label=0	SEQ_005291|label=0
SEQ_005292|label=0	SEQ_005292|label=0
SEQ_005293|label=0	SEQ_005293|label=0
SEQ_005294|label=0	SEQ_005294|label=0
SEQ_005295|label=0	SEQ_005295|label=0
SEQ_005296|label=0	SEQ_005296|label=0
SEQ_005297|label=1	SEQ_005297|label=1
SEQ_005298|label=0	SEQ_005298|label=0
SEQ_005299|label=1	SEQ_005299|label=1
SEQ_005300|label=1	SEQ_005300|label=1
SEQ_005901|label=1	SEQ_005901|label=1
SEQ_005902|label=1	SEQ_005902|label=1
SEQ_005903|label=0	SEQ_005903|label=0
SEQ_005904|label=0	SEQ_005904|label=0
SEQ_005905|label=1	SEQ_005905|label=1
SEQ_005906|label=0	SEQ_005906|label=0
SEQ_005907|label=0	SEQ_005907|label=0
SEQ_005908|label=1	SEQ_005908|label=1
SEQ_005909|label=0	SEQ_005909|label=0
SEQ_005910|label=1	SEQ_005910|label=1
SEQ_005911|label=1	SEQ_005911|label=1
SEQ_005912|label=0	SEQ_005912|label=0
SEQ_005913|label=0	SEQ_005913|label=0
SEQ_005914|label=1	SEQ_005914|label=1
SEQ_005915|label=1	SEQ_005915|label=1
SEQ_005916|label=1	SEQ_005916|label=1
SEQ_005917|label=1	SEQ_005917|label=1
SEQ_005918|label=1	SEQ_005918|label=1
SEQ_005919|label=1	SEQ_005919|label=1
SEQ_005920|label=1	SEQ_005920|label=1
SEQ_005921|label=0	SEQ_005921|label=0
SEQ_005922|label=1	SEQ_005922|label=1
SEQ_005923|label=1	SEQ_005923|label=1
SEQ_005924|label=0	SEQ_005924|label=0
SEQ_005925|label=1	SEQ_005925|label=1
SEQ_005926|label=1	SEQ_005926|label=1
SEQ_005927|label=1	SEQ_005927|label=1
SEQ_005928|label=0	SEQ_005928|label=0
SEQ_005929|label=0	SEQ_005929|label=0
SEQ_005930|label=0	SEQ_005930|label=0
SEQ_005931|label=0	SEQ_005931|label=0
SEQ_005932|label=1	SEQ_005932|label=1
SEQ_005933|label=0	SEQ_005933|label=0
SEQ_005934|label=0	SEQ_005934|label=0
SEQ_005935|label=1	SEQ_005935|label=1
SEQ_005936|label=1	SEQ_005936|label=1
SEQ_005937|label=0	SEQ_005937|label=0
SEQ_005938|label=1	SEQ_005938|label=1
SEQ_005939|label=0	SEQ_005939|label=0
SEQ_005940|label=0	SEQ_005940|label=0
SEQ_005941|label=1	SEQ_005941|label=1
SEQ_005942|label=1	SEQ_005942|label=1
SEQ_005943|label=1	SEQ_005943|label=1
SEQ_005944|label=0	SEQ_005944|label=0
SEQ_005945|label=0	SEQ_005945|label=0
SEQ_005946|label=1	SEQ_005946|label=1
SEQ_005947|label=1	SEQ_005947|label=1
SEQ_005948|label=1	SEQ_005948|label=1
SEQ_005949|label=1	SEQ_005949|label=1
SEQ_005950|label=1	SEQ_005950|label=1
SEQ_005951|label=1	SEQ_005951|label=1
SEQ_005952|label=1	SEQ_005952|label=1
SEQ_005953|label=0	SEQ_005953|label=0
SEQ_005954|label=0	SEQ_005954|label=0
SEQ_005955|label=1	SEQ_005955|label=1
SEQ_005956|label=0	SEQ_005956|label=0
SEQ_005957|label=0	SEQ_005957|label=0
SEQ_005958|label=0	SEQ_005958|label=0
SEQ_005959|label=1	SEQ_005959|label=1
SEQ_005960|label=1	SEQ_005960|label=1
SEQ_005961|label=0	SEQ_005961|label=0
SEQ_005962|label=1	SEQ_005962|label=1
SEQ_005963|label=0	SEQ_005963|label=0
SEQ_005964|label=0	SEQ_005964|label=0
SEQ_005965|label=1	SEQ_005965|label=1
SEQ_005966|label=1	SEQ_005966|label=1
SEQ_005967|label=1	SEQ_005967|label=1
SEQ_005968|label=0	SEQ_005968|label=0
SEQ_005969|label=1	SEQ_005969|label=1
SEQ_005970|label=1	SEQ_005970|label=1
SEQ_005971|label=0	SEQ_005971|label=0
SEQ_005972|label=1	SEQ_005972|label=1
SEQ_005973|label=0	SEQ_005973|label=0
SEQ_005974|label=1	SEQ_005974|label=1
SEQ_005975|label=0	SEQ_005975|label=0
SEQ_005976|label=1	SEQ_005976|label=1
SEQ_005977|label=1	SEQ_005977|label=1
SEQ_005978|label=0	SEQ_005978|label=0
SEQ_005979|label=1	SEQ_005979|label=1
SEQ_005980|label=1	SEQ_005980|label=1
SEQ_005981|label=1	SEQ_005981|label=1
SEQ_005982|label=0	SEQ_005982|label=0
SEQ_005983|label=1	SEQ_005983|label=1
SEQ_005984|label=0	SEQ_005984|label=0
SEQ_005985|label=1	SEQ_005985|label=1
SEQ_005986|label=1	SEQ_005986|label=1
SEQ_005987|label=1	SEQ_005987|label=1
SEQ_005988|label=1	SEQ_005988|label=1
SEQ_005989|label=0	SEQ_005989|label=0
SEQ_005990|label=0	SEQ_005990|label=0
SEQ_005991|label=1	SEQ_005991|label=1
SEQ_005992|label=1	SEQ_005992|label=1
SEQ_005993|label=1	SEQ_005993|label=1
SEQ_005994|label=1	SEQ_005994|label=1
SEQ_005995|label=1	SEQ_005995|label=1
SEQ_005996|label=0	SEQ_005996|label=0
SEQ_005997|label=1	SEQ_005997|label=1
SEQ_005998|label=0	SEQ_005998|label=0
SEQ_005999|label=1	SEQ_005999|label=1
SEQ_006000|label=0	SEQ_006000|label=0
SEQ_006701|label=1	SEQ_006701|label=1
SEQ_006702|label=0	SEQ_006702|label=0
SEQ_006703|label=0	SEQ_006703|label=0
SEQ_006704|label=0	SEQ_006704|label=0
SEQ_006705|label=1	SEQ_006705|label=1
SEQ_006706|label=0	SEQ_006706|label=0
SEQ_006707|label=1	SEQ_006707|label=1
SEQ_006708|label=0	SEQ_006708|label=0
SEQ_006709|label=0	SEQ_006709|label=0
SEQ_006710|label=1	SEQ_006710|label=1
SEQ_006711|label=0	SEQ_006711|label=0
SEQ_006712|label=0	SEQ_006712|label=0
SEQ_006713|label=1	SEQ_006713|label=1
SEQ_006714|label=1	SEQ_006714|label=1
SEQ_006715|label=0	SEQ_006715|label=0
SEQ_006716|label=0	SEQ_006716|label=0
SEQ_006717|label=0	SEQ_006717|label=0
SEQ_006718|label=0	SEQ_006718|label=0
SEQ_006719|label=0	SEQ_006719|label=0
SEQ_006720|label=1	SEQ_006720|label=1
SEQ_006721|label=1	SEQ_006721|label=1
SEQ_006722|label=0	SEQ_006722|label=0
SEQ_006723|label=0	SEQ_006723|label=0
SEQ_006724|label=1	SEQ_006724|label=1
SEQ_006725|label=1	SEQ_006725|label=1
SEQ_006726|label=1	SEQ_006726|label=1
SEQ_006727|label=1	SEQ_006727|label=1
SEQ_006728|label=1	SEQ_006728|label=1
SEQ_006729|label=0	SEQ_006729|label=0
SEQ_006730|label=1	SEQ_006730|label=1
SEQ_006731|label=1	SEQ_006731|label=1
SEQ_006732|label=0	SEQ_006732|label=0
SEQ_006733|label=0	SEQ_006733|label=0
SEQ_006734|label=1	SEQ_006734|label=1
SEQ_006735|label=1	SEQ_006735|label=1
SEQ_006736|label=0	SEQ_006736|label=0
SEQ_006737|label=1	SEQ_006737|label=1
SEQ_006738|label=0	SEQ_006738|label=0
SEQ_006739|label=1	SEQ_006739|label=1
SEQ_006740|label=1	SEQ_006740|label=1
SEQ_006741|label=1	SEQ_006741|label=1
SEQ_006742|label=1	SEQ_006742|label=1
SEQ_006743|label=0	SEQ_006743|label=0
SEQ_006744|label=0	SEQ_006744|label=0
SEQ_006745|label=0	SEQ_006745|label=0
SEQ_006746|label=0	SEQ_006746|label=0
SEQ_006747|label=0	SEQ_006747|label=0
SEQ_006748|label=0	SEQ_006748|label=0
SEQ_006749|label=1	SEQ_006749|label=1
SEQ_006750|label=1	SEQ_006750|label=1
SEQ_006751|label=1	SEQ_006751|label=1
SEQ_006752|label=0	SEQ_006752|label=0
SEQ_006753|label=1	SEQ_006753|label=1
SEQ_006754|label=1	SEQ_006754|label=1
SEQ_006755|label=0	SEQ_006755|label=0
SEQ_006756|label=0	SEQ_006756|label=0
SEQ_006757|label=0	SEQ_006757|label=0
SEQ_006758|label=1	SEQ_006758|label=1
SEQ_006759|label=0	SEQ_006759|label=0
SEQ_006760|label=0	SEQ_006760|label=0
SEQ_006761|label=0	SEQ_006761|label=0
SEQ_006762|label=0	SEQ_006762|label=0
SEQ_006763|label=0	SEQ_006763|label=0
SEQ_006764|label=0	SEQ_006764|label=0
SEQ_006765|label=0	SEQ_006765|label=0
SEQ_006766|label=1	SEQ_006766|label=1
SEQ_006767|label=1	SEQ_006767|label=1
SEQ_006768|label=1	SEQ_006768|label=1
SEQ_006769|label=0	SEQ_006769|label=0
SEQ_006770|label=0	SEQ_006770|label=0
SEQ_006771|label=0	SEQ_006771|label=0
SEQ_006772|label=1	SEQ_006772|label=1
SEQ_006773|label=1	SEQ_006773|label=1
SEQ_006774|label=1	SEQ_006774|label=1
SEQ_006775|label=0	SEQ_006775|label=0
SEQ_006776|label=1	SEQ_006776|label=1
SEQ_006777|label=1	SEQ_006777|label=1
SEQ_006778|label=1	SEQ_006778|label=1
SEQ_006779|label=1	SEQ_006779|label=1
SEQ_006780|label=0	SEQ_006780|label=0
SEQ_006781|label=1	SEQ_006781|label=1
SEQ_006782|label=0	SEQ_006782|label=0
SEQ_006783|label=1	SEQ_006783|label=1
SEQ_006784|label=0	SEQ_006784|label=0
SEQ_006785|label=1	SEQ_006785|label=1
SEQ_006786|label=1	SEQ_006786|label=1
SEQ_006787|label=0	SEQ_006787|label=0
SEQ_006788|label=0	SEQ_006788|label=0
SEQ_006789|label=0	SEQ_006789|label=0
SEQ_006790|label=1	SEQ_006790|label=1
SEQ_006791|label=1	SEQ_006791|label=1
SEQ_006792|label=1	SEQ_006792|label=1
SEQ_006793|label=1	SEQ_006793|label=1
SEQ_006794|label=1	SEQ_006794|label=1
SEQ_006795|label=0	SEQ_006795|label=0
SEQ_006796|label=1	SEQ_006796|label=1
SEQ_006797|label=1	SEQ_006797|label=1
SEQ_006798|label=1	SEQ_006798|label=1
SEQ_006799|label=1	SEQ_006799|label=1
SEQ_006800|label=1	SEQ_006800|label=1
SEQ_007601|label=1	SEQ_007601|label=1
SEQ_007602|label=1	SEQ_007602|label=1
SEQ_007603|label=0	SEQ_007603|label=0
SEQ_007604|label=0	SEQ_007604|label=0
SEQ_007605|label=1	SEQ_007605|label=1
SEQ_007606|label=0	SEQ_007606|label=0
SEQ_007607|label=1	SEQ_007607|label=1
SEQ_007608|label=1	SEQ_007608|label=1
SEQ_007609|label=0	SEQ_007609|label=0
SEQ_007610|label=0	SEQ_007610|label=0
SEQ_007611|label=0	SEQ_007611|label=0
SEQ_007612|label=1	SEQ_007612|label=1
SEQ_007613|label=0	SEQ_007613|label=0
SEQ_007614|label=0	SEQ_007614|label=0
SEQ_007615|label=0	SEQ_007615|label=0
SEQ_007616|label=1	SEQ_007616|label=1
SEQ_007617|label=0	SEQ_007617|label=0
SEQ_007618|label=1	SEQ_007618|label=1
SEQ_007619|label=0	SEQ_007619|label=0
SEQ_007620|label=1	SEQ_007620|label=1
SEQ_007621|label=1	SEQ_007621|label=1
SEQ_007622|label=1	SEQ_007622|label=1
SEQ_007623|label=1	SEQ_007623|label=1
SEQ_007624|label=1	SEQ_007624|label=1
SEQ_007625|label=1	SEQ_007625|label=1
SEQ_007626|label=0	SEQ_007626|label=0
SEQ_007627|label=0	SEQ_007627|label=0
SEQ_007628|label=0	SEQ_007628|label=0
SEQ_007629|label=0	SEQ_007629|label=0
SEQ_007630|label=0	SEQ_007630|label=0
SEQ_007631|label=1	SEQ_007631|label=1
SEQ_007632|label=1	SEQ_007632|label=1
SEQ_007633|label=1	SEQ_007633|label=1
SEQ_007634|label=1	SEQ_007634|label=1
SEQ_007635|label=0	SEQ_007635|label=0
SEQ_007636|label=0	SEQ_007636|label=0
SEQ_007637|label=1	SEQ_007637|label=1
SEQ_007638|label=0	SEQ_007638|label=0
SEQ_007639|label=0	SEQ_007639|label=0
SEQ_007640|label=0	SEQ_007640|label=0
SEQ_007641|label=1	SEQ_007641|label=1
SEQ_007642|label=0	SEQ_007642|label=0
SEQ_007643|label=1	SEQ_007643|label=1
SEQ_007644|label=0	SEQ_007644|label=0
SEQ_007645|label=1	SEQ_007645|label=1
SEQ_007646|label=0	SEQ_007646|label=0
SEQ_007647|label=1	SEQ_007647|label=1
SEQ_007648|label=1	SEQ_007648|label=1
SEQ_007649|label=1	SEQ_007649|label=1
SEQ_007650|label=0	SEQ_007650|label=0
SEQ_007651|label=0	SEQ_007651|label=0
SEQ_007652|label=1	SEQ_007652|label=1
SEQ_007653|label=1	SEQ_007653|label=1
SEQ_007654|label=0	SEQ_007654|label=0
SEQ_007655|label=1	SEQ_007655|label=1
SEQ_007656|label=1	SEQ_007656|label=1
SEQ_007657|label=1	SEQ_007657|label=1
SEQ_007658|label=1	SEQ_007658|label=1
SEQ_007659|label=1	SEQ_007659|label=1
SEQ_007660|label=0	SEQ_007660|label=0
SEQ_007661|label=0	SEQ_007661|label=0
SEQ_007662|label=1	SEQ_007662|label=1
SEQ_007663|label=1	SEQ_007663|label=1
SEQ_007664|label=0	SEQ_007664|label=0
SEQ_007665|label=1	SEQ_007665|label=1
SEQ_007666|label=0	SEQ_007666|label=0
SEQ_007667|label=1	SEQ_007667|label=1
SEQ_007668|label=0	SEQ_007668|label=0
SEQ_007669|label=0	SEQ_007669|label=0
SEQ_007670|label=1	SEQ_007670|label=1
SEQ_007671|label=0	SEQ_007671|label=0
SEQ_007672|label=1	SEQ_007672|label=1
SEQ_007673|label=1	SEQ_007673|label=1
SEQ_007674|label=0	SEQ_007674|label=0
SEQ_007675|label=1	SEQ_007675|label=1
SEQ_007676|label=1	SEQ_007676|label=1
SEQ_007677|label=0	SEQ_007677|label=0
SEQ_007678|label=1	SEQ_007678|label=1
SEQ_007679|label=0	SEQ_007679|label=0
SEQ_007680|label=1	SEQ_007680|label=1
SEQ_007681|label=0	SEQ_007681|label=0
SEQ_007682|label=1	SEQ_007682|label=1
SEQ_007683|label=0	SEQ_007683|label=0
SEQ_007684|label=0	SEQ_007684|label=0
SEQ_007685|label=1	SEQ_007685|label=1
SEQ_007686|label=1	SEQ_007686|label=1
SEQ_007687|label=1	SEQ_007687|label=1
SEQ_007688|label=1	SEQ_007688|label=1
SEQ_007689|label=1	SEQ_007689|label=1
SEQ_007690|label=1	SEQ_007690|label=1
SEQ_007691|label=1	SEQ_007691|label=1
SEQ_007692|label=1	SEQ_007692|label=1
SEQ_007693|label=0	SEQ_007693|label=0
SEQ_007694|label=1	SEQ_007694|label=1
SEQ_007695|label=1	SEQ_007695|label=1
SEQ_007696|label=0	SEQ_007696|label=0
SEQ_007697|label=0	SEQ_007697|label=0
SEQ_007698|label=0	SEQ_007698|label=0
SEQ_007699|label=0	SEQ_007699|label=0
SEQ_007700|label=0	SEQ_007700|label=0
SEQ_008401|label=1	SEQ_008401|label=1
SEQ_008402|label=1	SEQ_008402|label=1
SEQ_008403|label=1	SEQ_008403|label=1
SEQ_008404|label=0	SEQ_008404|label=0
SEQ_008405|label=1	SEQ_008405|label=1
SEQ_008406|label=1	SEQ_008406|label=1
SEQ_008407|label=1	SEQ_008407|label=1
SEQ_008408|label=1	SEQ_008408|label=1
SEQ_008409|label=1	SEQ_008409|label=1
SEQ_008410|label=1	SEQ_008410|label=1
SEQ_008411|label=0	SEQ_008411|label=0
SEQ_008412|label=0	SEQ_008412|label=0
SEQ_008413|label=0	SEQ_008413|label=0
SEQ_008414|label=1	SEQ_008414|label=1
SEQ_008415|label=1	SEQ_008415|label=1
SEQ_008416|label=0	SEQ_008416|label=0
SEQ_008417|label=0	SEQ_008417|label=0
SEQ_008418|label=1	SEQ_008418|label=1
SEQ_008419|label=0	SEQ_008419|label=0
SEQ_008420|label=1	SEQ_008420|label=1
SEQ_008421|label=1	SEQ_008421|label=1
SEQ_008422|label=1	SEQ_008422|label=1
SEQ_008423|label=1	SEQ_008423|label=1
SEQ_008424|label=1	SEQ_008424|label=1
SEQ_008425|label=0	SEQ_008425|label=0
SEQ_008426|label=1	SEQ_008426|label=1
SEQ_008427|label=1	SEQ_008427|label=1
SEQ_008428|label=1	SEQ_008428|label=1
SEQ_008429|label=1	SEQ_008429|label=1
SEQ_008430|label=0	SEQ_008430|label=0
SEQ_008431|label=1	SEQ_008431|label=1
SEQ_008432|label=1	SEQ_008432|label=1
SEQ_008433|label=0	SEQ_008433|label=0
SEQ_008434|label=0	SEQ_008434|label=0
SEQ_008435|label=1	SEQ_008435|label=1
SEQ_008436|label=0	SEQ_008436|label=0
SEQ_008437|label=1	SEQ_008437|label=1
SEQ_008438|label=1	SEQ_008438|label=1
SEQ_008439|label=1	SEQ_008439|label=1
SEQ_008440|label=0	SEQ_008440|label=0
SEQ_008441|label=0	SEQ_008441|label=0
SEQ_008442|label=0	SEQ_008442|label=0
SEQ_008443|label=0	SEQ_008443|label=0
SEQ_008444|label=0	SEQ_008444|label=0
SEQ_008445|label=1	SEQ_008445|label=1
SEQ_008446|label=1	SEQ_008446|label=1
SEQ_008447|label=0	SEQ_008447|label=0
SEQ_008448|label=0	SEQ_008448|label=0
SEQ_008449|label=0	SEQ_008449|label=0
SEQ_008450|label=1	SEQ_008450|label=1
SEQ_008451|label=0	SEQ_008451|label=0
SEQ_008452|label=0	SEQ_008452|label=0
SEQ_008453|label=0	SEQ_008453|label=0
SEQ_008454|label=1	SEQ_008454|label=1
SEQ_008455|label=0	SEQ_008455|label=0
SEQ_008456|label=1	SEQ_008456|label=1
SEQ_008457|label=1	SEQ_008457|label=1
SEQ_008458|label=1	SEQ_008458|label=1
SEQ_008459|label=1	SEQ_008459|label=1
SEQ_008460|label=1	SEQ_008460|label=1
SEQ_008461|label=0	SEQ_008461|label=0
SEQ_008462|label=0	SEQ_008462|label=0
SEQ_001563|label=0	SEQ_001563|label=0
SEQ_001564|label=0	SEQ_001564|label=0
SEQ_001565|label=0	SEQ_001565|label=0
SEQ_001566|label=0	SEQ_001566|label=0
SEQ_001567|label=1	SEQ_001567|label=1
SEQ_001568|label=0	SEQ_001568|label=0
SEQ_001569|label=1	SEQ_001569|label=1
SEQ_001570|label=0	SEQ_001570|label=0
SEQ_001571|label=0	SEQ_001571|label=0
SEQ_001572|label=0	SEQ_001572|label=0
SEQ_001573|label=0	SEQ_001573|label=0
SEQ_001574|label=0	SEQ_001574|label=0
SEQ_001575|label=1	SEQ_001575|label=1
SEQ_001576|label=0	SEQ_001576|label=0
SEQ_001577|label=1	SEQ_001577|label=1
SEQ_001578|label=0	SEQ_001578|label=0
SEQ_001579|label=1	SEQ_001579|label=1
SEQ_001580|label=0	SEQ_001580|label=0
SEQ_001581|label=0	SEQ_001581|label=0
SEQ_001582|label=0	SEQ_001582|label=0
SEQ_001583|label=0	SEQ_001583|label=0
SEQ_001584|label=1	SEQ_001584|label=1
SEQ_001585|label=0	SEQ_001585|label=0
SEQ_001586|label=0	SEQ_001586|label=0
SEQ_001587|label=1	SEQ_001587|label=1
SEQ_001588|label=0	SEQ_001588|label=0
SEQ_001589|label=1	SEQ_001589|label=1
SEQ_001590|label=1	SEQ_001590|label=1
SEQ_001591|label=0	SEQ_001591|label=0
SEQ_001592|label=1	SEQ_001592|label=1
SEQ_001593|label=1	SEQ_001593|label=1
SEQ_001594|label=1	SEQ_001594|label=1
SEQ_001595|label=1	SEQ_001595|label=1
SEQ_001596|label=1	SEQ_001596|label=1
SEQ_001597|label=0	SEQ_001597|label=0
SEQ_001598|label=0	SEQ_001598|label=0
SEQ_001599|label=1	SEQ_001599|label=1
SEQ_001600|label=1	SEQ_001600|label=1
SEQ_002501|label=0	SEQ_002501|label=0
SEQ_002502|label=0	SEQ_002502|label=0
SEQ_002503|label=0	SEQ_002503|label=0
SEQ_002504|label=1	SEQ_002504|label=1
SEQ_002505|label=1	SEQ_002505|label=1
SEQ_002506|label=1	SEQ_002506|label=1
SEQ_002507|label=1	SEQ_002507|label=1
SEQ_002508|label=1	SEQ_002508|label=1
SEQ_002509|label=1	SEQ_002509|label=1
SEQ_002510|label=1	SEQ_002510|label=1
SEQ_002511|label=0	SEQ_002511|label=0
SEQ_002512|label=0	SEQ_002512|label=0
SEQ_002513|label=0	SEQ_002513|label=0
SEQ_002514|label=1	SEQ_002514|label=1
SEQ_002515|label=0	SEQ_002515|label=0
SEQ_002516|label=1	SEQ_002516|label=1
SEQ_002517|label=0	SEQ_002517|label=0
SEQ_002518|label=0	SEQ_002518|label=0
SEQ_002519|label=1	SEQ_002519|label=1
SEQ_002520|label=1	SEQ_002520|label=1
SEQ_002521|label=0	SEQ_002521|label=0
SEQ_002522|label=0	SEQ_002522|label=0
SEQ_002523|label=1	SEQ_002523|label=1
SEQ_002524|label=1	SEQ_002524|label=1
SEQ_002525|label=0	SEQ_002525|label=0
SEQ_002526|label=0	SEQ_002526|label=0
SEQ_002527|label=0	SEQ_002527|label=0
SEQ_002528|label=1	SEQ_002528|label=1
SEQ_002529|label=0	SEQ_002529|label=0
SEQ_002530|label=1	SEQ_002530|label=1
SEQ_002531|label=1	SEQ_002531|label=1
SEQ_002532|label=1	SEQ_002532|label=1
SEQ_002533|label=1	SEQ_002533|label=1
SEQ_002534|label=1	SEQ_002534|label=1
SEQ_002535|label=1	SEQ_002535|label=1
SEQ_002536|label=1	SEQ_002536|label=1
SEQ_002537|label=1	SEQ_002537|label=1
SEQ_002538|label=1	SEQ_002538|label=1
SEQ_002539|label=0	SEQ_002539|label=0
SEQ_002540|label=1	SEQ_002540|label=1
SEQ_002541|label=1	SEQ_002541|label=1
SEQ_002542|label=1	SEQ_002542|label=1
SEQ_002543|label=1	SEQ_002543|label=1
SEQ_002544|label=0	SEQ_002544|label=0
SEQ_002545|label=0	SEQ_002545|label=0
SEQ_002546|label=0	SEQ_002546|label=0
SEQ_002547|label=1	SEQ_002547|label=1
SEQ_002548|label=1	SEQ_002548|label=1
SEQ_002549|label=0	SEQ_002549|label=0
SEQ_002550|label=1	SEQ_002550|label=1
SEQ_002551|label=0	SEQ_002551|label=0
SEQ_002552|label=0	SEQ_002552|label=0
SEQ_002553|label=1	SEQ_002553|label=1
SEQ_002554|label=0	SEQ_002554|label=0
SEQ_002555|label=0	SEQ_002555|label=0
SEQ_002556|label=0	SEQ_002556|label=0
SEQ_002557|label=1	SEQ_002557|label=1
SEQ_002558|label=1	SEQ_002558|label=1
SEQ_002559|label=1	SEQ_002559|label=1
SEQ_002560|label=0	SEQ_002560|label=0
SEQ_002561|label=1	SEQ_002561|label=1
SEQ_002562|label=0	SEQ_002562|label=0
SEQ_002563|label=0	SEQ_002563|label=0
SEQ_002564|label=1	SEQ_002564|label=1
SEQ_002565|label=1	SEQ_002565|label=1
SEQ_002566|label=1	SEQ_002566|label=1
SEQ_002567|label=0	SEQ_002567|label=0
SEQ_002568|label=0	SEQ_002568|label=0
SEQ_002569|label=0	SEQ_002569|label=0
SEQ_002570|label=1	SEQ_002570|label=1
SEQ_002571|label=1	SEQ_002571|label=1
SEQ_002572|label=0	SEQ_002572|label=0
SEQ_002573|label=0	SEQ_002573|label=0
SEQ_002574|label=0	SEQ_002574|label=0
SEQ_002575|label=1	SEQ_002575|label=1
SEQ_002576|label=0	SEQ_002576|label=0
SEQ_002577|label=0	SEQ_002577|label=0
SEQ_002578|label=0	SEQ_002578|label=0
SEQ_002579|label=0	SEQ_002579|label=0
SEQ_002580|label=1	SEQ_002580|label=1
SEQ_002581|label=0	SEQ_002581|label=0
SEQ_002582|label=1	SEQ_002582|label=1
SEQ_002583|label=1	SEQ_002583|label=1
SEQ_002584|label=1	SEQ_002584|label=1
SEQ_002585|label=1	SEQ_002585|label=1
SEQ_002586|label=1	SEQ_002586|label=1
SEQ_002587|label=0	SEQ_002587|label=0
SEQ_002588|label=0	SEQ_002588|label=0
SEQ_002589|label=1	SEQ_002589|label=1
SEQ_002590|label=0	SEQ_002590|label=0
SEQ_002591|label=1	SEQ_002591|label=1
SEQ_002592|label=0	SEQ_002592|label=0
SEQ_002593|label=1	SEQ_002593|label=1
SEQ_002594|label=1	SEQ_002594|label=1
SEQ_002595|label=0	SEQ_002595|label=0
SEQ_002596|label=0	SEQ_002596|label=0
SEQ_002597|label=1	SEQ_002597|label=1
SEQ_002598|label=0	SEQ_002598|label=0
SEQ_002599|label=0	SEQ_002599|label=0
SEQ_002600|label=1	SEQ_002600|label=1
SEQ_003301|label=1	SEQ_003301|label=1
SEQ_003302|label=0	SEQ_003302|label=0
SEQ_003303|label=0	SEQ_003303|label=0
SEQ_003304|label=1	SEQ_003304|label=1
SEQ_003305|label=1	SEQ_003305|label=1
SEQ_003306|label=0	SEQ_003306|label=0
SEQ_003307|label=0	SEQ_003307|label=0
SEQ_003308|label=1	SEQ_003308|label=1
SEQ_003309|label=0	SEQ_003309|label=0
SEQ_003310|label=1	SEQ_003310|label=1
SEQ_003311|label=1	SEQ_003311|label=1
SEQ_003312|label=0	SEQ_003312|label=0
SEQ_003313|label=0	SEQ_003313|label=0
SEQ_003314|label=0	SEQ_003314|label=0
SEQ_003315|label=1	SEQ_003315|label=1
SEQ_003316|label=1	SEQ_003316|label=1
SEQ_003317|label=0	SEQ_003317|label=0
SEQ_003318|label=1	SEQ_003318|label=1
SEQ_003319|label=1	SEQ_003319|label=1
SEQ_003320|label=1	SEQ_003320|label=1
SEQ_003321|label=1	SEQ_003321|label=1
SEQ_003322|label=1	SEQ_003322|label=1
SEQ_003323|label=0	SEQ_003323|label=0
SEQ_003324|label=1	SEQ_003324|label=1
SEQ_003325|label=1	SEQ_003325|label=1
SEQ_003326|label=1	SEQ_003326|label=1
SEQ_003327|label=1	SEQ_003327|label=1
SEQ_003328|label=1	SEQ_003328|label=1
SEQ_003329|label=1	SEQ_003329|label=1
SEQ_003330|label=0	SEQ_003330|label=0
SEQ_003331|label=0	SEQ_003331|label=0
SEQ_003332|label=0	SEQ_003332|label=0
SEQ_003333|label=1	SEQ_003333|label=1
SEQ_003334|label=1	SEQ_003334|label=1
SEQ_003335|label=0	SEQ_003335|label=0
SEQ_003336|label=0	SEQ_003336|label=0
SEQ_003337|label=1	SEQ_003337|label=1
SEQ_003338|label=0	SEQ_003338|label=0
SEQ_003339|label=1	SEQ_003339|label=1
SEQ_003340|label=0	SEQ_003340|label=0
SEQ_003341|label=0	SEQ_003341|label=0
SEQ_003342|label=1	SEQ_003342|label=1
SEQ_003343|label=0	SEQ_003343|label=0
SEQ_003344|label=1	SEQ_003344|label=1
SEQ_003345|label=0	SEQ_003345|label=0
SEQ_003346|label=1	SEQ_003346|label=1
SEQ_003347|label=1	SEQ_003347|label=1
SEQ_003348|label=0	SEQ_003348|label=0
SEQ_003349|label=0	SEQ_003349|label=0
SEQ_003350|label=0	SEQ_003350|label=0
SEQ_003351|label=0	SEQ_003351|label=0
SEQ_003352|label=0	SEQ_003352|label=0
SEQ_003353|label=0	SEQ_003353|label=0
SEQ_003354|label=1	SEQ_003354|label=1
SEQ_003355|label=0	SEQ_003355|label=0
SEQ_003356|label=1	SEQ_003356|label=1
SEQ_003357|label=1	SEQ_003357|label=1
SEQ_003358|label=0	SEQ_003358|label=0
SEQ_003359|label=0	SEQ_003359|label=0
SEQ_003360|label=0	SEQ_003360|label=0
SEQ_003361|label=1	SEQ_003361|label=1
SEQ_003362|label=0	SEQ_003362|label=0
SEQ_003363|label=1	SEQ_003363|label=1
SEQ_003364|label=1	SEQ_003364|label=1
SEQ_003365|label=1	SEQ_003365|label=1
SEQ_003366|label=0	SEQ_003366|label=0
SEQ_003367|label=1	SEQ_003367|label=1
SEQ_003368|label=1	SEQ_003368|label=1
SEQ_003369|label=0	SEQ_003369|label=0
SEQ_003370|label=0	SEQ_003370|label=0
SEQ_003371|label=1	SEQ_003371|label=1
SEQ_003372|label=0	SEQ_003372|label=0
SEQ_003373|label=0	SEQ_003373|label=0
SEQ_003374|label=1	SEQ_003374|label=1
SEQ_003375|label=0	SEQ_003375|label=0
SEQ_003376|label=1	SEQ_003376|label=1
SEQ_003377|label=1	SEQ_003377|label=1
SEQ_003378|label=1	SEQ_003378|label=1
SEQ_003379|label=0	SEQ_003379|label=0
SEQ_003380|label=0	SEQ_003380|label=0
SEQ_003381|label=1	SEQ_003381|label=1
SEQ_003382|label=0	SEQ_003382|label=0
SEQ_003383|label=1	SEQ_003383|label=1
SEQ_003384|label=1	SEQ_003384|label=1
SEQ_003385|label=0	SEQ_003385|label=0
SEQ_003386|label=0	SEQ_003386|label=0
SEQ_003387|label=0	SEQ_003387|label=0
SEQ_003388|label=0	SEQ_003388|label=0
SEQ_003389|label=1	SEQ_003389|label=1
SEQ_003390|label=1	SEQ_003390|label=1
SEQ_003391|label=0	SEQ_003391|label=0
SEQ_003392|label=0	SEQ_003392|label=0
SEQ_003393|label=1	SEQ_003393|label=1
SEQ_003394|label=0	SEQ_003394|label=0
SEQ_003395|label=0	SEQ_003395|label=0
SEQ_003396|label=1	SEQ_003396|label=1
SEQ_003397|label=1	SEQ_003397|label=1
SEQ_003398|label=1	SEQ_003398|label=1
SEQ_003399|label=0	SEQ_003399|label=0
SEQ_003400|label=1	SEQ_003400|label=1
SEQ_004001|label=1	SEQ_004001|label=1
SEQ_004002|label=1	SEQ_004002|label=1
SEQ_004003|label=0	SEQ_004003|label=0
SEQ_004004|label=0	SEQ_004004|label=0
SEQ_004005|label=1	SEQ_004005|label=1
SEQ_004006|label=1	SEQ_004006|label=1
SEQ_004007|label=0	SEQ_004007|label=0
SEQ_004008|label=1	SEQ_004008|label=1
SEQ_004009|label=1	SEQ_004009|label=1
SEQ_004010|label=1	SEQ_004010|label=1
SEQ_004011|label=0	SEQ_004011|label=0
SEQ_004012|label=1	SEQ_004012|label=1
SEQ_004013|label=0	SEQ_004013|label=0
SEQ_004014|label=1	SEQ_004014|label=1
SEQ_004015|label=1	SEQ_004015|label=1
SEQ_004016|label=1	SEQ_004016|label=1
SEQ_004017|label=1	SEQ_004017|label=1
SEQ_004018|label=1	SEQ_004018|label=1
SEQ_004019|label=0	SEQ_004019|label=0
SEQ_004020|label=1	SEQ_004020|label=1
SEQ_004021|label=0	SEQ_004021|label=0
SEQ_004022|label=1	SEQ_004022|label=1
SEQ_004023|label=1	SEQ_004023|label=1
SEQ_004024|label=0	SEQ_004024|label=0
SEQ_004025|label=0	SEQ_004025|label=0
SEQ_004026|label=0	SEQ_004026|label=0
SEQ_004027|label=1	SEQ_004027|label=1
SEQ_004028|label=0	SEQ_004028|label=0
SEQ_004029|label=1	SEQ_004029|label=1
SEQ_004030|label=1	SEQ_004030|label=1
SEQ_004031|label=0	SEQ_004031|label=0
SEQ_004032|label=1	SEQ_004032|label=1
SEQ_004033|label=0	SEQ_004033|label=0
SEQ_004034|label=1	SEQ_004034|label=1
SEQ_004035|label=1	SEQ_004035|label=1
SEQ_004036|label=0	SEQ_004036|label=0
SEQ_004037|label=0	SEQ_004037|label=0
SEQ_004038|label=1	SEQ_004038|label=1
SEQ_004039|label=1	SEQ_004039|label=1
SEQ_004040|label=1	SEQ_004040|label=1
SEQ_004041|label=0	SEQ_004041|label=0
SEQ_004042|label=0	SEQ_004042|label=0
SEQ_004043|label=0	SEQ_004043|label=0
SEQ_004044|label=1	SEQ_004044|label=1
SEQ_004045|label=1	SEQ_004045|label=1
SEQ_004046|label=1	SEQ_004046|label=1
SEQ_004047|label=1	SEQ_004047|label=1
SEQ_004048|label=0	SEQ_004048|label=0
SEQ_004049|label=1	SEQ_004049|label=1
SEQ_004050|label=0	SEQ_004050|label=0
SEQ_004051|label=0	SEQ_004051|label=0
SEQ_004052|label=0	SEQ_004052|label=0
SEQ_004053|label=0	SEQ_004053|label=0
SEQ_004054|label=0	SEQ_004054|label=0
SEQ_004055|label=1	SEQ_004055|label=1
SEQ_004056|label=0	SEQ_004056|label=0
SEQ_004057|label=1	SEQ_004057|label=1
SEQ_004058|label=0	SEQ_004058|label=0
SEQ_004059|label=1	SEQ_004059|label=1
SEQ_004060|label=1	SEQ_004060|label=1
SEQ_004061|label=1	SEQ_004061|label=1
SEQ_004062|label=0	SEQ_004062|label=0
SEQ_004063|label=0	SEQ_004063|label=0
SEQ_004064|label=0	SEQ_004064|label=0
SEQ_004065|label=0	SEQ_004065|label=0
SEQ_004066|label=0	SEQ_004066|label=0
SEQ_004067|label=0	SEQ_004067|label=0
SEQ_004068|label=1	SEQ_004068|label=1
SEQ_004069|label=1	SEQ_004069|label=1
SEQ_004070|label=0	SEQ_004070|label=0
SEQ_004071|label=0	SEQ_004071|label=0
SEQ_004072|label=1	SEQ_004072|label=1
SEQ_004073|label=1	SEQ_004073|label=1
SEQ_004074|label=0	SEQ_004074|label=0
SEQ_004075|label=1	SEQ_004075|label=1
SEQ_004076|label=0	SEQ_004076|label=0
SEQ_004077|label=0	SEQ_004077|label=0
SEQ_004078|label=0	SEQ_004078|label=0
SEQ_004079|label=0	SEQ_004079|label=0
SEQ_004080|label=0	SEQ_004080|label=0
SEQ_004081|label=0	SEQ_004081|label=0
SEQ_004082|label=1	SEQ_004082|label=1
SEQ_004083|label=1	SEQ_004083|label=1
SEQ_004084|label=0	SEQ_004084|label=0
SEQ_004085|label=0	SEQ_004085|label=0
SEQ_004086|label=1	SEQ_004086|label=1
SEQ_004087|label=1	SEQ_004087|label=1
SEQ_004088|label=0	SEQ_004088|label=0
SEQ_004089|label=0	SEQ_004089|label=0
SEQ_004090|label=1	SEQ_004090|label=1
SEQ_004091|label=1	SEQ_004091|label=1
SEQ_004092|label=1	SEQ_004092|label=1
SEQ_004093|label=1	SEQ_004093|label=1
SEQ_004094|label=0	SEQ_004094|label=0
SEQ_004095|label=0	SEQ_004095|label=0
SEQ_004096|label=0	SEQ_004096|label=0
SEQ_004097|label=0	SEQ_004097|label=0
SEQ_004098|label=0	SEQ_004098|label=0
SEQ_004099|label=0	SEQ_004099|label=0
SEQ_004100|label=0	SEQ_004100|label=0
SEQ_004501|label=1	SEQ_004501|label=1
SEQ_004502|label=0	SEQ_004502|label=0
SEQ_004503|label=1	SEQ_004503|label=1
SEQ_004504|label=0	SEQ_004504|label=0
SEQ_004505|label=0	SEQ_004505|label=0
SEQ_004506|label=0	SEQ_004506|label=0
SEQ_004507|label=0	SEQ_004507|label=0
SEQ_004508|label=1	SEQ_004508|label=1
SEQ_004509|label=1	SEQ_004509|label=1
SEQ_004510|label=0	SEQ_004510|label=0
SEQ_004511|label=1	SEQ_004511|label=1
SEQ_004512|label=0	SEQ_004512|label=0
SEQ_004513|label=1	SEQ_004513|label=1
SEQ_004514|label=0	SEQ_004514|label=0
SEQ_004515|label=1	SEQ_004515|label=1
SEQ_004516|label=0	SEQ_004516|label=0
SEQ_004517|label=0	SEQ_004517|label=0
SEQ_004518|label=0	SEQ_004518|label=0
SEQ_004519|label=0	SEQ_004519|label=0
SEQ_004520|label=1	SEQ_004520|label=1
SEQ_004521|label=1	SEQ_004521|label=1
SEQ_004522|label=0	SEQ_004522|label=0
SEQ_004523|label=1	SEQ_004523|label=1
SEQ_004524|label=1	SEQ_004524|label=1
SEQ_004525|label=1	SEQ_004525|label=1
SEQ_004526|label=0	SEQ_004526|label=0
SEQ_004527|label=0	SEQ_004527|label=0
SEQ_004528|label=0	SEQ_004528|label=0
SEQ_004529|label=1	SEQ_004529|label=1
SEQ_004530|label=0	SEQ_004530|label=0
SEQ_004531|label=0	SEQ_004531|label=0
SEQ_004532|label=1	SEQ_004532|label=1
SEQ_004533|label=1	SEQ_004533|label=1
SEQ_004534|label=1	SEQ_004534|label=1
SEQ_004535|label=1	SEQ_004535|label=1
SEQ_004536|label=1	SEQ_004536|label=1
SEQ_004537|label=1	SEQ_004537|label=1
SEQ_004538|label=1	SEQ_004538|label=1
SEQ_004539|label=1	SEQ_004539|label=1
SEQ_004540|label=1	SEQ_004540|label=1
SEQ_004541|label=0	SEQ_004541|label=0
SEQ_004542|label=0	SEQ_004542|label=0
SEQ_004543|label=0	SEQ_004543|label=0
SEQ_004544|label=1	SEQ_004544|label=1
SEQ_004545|label=0	SEQ_004545|label=0
SEQ_004546|label=0	SEQ_004546|label=0
SEQ_004547|label=0	SEQ_004547|label=0
SEQ_004548|label=0	SEQ_004548|label=0
SEQ_004549|label=1	SEQ_004549|label=1
SEQ_004550|label=0	SEQ_004550|label=0
SEQ_004551|label=0	SEQ_004551|label=0
SEQ_004552|label=1	SEQ_004552|label=1
SEQ_004553|label=0	SEQ_004553|label=0
SEQ_004554|label=1	SEQ_004554|label=1
SEQ_004555|label=0	SEQ_004555|label=0
SEQ_004556|label=1	SEQ_004556|label=1
SEQ_004557|label=0	SEQ_004557|label=0
SEQ_004558|label=1	SEQ_004558|label=1
SEQ_004559|label=0	SEQ_004559|label=0
SEQ_004560|label=1	SEQ_004560|label=1
SEQ_004561|label=1	SEQ_004561|label=1
SEQ_004562|label=0	SEQ_004562|label=0
SEQ_004563|label=1	SEQ_004563|label=1
SEQ_004564|label=0	SEQ_004564|label=0
SEQ_004565|label=0	SEQ_004565|label=0
SEQ_004566|label=0	SEQ_004566|label=0
SEQ_004567|label=0	SEQ_004567|label=0
SEQ_004568|label=0	SEQ_004568|label=0
SEQ_004569|label=1	SEQ_004569|label=1
SEQ_004570|label=0	SEQ_004570|label=0
SEQ_004571|label=0	SEQ_004571|label=0
SEQ_004572|label=1	SEQ_004572|label=1
SEQ_004573|label=0	SEQ_004573|label=0
SEQ_004574|label=0	SEQ_004574|label=0
SEQ_004575|label=0	SEQ_004575|label=0
SEQ_004576|label=1	SEQ_004576|label=1
SEQ_004577|label=0	SEQ_004577|label=0
SEQ_004578|label=0	SEQ_004578|label=0
SEQ_004579|label=0	SEQ_004579|label=0
SEQ_004580|label=0	SEQ_004580|label=0
SEQ_004581|label=1	SEQ_004581|label=1
SEQ_004582|label=1	SEQ_004582|label=1
SEQ_004583|label=1	SEQ_004583|label=1
SEQ_004584|label=1	SEQ_004584|label=1
SEQ_004585|label=1	SEQ_004585|label=1
SEQ_004586|label=0	SEQ_004586|label=0
SEQ_004587|label=1	SEQ_004587|label=1
SEQ_004588|label=1	SEQ_004588|label=1
SEQ_004589|label=1	SEQ_004589|label=1
SEQ_004590|label=0	SEQ_004590|label=0
SEQ_004591|label=0	SEQ_004591|label=0
SEQ_004592|label=0	SEQ_004592|label=0
SEQ_004593|label=1	SEQ_004593|label=1
SEQ_004594|label=0	SEQ_004594|label=0
SEQ_004595|label=0	SEQ_004595|label=0
SEQ_004596|label=0	SEQ_004596|label=0
SEQ_004597|label=0	SEQ_004597|label=0
SEQ_004598|label=1	SEQ_004598|label=1
SEQ_004599|label=0	SEQ_004599|label=0
SEQ_004600|label=1	SEQ_004600|label=1
SEQ_005601|label=1	SEQ_005601|label=1
SEQ_005602|label=0	SEQ_005602|label=0
SEQ_005603|label=1	SEQ_005603|label=1
SEQ_005604|label=0	SEQ_005604|label=0
SEQ_005605|label=0	SEQ_005605|label=0
SEQ_005606|label=0	SEQ_005606|label=0
SEQ_005607|label=1	SEQ_005607|label=1
SEQ_005608|label=1	SEQ_005608|label=1
SEQ_005609|label=1	SEQ_005609|label=1
SEQ_005610|label=1	SEQ_005610|label=1
SEQ_005611|label=1	SEQ_005611|label=1
SEQ_005612|label=1	SEQ_005612|label=1
SEQ_005613|label=0	SEQ_005613|label=0
SEQ_005614|label=0	SEQ_005614|label=0
SEQ_005615|label=1	SEQ_005615|label=1
SEQ_005616|label=1	SEQ_005616|label=1
SEQ_005617|label=1	SEQ_005617|label=1
SEQ_005618|label=1	SEQ_005618|label=1
SEQ_005619|label=0	SEQ_005619|label=0
SEQ_005620|label=0	SEQ_005620|label=0
SEQ_005621|label=0	SEQ_005621|label=0
SEQ_005622|label=0	SEQ_005622|label=0
SEQ_005623|label=0	SEQ_005623|label=0
SEQ_005624|label=1	SEQ_005624|label=1
SEQ_005625|label=1	SEQ_005625|label=1
SEQ_005626|label=0	SEQ_005626|label=0
SEQ_005627|label=1	SEQ_005627|label=1
SEQ_005628|label=1	SEQ_005628|label=1
SEQ_005629|label=1	SEQ_005629|label=1
SEQ_005630|label=1	SEQ_005630|label=1
SEQ_005631|label=1	SEQ_005631|label=1
SEQ_005632|label=0	SEQ_005632|label=0
SEQ_005633|label=0	SEQ_005633|label=0
SEQ_005634|label=0	SEQ_005634|label=0
SEQ_005635|label=1	SEQ_005635|label=1
SEQ_005636|label=0	SEQ_005636|label=0
SEQ_005637|label=0	SEQ_005637|label=0
SEQ_005638|label=1	SEQ_005638|label=1
SEQ_005639|label=1	SEQ_005639|label=1
SEQ_005640|label=0	SEQ_005640|label=0
SEQ_005641|label=1	SEQ_005641|label=1
SEQ_005642|label=0	SEQ_005642|label=0
SEQ_005643|label=0	SEQ_005643|label=0
SEQ_005644|label=0	SEQ_005644|label=0
SEQ_005645|label=0	SEQ_005645|label=0
SEQ_005646|label=1	SEQ_005646|label=1
SEQ_005647|label=0	SEQ_005647|label=0
SEQ_005648|label=0	SEQ_005648|label=0
SEQ_005649|label=0	SEQ_005649|label=0
SEQ_005650|label=0	SEQ_005650|label=0
SEQ_005651|label=0	SEQ_005651|label=0
SEQ_005652|label=0	SEQ_005652|label=0
SEQ_005653|label=0	SEQ_005653|label=0
SEQ_005654|label=1	SEQ_005654|label=1
SEQ_005655|label=1	SEQ_005655|label=1
SEQ_005656|label=1	SEQ_005656|label=1
SEQ_005657|label=0	SEQ_005657|label=0
SEQ_005658|label=1	SEQ_005658|label=1
SEQ_005659|label=1	SEQ_005659|label=1
SEQ_005660|label=1	SEQ_005660|label=1
SEQ_005661|label=1	SEQ_005661|label=1
SEQ_005662|label=0	SEQ_005662|label=0
SEQ_005663|label=1	SEQ_005663|label=1
SEQ_005664|label=0	SEQ_005664|label=0
SEQ_005665|label=1	SEQ_005665|label=1
SEQ_005666|label=1	SEQ_005666|label=1
SEQ_005667|label=1	SEQ_005667|label=1
SEQ_005668|label=0	SEQ_005668|label=0
SEQ_005669|label=1	SEQ_005669|label=1
SEQ_005670|label=1	SEQ_005670|label=1
SEQ_005671|label=0	SEQ_005671|label=0
SEQ_005672|label=1	SEQ_005672|label=1
SEQ_005673|label=0	SEQ_005673|label=0
SEQ_005674|label=1	SEQ_005674|label=1
SEQ_005675|label=0	SEQ_005675|label=0
SEQ_005676|label=1	SEQ_005676|label=1
SEQ_005677|label=1	SEQ_005677|label=1
SEQ_005678|label=0	SEQ_005678|label=0
SEQ_005679|label=0	SEQ_005679|label=0
SEQ_005680|label=1	SEQ_005680|label=1
SEQ_005681|label=0	SEQ_005681|label=0
SEQ_005682|label=1	SEQ_005682|label=1
SEQ_005683|label=1	SEQ_005683|label=1
SEQ_005684|label=0	SEQ_005684|label=0
SEQ_005685|label=0	SEQ_005685|label=0
SEQ_005686|label=0	SEQ_005686|label=0
SEQ_005687|label=1	SEQ_005687|label=1
SEQ_005688|label=0	SEQ_005688|label=0
SEQ_005689|label=0	SEQ_005689|label=0
SEQ_005690|label=0	SEQ_005690|label=0
SEQ_005691|label=1	SEQ_005691|label=1
SEQ_005692|label=0	SEQ_005692|label=0
SEQ_005693|label=0	SEQ_005693|label=0
SEQ_005694|label=1	SEQ_005694|label=1
SEQ_005695|label=1	SEQ_005695|label=1
SEQ_005696|label=1	SEQ_005696|label=1
SEQ_005697|label=1	SEQ_005697|label=1
SEQ_005698|label=0	SEQ_005698|label=0
SEQ_005699|label=1	SEQ_005699|label=1
SEQ_005700|label=0	SEQ_005700|label=0
SEQ_006401|label=0	SEQ_006401|label=0
SEQ_006402|label=0	SEQ_006402|label=0
SEQ_006403|label=1	SEQ_006403|label=1
SEQ_006404|label=1	SEQ_006404|label=1
SEQ_006405|label=0	SEQ_006405|label=0
SEQ_006406|label=1	SEQ_006406|label=1
SEQ_006407|label=1	SEQ_006407|label=1
SEQ_006408|label=0	SEQ_006408|label=0
SEQ_006409|label=0	SEQ_006409|label=0
SEQ_006410|label=0	SEQ_006410|label=0
SEQ_006411|label=0	SEQ_006411|label=0
SEQ_006412|label=0	SEQ_006412|label=0
SEQ_006413|label=0	SEQ_006413|label=0
SEQ_006414|label=1	SEQ_006414|label=1
SEQ_006415|label=1	SEQ_006415|label=1
SEQ_006416|label=1	SEQ_006416|label=1
SEQ_006417|label=1	SEQ_006417|label=1
SEQ_006418|label=1	SEQ_006418|label=1
SEQ_006419|label=1	SEQ_006419|label=1
SEQ_006420|label=1	SEQ_006420|label=1
SEQ_006421|label=1	SEQ_006421|label=1
SEQ_006422|label=1	SEQ_006422|label=1
SEQ_006423|label=1	SEQ_006423|label=1
SEQ_006424|label=1	SEQ_006424|label=1
SEQ_006425|label=1	SEQ_006425|label=1
SEQ_006426|label=0	SEQ_006426|label=0
SEQ_006427|label=1	SEQ_006427|label=1
SEQ_006428|label=0	SEQ_006428|label=0
SEQ_006429|label=0	SEQ_006429|label=0
SEQ_006430|label=0	SEQ_006430|label=0
SEQ_006431|label=1	SEQ_006431|label=1
SEQ_006432|label=1	SEQ_006432|label=1
SEQ_006433|label=0	SEQ_006433|label=0
SEQ_006434|label=0	SEQ_006434|label=0
SEQ_006435|label=0	SEQ_006435|label=0
SEQ_006436|label=0	SEQ_006436|label=0
SEQ_006437|label=1	SEQ_006437|label=1
SEQ_006438|label=0	SEQ_006438|label=0
SEQ_006439|label=1	SEQ_006439|label=1
SEQ_006440|label=0	SEQ_006440|label=0
SEQ_006441|label=1	SEQ_006441|label=1
SEQ_006442|label=1	SEQ_006442|label=1
SEQ_006443|label=0	SEQ_006443|label=0
SEQ_006444|label=1	SEQ_006444|label=1
SEQ_006445|label=1	SEQ_006445|label=1
SEQ_006446|label=1	SEQ_006446|label=1
SEQ_006447|label=0	SEQ_006447|label=0
SEQ_006448|label=1	SEQ_006448|label=1
SEQ_006449|label=0	SEQ_006449|label=0
SEQ_006450|label=0	SEQ_006450|label=0
SEQ_006451|label=1	SEQ_006451|label=1
SEQ_006452|label=0	SEQ_006452|label=0
SEQ_006453|label=1	SEQ_006453|label=1
SEQ_006454|label=0	SEQ_006454|label=0
SEQ_006455|label=0	SEQ_006455|label=0
SEQ_006456|label=1	SEQ_006456|label=1
SEQ_006457|label=0	SEQ_006457|label=0
SEQ_006458|label=0	SEQ_006458|label=0
SEQ_006459|label=0	SEQ_006459|label=0
SEQ_006460|label=1	SEQ_006460|label=1
SEQ_006461|label=1	SEQ_006461|label=1
SEQ_006462|label=0	SEQ_006462|label=0
SEQ_006463|label=0	SEQ_006463|label=0
SEQ_006464|label=0	SEQ_006464|label=0
SEQ_006465|label=0	SEQ_006465|label=0
SEQ_006466|label=1	SEQ_006466|label=1
SEQ_006467|label=0	SEQ_006467|label=0
SEQ_006468|label=1	SEQ_006468|label=1
SEQ_006469|label=0	SEQ_006469|label=0
SEQ_006470|label=0	SEQ_006470|label=0
SEQ_006471|label=0	SEQ_006471|label=0
SEQ_006472|label=1	SEQ_006472|label=1
SEQ_006473|label=0	SEQ_006473|label=0
SEQ_006474|label=1	SEQ_006474|label=1
SEQ_006475|label=1	SEQ_006475|label=1
SEQ_006476|label=0	SEQ_006476|label=0
SEQ_006477|label=0	SEQ_006477|label=0
SEQ_006478|label=1	SEQ_006478|label=1
SEQ_006479|label=1	SEQ_006479|label=1
SEQ_006480|label=0	SEQ_006480|label=0
SEQ_006481|label=0	SEQ_006481|label=0
SEQ_006482|label=1	SEQ_006482|label=1
SEQ_006483|label=1	SEQ_006483|label=1
SEQ_006484|label=1	SEQ_006484|label=1
SEQ_006485|label=1	SEQ_006485|label=1
SEQ_006486|label=1	SEQ_006486|label=1
SEQ_006487|label=1	SEQ_006487|label=1
SEQ_006488|label=1	SEQ_006488|label=1
SEQ_006489|label=0	SEQ_006489|label=0
SEQ_006490|label=1	SEQ_006490|label=1
SEQ_006491|label=0	SEQ_006491|label=0
SEQ_006492|label=1	SEQ_006492|label=1
SEQ_006493|label=1	SEQ_006493|label=1
SEQ_006494|label=0	SEQ_006494|label=0
SEQ_006495|label=0	SEQ_006495|label=0
SEQ_006496|label=1	SEQ_006496|label=1
SEQ_006497|label=1	SEQ_006497|label=1
SEQ_006498|label=1	SEQ_006498|label=1
SEQ_006499|label=0	SEQ_006499|label=0
SEQ_006500|label=0	SEQ_006500|label=0
SEQ_007001|label=1	SEQ_007001|label=1
SEQ_007002|label=0	SEQ_007002|label=0
SEQ_007003|label=0	SEQ_007003|label=0
SEQ_007004|label=1	SEQ_007004|label=1
SEQ_007005|label=0	SEQ_007005|label=0
SEQ_007006|label=0	SEQ_007006|label=0
SEQ_007007|label=0	SEQ_007007|label=0
SEQ_007008|label=0	SEQ_007008|label=0
SEQ_007009|label=1	SEQ_007009|label=1
SEQ_007010|label=1	SEQ_007010|label=1
SEQ_007011|label=1	SEQ_007011|label=1
SEQ_007012|label=0	SEQ_007012|label=0
SEQ_007013|label=0	SEQ_007013|label=0
SEQ_007014|label=0	SEQ_007014|label=0
SEQ_007015|label=1	SEQ_007015|label=1
SEQ_007016|label=1	SEQ_007016|label=1
SEQ_007017|label=1	SEQ_007017|label=1
SEQ_007018|label=1	SEQ_007018|label=1
SEQ_007019|label=0	SEQ_007019|label=0
SEQ_007020|label=0	SEQ_007020|label=0
SEQ_007021|label=0	SEQ_007021|label=0
SEQ_007022|label=1	SEQ_007022|label=1
SEQ_007023|label=1	SEQ_007023|label=1
SEQ_007024|label=0	SEQ_007024|label=0
SEQ_007025|label=0	SEQ_007025|label=0
SEQ_007026|label=0	SEQ_007026|label=0
SEQ_007027|label=1	SEQ_007027|label=1
SEQ_007028|label=0	SEQ_007028|label=0
SEQ_007029|label=0	SEQ_007029|label=0
SEQ_007030|label=1	SEQ_007030|label=1
SEQ_007031|label=1	SEQ_007031|label=1
SEQ_007032|label=1	SEQ_007032|label=1
SEQ_007033|label=1	SEQ_007033|label=1
SEQ_007034|label=0	SEQ_007034|label=0
SEQ_007035|label=1	SEQ_007035|label=1
SEQ_007036|label=1	SEQ_007036|label=1
SEQ_007037|label=0	SEQ_007037|label=0
SEQ_007038|label=1	SEQ_007038|label=1
SEQ_007039|label=0	SEQ_007039|label=0
SEQ_007040|label=0	SEQ_007040|label=0
SEQ_007041|label=1	SEQ_007041|label=1
SEQ_007042|label=0	SEQ_007042|label=0
SEQ_007043|label=0	SEQ_007043|label=0
SEQ_007044|label=1	SEQ_007044|label=1
SEQ_007045|label=1	SEQ_007045|label=1
SEQ_007046|label=0	SEQ_007046|label=0
SEQ_007047|label=1	SEQ_007047|label=1
SEQ_007048|label=0	SEQ_007048|label=0
SEQ_007049|label=0	SEQ_007049|label=0
SEQ_007050|label=1	SEQ_007050|label=1
SEQ_007051|label=0	SEQ_007051|label=0
SEQ_007052|label=0	SEQ_007052|label=0
SEQ_007053|label=1	SEQ_007053|label=1
SEQ_007054|label=1	SEQ_007054|label=1
SEQ_007055|label=0	SEQ_007055|label=0
SEQ_007056|label=0	SEQ_007056|label=0
SEQ_007057|label=1	SEQ_007057|label=1
SEQ_007058|label=0	SEQ_007058|label=0
SEQ_007059|label=1	SEQ_007059|label=1
SEQ_007060|label=0	SEQ_007060|label=0
SEQ_007061|label=0	SEQ_007061|label=0
SEQ_007062|label=1	SEQ_007062|label=1
SEQ_007063|label=1	SEQ_007063|label=1
SEQ_007064|label=1	SEQ_007064|label=1
SEQ_007065|label=1	SEQ_007065|label=1
SEQ_007066|label=1	SEQ_007066|label=1
SEQ_007067|label=0	SEQ_007067|label=0
SEQ_007068|label=1	SEQ_007068|label=1
SEQ_007069|label=0	SEQ_007069|label=0
SEQ_007070|label=0	SEQ_007070|label=0
SEQ_007071|label=0	SEQ_007071|label=0
SEQ_007072|label=1	SEQ_007072|label=1
SEQ_007073|label=1	SEQ_007073|label=1
SEQ_007074|label=0	SEQ_007074|label=0
SEQ_007075|label=0	SEQ_007075|label=0
SEQ_007076|label=1	SEQ_007076|label=1
SEQ_007077|label=0	SEQ_007077|label=0
SEQ_007078|label=1	SEQ_007078|label=1
SEQ_007079|label=1	SEQ_007079|label=1
SEQ_007080|label=1	SEQ_007080|label=1
SEQ_007081|label=0	SEQ_007081|label=0
SEQ_007082|label=0	SEQ_007082|label=0
SEQ_007083|label=0	SEQ_007083|label=0
SEQ_007084|label=1	SEQ_007084|label=1
SEQ_007085|label=1	SEQ_007085|label=1
SEQ_007086|label=0	SEQ_007086|label=0
SEQ_007087|label=1	SEQ_007087|label=1
SEQ_007088|label=1	SEQ_007088|label=1
SEQ_007089|label=0	SEQ_007089|label=0
SEQ_007090|label=1	SEQ_007090|label=1
SEQ_007091|label=0	SEQ_007091|label=0
SEQ_007092|label=1	SEQ_007092|label=1
SEQ_007093|label=0	SEQ_007093|label=0
SEQ_007094|label=0	SEQ_007094|label=0
SEQ_007095|label=0	SEQ_007095|label=0
SEQ_007096|label=1	SEQ_007096|label=1
SEQ_007097|label=1	SEQ_007097|label=1
SEQ_007098|label=0	SEQ_007098|label=0
SEQ_007099|label=0	SEQ_007099|label=0
SEQ_007100|label=0	SEQ_007100|label=0
SEQ_007801|label=1	SEQ_007801|label=1
SEQ_007802|label=1	SEQ_007802|label=1
SEQ_007803|label=0	SEQ_007803|label=0
SEQ_007804|label=0	SEQ_007804|label=0
SEQ_007805|label=0	SEQ_007805|label=0
SEQ_007806|label=0	SEQ_007806|label=0
SEQ_007807|label=0	SEQ_007807|label=0
SEQ_007808|label=0	SEQ_007808|label=0
SEQ_007809|label=1	SEQ_007809|label=1
SEQ_007810|label=0	SEQ_007810|label=0
SEQ_007811|label=0	SEQ_007811|label=0
SEQ_007812|label=1	SEQ_007812|label=1
SEQ_007813|label=1	SEQ_007813|label=1
SEQ_007814|label=1	SEQ_007814|label=1
SEQ_007815|label=1	SEQ_007815|label=1
SEQ_007816|label=0	SEQ_007816|label=0
SEQ_007817|label=1	SEQ_007817|label=1
SEQ_007818|label=0	SEQ_007818|label=0
SEQ_007819|label=1	SEQ_007819|label=1
SEQ_007820|label=1	SEQ_007820|label=1
SEQ_007821|label=0	SEQ_007821|label=0
SEQ_007822|label=0	SEQ_007822|label=0
SEQ_007823|label=1	SEQ_007823|label=1
SEQ_007824|label=1	SEQ_007824|label=1
SEQ_007825|label=1	SEQ_007825|label=1
SEQ_007826|label=1	SEQ_007826|label=1
SEQ_007827|label=1	SEQ_007827|label=1
SEQ_007828|label=1	SEQ_007828|label=1
SEQ_007829|label=1	SEQ_007829|label=1
SEQ_007830|label=0	SEQ_007830|label=0
SEQ_007831|label=1	SEQ_007831|label=1
SEQ_007832|label=0	SEQ_007832|label=0
SEQ_007833|label=0	SEQ_007833|label=0
SEQ_007834|label=0	SEQ_007834|label=0
SEQ_007835|label=1	SEQ_007835|label=1
SEQ_007836|label=1	SEQ_007836|label=1
SEQ_007837|label=1	SEQ_007837|label=1
SEQ_007838|label=0	SEQ_007838|label=0
SEQ_007839|label=0	SEQ_007839|label=0
SEQ_007840|label=0	SEQ_007840|label=0
SEQ_007841|label=0	SEQ_007841|label=0
SEQ_007842|label=1	SEQ_007842|label=1
SEQ_007843|label=0	SEQ_007843|label=0
SEQ_007844|label=0	SEQ_007844|label=0
SEQ_007845|label=1	SEQ_007845|label=1
SEQ_007846|label=0	SEQ_007846|label=0
SEQ_007847|label=0	SEQ_007847|label=0
SEQ_007848|label=1	SEQ_007848|label=1
SEQ_007849|label=1	SEQ_007849|label=1
SEQ_007850|label=1	SEQ_007850|label=1
SEQ_007851|label=0	SEQ_007851|label=0
SEQ_007852|label=1	SEQ_007852|label=1
SEQ_007853|label=0	SEQ_007853|label=0
SEQ_007854|label=1	SEQ_007854|label=1
SEQ_007855|label=0	SEQ_007855|label=0
SEQ_007856|label=1	SEQ_007856|label=1
SEQ_007857|label=0	SEQ_007857|label=0
SEQ_007858|label=0	SEQ_007858|label=0
SEQ_007859|label=1	SEQ_007859|label=1
SEQ_007860|label=0	SEQ_007860|label=0
SEQ_007861|label=1	SEQ_007861|label=1
SEQ_007862|label=0	SEQ_007862|label=0
SEQ_007863|label=1	SEQ_007863|label=1
SEQ_007864|label=0	SEQ_007864|label=0
SEQ_007865|label=1	SEQ_007865|label=1
SEQ_007866|label=0	SEQ_007866|label=0
SEQ_007867|label=1	SEQ_007867|label=1
SEQ_007868|label=0	SEQ_007868|label=0
SEQ_007869|label=1	SEQ_007869|label=1
SEQ_007870|label=1	SEQ_007870|label=1
SEQ_007871|label=1	SEQ_007871|label=1
SEQ_007872|label=0	SEQ_007872|label=0
SEQ_007873|label=1	SEQ_007873|label=1
SEQ_007874|label=0	SEQ_007874|label=0
SEQ_007875|label=0	SEQ_007875|label=0
SEQ_007876|label=0	SEQ_007876|label=0
SEQ_007877|label=1	SEQ_007877|label=1
SEQ_007878|label=0	SEQ_007878|label=0
SEQ_007879|label=1	SEQ_007879|label=1
SEQ_007880|label=1	SEQ_007880|label=1
SEQ_007881|label=0	SEQ_007881|label=0
SEQ_007882|label=1	SEQ_007882|label=1
SEQ_007883|label=0	SEQ_007883|label=0
SEQ_007884|label=1	SEQ_007884|label=1
SEQ_007885|label=0	SEQ_007885|label=0
SEQ_007886|label=1	SEQ_007886|label=1
SEQ_007887|label=1	SEQ_007887|label=1
SEQ_007888|label=1	SEQ_007888|label=1
SEQ_007889|label=1	SEQ_007889|label=1
SEQ_007890|label=1	SEQ_007890|label=1
SEQ_007891|label=0	SEQ_007891|label=0
SEQ_007892|label=1	SEQ_007892|label=1
SEQ_007893|label=1	SEQ_007893|label=1
SEQ_007894|label=0	SEQ_007894|label=0
SEQ_007895|label=1	SEQ_007895|label=1
SEQ_007896|label=0	SEQ_007896|label=0
SEQ_007897|label=1	SEQ_007897|label=1
SEQ_007898|label=0	SEQ_007898|label=0
SEQ_007899|label=0	SEQ_007899|label=0
SEQ_007900|label=0	SEQ_007900|label=0
SEQ_008701|label=1	SEQ_008701|label=1
SEQ_008702|label=1	SEQ_008702|label=1
SEQ_008703|label=0	SEQ_008703|label=0
SEQ_008704|label=0	SEQ_008704|label=0
SEQ_008705|label=1	SEQ_008705|label=1
SEQ_008706|label=1	SEQ_008706|label=1
SEQ_008707|label=1	SEQ_008707|label=1
SEQ_008708|label=1	SEQ_008708|label=1
SEQ_008709|label=0	SEQ_008709|label=0
SEQ_008710|label=1	SEQ_008710|label=1
SEQ_008711|label=0	SEQ_008711|label=0
SEQ_008712|label=0	SEQ_008712|label=0
SEQ_008713|label=1	SEQ_008713|label=1
SEQ_008714|label=0	SEQ_008714|label=0
SEQ_008715|label=1	SEQ_008715|label=1
SEQ_008716|label=0	SEQ_008716|label=0
SEQ_008717|label=0	SEQ_008717|label=0
SEQ_008718|label=0	SEQ_008718|label=0
SEQ_008719|label=1	SEQ_008719|label=1
SEQ_008720|label=0	SEQ_008720|label=0
SEQ_008721|label=1	SEQ_008721|label=1
SEQ_008722|label=1	SEQ_008722|label=1
SEQ_008723|label=0	SEQ_008723|label=0
SEQ_008724|label=1	SEQ_008724|label=1
SEQ_008725|label=1	SEQ_008725|label=1
SEQ_008726|label=1	SEQ_008726|label=1
SEQ_008727|label=1	SEQ_008727|label=1
SEQ_008728|label=0	SEQ_008728|label=0
SEQ_008729|label=1	SEQ_008729|label=1
SEQ_008730|label=0	SEQ_008730|label=0
SEQ_008731|label=1	SEQ_008731|label=1
SEQ_008732|label=0	SEQ_008732|label=0
SEQ_008733|label=1	SEQ_008733|label=1
SEQ_008734|label=0	SEQ_008734|label=0
SEQ_008735|label=0	SEQ_008735|label=0
SEQ_008736|label=1	SEQ_008736|label=1
SEQ_008737|label=1	SEQ_008737|label=1
SEQ_008738|label=1	SEQ_008738|label=1
SEQ_008739|label=1	SEQ_008739|label=1
SEQ_008740|label=1	SEQ_008740|label=1
SEQ_008741|label=0	SEQ_008741|label=0
SEQ_008742|label=1	SEQ_008742|label=1
SEQ_008743|label=0	SEQ_008743|label=0
SEQ_008744|label=0	SEQ_008744|label=0
SEQ_008745|label=0	SEQ_008745|label=0
SEQ_008746|label=0	SEQ_008746|label=0
SEQ_008747|label=1	SEQ_008747|label=1
SEQ_008748|label=1	SEQ_008748|label=1
SEQ_008749|label=1	SEQ_008749|label=1
SEQ_008750|label=0	SEQ_008750|label=0
SEQ_008751|label=1	SEQ_008751|label=1
SEQ_008752|label=0	SEQ_008752|label=0
SEQ_008753|label=0	SEQ_008753|label=0
SEQ_008754|label=1	SEQ_008754|label=1
SEQ_008755|label=0	SEQ_008755|label=0
SEQ_008756|label=0	SEQ_008756|label=0
SEQ_008757|label=1	SEQ_008757|label=1
SEQ_008758|label=1	SEQ_008758|label=1
SEQ_008759|label=0	SEQ_008759|label=0
SEQ_008760|label=1	SEQ_008760|label=1
SEQ_008761|label=1	SEQ_008761|label=1
SEQ_008762|label=1	SEQ_008762|label=1
SEQ_008763|label=1	SEQ_008763|label=1
SEQ_008764|label=0	SEQ_008764|label=0
SEQ_008765|label=1	SEQ_008765|label=1
SEQ_008766|label=0	SEQ_008766|label=0
SEQ_008767|label=1	SEQ_008767|label=1
SEQ_008768|label=1	SEQ_008768|label=1
SEQ_008769|label=1	SEQ_008769|label=1
SEQ_008770|label=1	SEQ_008770|label=1
SEQ_008771|label=1	SEQ_008771|label=1
SEQ_008772|label=1	SEQ_008772|label=1
SEQ_008773|label=0	SEQ_008773|label=0
SEQ_008774|label=0	SEQ_008774|label=0
SEQ_008775|label=1	SEQ_008775|label=1
SEQ_008776|label=0	SEQ_008776|label=0
SEQ_008777|label=1	SEQ_008777|label=1
SEQ_008778|label=0	SEQ_008778|label=0
SEQ_008779|label=0	SEQ_008779|label=0
SEQ_008780|label=1	SEQ_008780|label=1
SEQ_008781|label=1	SEQ_008781|label=1
SEQ_008782|label=0	SEQ_008782|label=0
SEQ_008783|label=0	SEQ_008783|label=0
SEQ_008784|label=1	SEQ_008784|label=1
SEQ_008785|label=0	SEQ_008785|label=0
SEQ_008786|label=0	SEQ_008786|label=0
SEQ_008787|label=1	SEQ_008787|label=1
SEQ_008788|label=1	SEQ_008788|label=1
SEQ_008789|label=1	SEQ_008789|label=1
SEQ_008790|label=1	SEQ_008790|label=1
SEQ_008791|label=1	SEQ_008791|label=1
SEQ_008792|label=0	SEQ_008792|label=0
SEQ_008793|label=0	SEQ_008793|label=0
SEQ_008794|label=0	SEQ_008794|label=0
SEQ_008795|label=1	SEQ_008795|label=1
SEQ_008796|label=1	SEQ_008796|label=1
SEQ_008797|label=0	SEQ_008797|label=0
SEQ_008798|label=0	SEQ_008798|label=0
SEQ_008799|label=1	SEQ_008799|label=1
SEQ_008800|label=0	SEQ_008800|label=0
SEQ_009501|label=1	SEQ_009501|label=1
SEQ_009502|label=0	SEQ_009502|label=0
SEQ_009503|label=1	SEQ_009503|label=1
SEQ_009504|label=0	SEQ_009504|label=0
SEQ_009505|label=0	SEQ_009505|label=0
SEQ_009506|label=1	SEQ_009506|label=1
SEQ_009507|label=0	SEQ_009507|label=0
SEQ_009508|label=1	SEQ_009508|label=1
SEQ_009509|label=1	SEQ_009509|label=1
SEQ_009510|label=0	SEQ_009510|label=0
SEQ_009511|label=0	SEQ_009511|label=0
SEQ_009512|label=1	SEQ_009512|label=1
SEQ_009513|label=1	SEQ_009513|label=1
SEQ_009514|label=1	SEQ_009514|label=1
SEQ_009515|label=1	SEQ_009515|label=1
SEQ_009516|label=1	SEQ_009516|label=1
SEQ_009517|label=1	SEQ_009517|label=1
SEQ_009518|label=0	SEQ_009518|label=0
SEQ_009519|label=1	SEQ_009519|label=1
SEQ_009520|label=1	SEQ_009520|label=1
SEQ_009521|label=1	SEQ_009521|label=1
SEQ_009522|label=1	SEQ_009522|label=1
SEQ_009523|label=0	SEQ_009523|label=0
SEQ_009524|label=0	SEQ_009524|label=0
SEQ_009525|label=0	SEQ_009525|label=0
SEQ_009526|label=1	SEQ_009526|label=1
SEQ_009527|label=0	SEQ_009527|label=0
SEQ_009528|label=0	SEQ_009528|label=0
SEQ_009529|label=0	SEQ_009529|label=0
SEQ_009530|label=1	SEQ_009530|label=1
SEQ_009531|label=1	SEQ_009531|label=1
SEQ_009532|label=0	SEQ_009532|label=0
SEQ_009533|label=0	SEQ_009533|label=0
SEQ_009534|label=0	SEQ_009534|label=0
SEQ_009535|label=1	SEQ_009535|label=1
SEQ_009536|label=0	SEQ_009536|label=0
SEQ_009537|label=0	SEQ_009537|label=0
SEQ_009538|label=1	SEQ_009538|label=1
SEQ_009539|label=1	SEQ_009539|label=1
SEQ_009540|label=0	SEQ_009540|label=0
SEQ_009541|label=0	SEQ_009541|label=0
SEQ_009542|label=0	SEQ_009542|label=0
SEQ_009543|label=0	SEQ_009543|label=0
SEQ_009544|label=1	SEQ_009544|label=1
SEQ_009545|label=0	SEQ_009545|label=0
SEQ_009546|label=0	SEQ_009546|label=0
SEQ_009547|label=0	SEQ_009547|label=0
SEQ_009548|label=0	SEQ_009548|label=0
SEQ_009549|label=0	SEQ_009549|label=0
SEQ_009550|label=1	SEQ_009550|label=1
SEQ_009551|label=1	SEQ_009551|label=1
SEQ_009552|label=1	SEQ_009552|label=1
SEQ_009553|label=1	SEQ_009553|label=1
SEQ_009554|label=0	SEQ_009554|label=0
SEQ_009555|label=1	SEQ_009555|label=1
SEQ_009556|label=0	SEQ_009556|label=0
SEQ_009557|label=1	SEQ_009557|label=1
SEQ_009558|label=1	SEQ_009558|label=1
SEQ_009559|label=0	SEQ_009559|label=0
SEQ_009560|label=1	SEQ_009560|label=1
SEQ_009561|label=1	SEQ_009561|label=1
SEQ_009562|label=0	SEQ_009562|label=0
SEQ_008201|label=0	SEQ_008201|label=0
SEQ_008202|label=0	SEQ_008202|label=0
SEQ_008203|label=0	SEQ_008203|label=0
SEQ_008204|label=0	SEQ_008204|label=0
SEQ_008205|label=1	SEQ_008205|label=1
SEQ_008206|label=0	SEQ_008206|label=0
SEQ_008207|label=1	SEQ_008207|label=1
SEQ_008208|label=1	SEQ_008208|label=1
SEQ_008209|label=0	SEQ_008209|label=0
SEQ_008210|label=0	SEQ_008210|label=0
SEQ_008211|label=0	SEQ_008211|label=0
SEQ_008212|label=0	SEQ_008212|label=0
SEQ_008213|label=0	SEQ_008213|label=0
SEQ_008214|label=0	SEQ_008214|label=0
SEQ_008215|label=0	SEQ_008215|label=0
SEQ_008216|label=0	SEQ_008216|label=0
SEQ_008217|label=1	SEQ_008217|label=1
SEQ_008218|label=0	SEQ_008218|label=0
SEQ_008219|label=0	SEQ_008219|label=0
SEQ_008220|label=1	SEQ_008220|label=1
SEQ_008221|label=1	SEQ_008221|label=1
SEQ_008222|label=0	SEQ_008222|label=0
SEQ_008223|label=1	SEQ_008223|label=1
SEQ_008224|label=0	SEQ_008224|label=0
SEQ_008225|label=0	SEQ_008225|label=0
SEQ_008226|label=0	SEQ_008226|label=0
SEQ_008227|label=1	SEQ_008227|label=1
SEQ_008228|label=1	SEQ_008228|label=1
SEQ_008229|label=0	SEQ_008229|label=0
SEQ_008230|label=0	SEQ_008230|label=0
SEQ_008231|label=1	SEQ_008231|label=1
SEQ_008232|label=0	SEQ_008232|label=0
SEQ_008233|label=0	SEQ_008233|label=0
SEQ_008234|label=0	SEQ_008234|label=0
SEQ_008235|label=0	SEQ_008235|label=0
SEQ_008236|label=1	SEQ_008236|label=1
SEQ_008237|label=0	SEQ_008237|label=0
SEQ_008238|label=0	SEQ_008238|label=0
SEQ_008239|label=0	SEQ_008239|label=0
SEQ_008240|label=0	SEQ_008240|label=0
SEQ_008241|label=1	SEQ_008241|label=1
SEQ_008242|label=0	SEQ_008242|label=0
SEQ_008243|label=1	SEQ_008243|label=1
SEQ_008244|label=1	SEQ_008244|label=1
SEQ_008245|label=0	SEQ_008245|label=0
SEQ_008246|label=0	SEQ_008246|label=0
SEQ_008247|label=1	SEQ_008247|label=1
SEQ_008248|label=1	SEQ_008248|label=1
SEQ_008249|label=0	SEQ_008249|label=0
SEQ_008250|label=1	SEQ_008250|label=1
SEQ_008251|label=0	SEQ_008251|label=0
SEQ_008252|label=1	SEQ_008252|label=1
SEQ_008253|label=0	SEQ_008253|label=0
SEQ_008254|label=1	SEQ_008254|label=1
SEQ_008255|label=0	SEQ_008255|label=0
SEQ_008256|label=0	SEQ_008256|label=0
SEQ_008257|label=1	SEQ_008257|label=1
SEQ_008258|label=0	SEQ_008258|label=0
SEQ_008259|label=1	SEQ_008259|label=1
SEQ_008260|label=1	SEQ_008260|label=1
SEQ_008261|label=1	SEQ_008261|label=1
SEQ_008262|label=1	SEQ_008262|label=1
SEQ_008263|label=1	SEQ_008263|label=1
SEQ_008264|label=0	SEQ_008264|label=0
SEQ_008265|label=0	SEQ_008265|label=0
SEQ_008266|label=0	SEQ_008266|label=0
SEQ_008267|label=0	SEQ_008267|label=0
SEQ_008268|label=1	SEQ_008268|label=1
SEQ_008269|label=1	SEQ_008269|label=1
SEQ_008270|label=1	SEQ_008270|label=1
SEQ_008271|label=1	SEQ_008271|label=1
SEQ_008272|label=1	SEQ_008272|label=1
SEQ_008273|label=0	SEQ_008273|label=0
SEQ_008274|label=0	SEQ_008274|label=0
SEQ_008275|label=0	SEQ_008275|label=0
SEQ_008276|label=0	SEQ_008276|label=0
SEQ_008277|label=0	SEQ_008277|label=0
SEQ_008278|label=1	SEQ_008278|label=1
SEQ_008279|label=0	SEQ_008279|label=0
SEQ_008280|label=0	SEQ_008280|label=0
SEQ_008281|label=1	SEQ_008281|label=1
SEQ_008282|label=0	SEQ_008282|label=0
SEQ_008283|label=0	SEQ_008283|label=0
SEQ_008284|label=0	SEQ_008284|label=0
SEQ_008285|label=1	SEQ_008285|label=1
SEQ_008286|label=0	SEQ_008286|label=0
SEQ_008287|label=0	SEQ_008287|label=0
SEQ_008288|label=1	SEQ_008288|label=1
SEQ_008289|label=0	SEQ_008289|label=0
SEQ_008290|label=0	SEQ_008290|label=0
SEQ_008291|label=0	SEQ_008291|label=0
SEQ_008292|label=0	SEQ_008292|label=0
SEQ_008293|label=0	SEQ_008293|label=0
SEQ_008294|label=1	SEQ_008294|label=1
SEQ_008295|label=1	SEQ_008295|label=1
SEQ_008296|label=0	SEQ_008296|label=0
SEQ_008297|label=0	SEQ_008297|label=0
SEQ_008298|label=1	SEQ_008298|label=1
SEQ_008299|label=1	SEQ_008299|label=1
SEQ_008300|label=1	SEQ_008300|label=1
SEQ_009001|label=1	SEQ_009001|label=1
SEQ_009002|label=1	SEQ_009002|label=1
SEQ_009003|label=1	SEQ_009003|label=1
SEQ_009004|label=0	SEQ_009004|label=0
SEQ_009005|label=1	SEQ_009005|label=1
SEQ_009006|label=0	SEQ_009006|label=0
SEQ_009007|label=1	SEQ_009007|label=1
SEQ_009008|label=1	SEQ_009008|label=1
SEQ_009009|label=1	SEQ_009009|label=1
SEQ_009010|label=0	SEQ_009010|label=0
SEQ_009011|label=0	SEQ_009011|label=0
SEQ_009012|label=0	SEQ_009012|label=0
SEQ_009013|label=1	SEQ_009013|label=1
SEQ_009014|label=0	SEQ_009014|label=0
SEQ_009015|label=1	SEQ_009015|label=1
SEQ_009016|label=1	SEQ_009016|label=1
SEQ_009017|label=0	SEQ_009017|label=0
SEQ_009018|label=1	SEQ_009018|label=1
SEQ_009019|label=0	SEQ_009019|label=0
SEQ_009020|label=1	SEQ_009020|label=1
SEQ_009021|label=0	SEQ_009021|label=0
SEQ_009022|label=0	SEQ_009022|label=0
SEQ_009023|label=1	SEQ_009023|label=1
SEQ_009024|label=1	SEQ_009024|label=1
SEQ_009025|label=1	SEQ_009025|label=1
SEQ_009026|label=0	SEQ_009026|label=0
SEQ_009027|label=1	SEQ_009027|label=1
SEQ_009028|label=1	SEQ_009028|label=1
SEQ_009029|label=1	SEQ_009029|label=1
SEQ_009030|label=1	SEQ_009030|label=1
SEQ_009031|label=0	SEQ_009031|label=0
SEQ_009032|label=1	SEQ_009032|label=1
SEQ_009033|label=0	SEQ_009033|label=0
SEQ_009034|label=0	SEQ_009034|label=0
SEQ_009035|label=0	SEQ_009035|label=0
SEQ_009036|label=0	SEQ_009036|label=0
SEQ_009037|label=1	SEQ_009037|label=1
SEQ_009038|label=1	SEQ_009038|label=1
SEQ_009039|label=0	SEQ_009039|label=0
SEQ_009040|label=1	SEQ_009040|label=1
SEQ_009041|label=1	SEQ_009041|label=1
SEQ_009042|label=0	SEQ_009042|label=0
SEQ_009043|label=1	SEQ_009043|label=1
SEQ_009044|label=1	SEQ_009044|label=1
SEQ_009045|label=0	SEQ_009045|label=0
SEQ_009046|label=1	SEQ_009046|label=1
SEQ_009047|label=1	SEQ_009047|label=1
SEQ_009048|label=1	SEQ_009048|label=1
SEQ_009049|label=0	SEQ_009049|label=0
SEQ_009050|label=1	SEQ_009050|label=1
SEQ_009051|label=1	SEQ_009051|label=1
SEQ_009052|label=1	SEQ_009052|label=1
SEQ_009053|label=1	SEQ_009053|label=1
SEQ_009054|label=0	SEQ_009054|label=0
SEQ_009055|label=1	SEQ_009055|label=1
SEQ_009056|label=0	SEQ_009056|label=0
SEQ_009057|label=1	SEQ_009057|label=1
SEQ_009058|label=0	SEQ_009058|label=0
SEQ_009059|label=0	SEQ_009059|label=0
SEQ_009060|label=1	SEQ_009060|label=1
SEQ_009061|label=0	SEQ_009061|label=0
SEQ_009062|label=1	SEQ_009062|label=1
SEQ_009063|label=0	SEQ_009063|label=0
SEQ_009064|label=1	SEQ_009064|label=1
SEQ_009065|label=0	SEQ_009065|label=0
SEQ_009066|label=0	SEQ_009066|label=0
SEQ_009067|label=0	SEQ_009067|label=0
SEQ_009068|label=0	SEQ_009068|label=0
SEQ_009069|label=1	SEQ_009069|label=1
SEQ_009070|label=1	SEQ_009070|label=1
SEQ_009071|label=1	SEQ_009071|label=1
SEQ_009072|label=1	SEQ_009072|label=1
SEQ_009073|label=1	SEQ_009073|label=1
SEQ_009074|label=1	SEQ_009074|label=1
SEQ_009075|label=1	SEQ_009075|label=1
SEQ_009076|label=0	SEQ_009076|label=0
SEQ_009077|label=0	SEQ_009077|label=0
SEQ_009078|label=0	SEQ_009078|label=0
SEQ_009079|label=0	SEQ_009079|label=0
SEQ_009080|label=0	SEQ_009080|label=0
SEQ_009081|label=1	SEQ_009081|label=1
SEQ_009082|label=1	SEQ_009082|label=1
SEQ_009083|label=0	SEQ_009083|label=0
SEQ_009084|label=1	SEQ_009084|label=1
SEQ_009085|label=1	SEQ_009085|label=1
SEQ_009086|label=1	SEQ_009086|label=1
SEQ_009087|label=1	SEQ_009087|label=1
SEQ_009088|label=1	SEQ_009088|label=1
SEQ_009089|label=0	SEQ_009089|label=0
SEQ_009090|label=0	SEQ_009090|label=0
SEQ_009091|label=1	SEQ_009091|label=1
SEQ_009092|label=1	SEQ_009092|label=1
SEQ_009093|label=1	SEQ_009093|label=1
SEQ_009094|label=0	SEQ_009094|label=0
SEQ_009095|label=0	SEQ_009095|label=0
SEQ_009096|label=1	SEQ_009096|label=1
SEQ_009097|label=0	SEQ_009097|label=0
SEQ_009098|label=0	SEQ_009098|label=0
SEQ_009099|label=0	SEQ_009099|label=0
SEQ_009100|label=0	SEQ_009100|label=0
SEQ_009901|label=1	SEQ_009901|label=1
SEQ_009902|label=0	SEQ_009902|label=0
SEQ_009903|label=0	SEQ_009903|label=0
SEQ_009904|label=0	SEQ_009904|label=0
SEQ_009905|label=0	SEQ_009905|label=0
SEQ_009906|label=0	SEQ_009906|label=0
SEQ_009907|label=1	SEQ_009907|label=1
SEQ_009908|label=0	SEQ_009908|label=0
SEQ_009909|label=0	SEQ_009909|label=0
SEQ_009910|label=0	SEQ_009910|label=0
SEQ_009911|label=0	SEQ_009911|label=0
SEQ_009912|label=0	SEQ_009912|label=0
SEQ_009913|label=1	SEQ_009913|label=1
SEQ_009914|label=0	SEQ_009914|label=0
SEQ_009915|label=1	SEQ_009915|label=1
SEQ_009916|label=1	SEQ_009916|label=1
SEQ_009917|label=0	SEQ_009917|label=0
SEQ_009918|label=0	SEQ_009918|label=0
SEQ_009919|label=1	SEQ_009919|label=1
SEQ_009920|label=0	SEQ_009920|label=0
SEQ_009921|label=0	SEQ_009921|label=0
SEQ_009922|label=1	SEQ_009922|label=1
SEQ_009923|label=0	SEQ_009923|label=0
SEQ_009924|label=1	SEQ_009924|label=1
SEQ_009925|label=1	SEQ_009925|label=1
SEQ_009926|label=1	SEQ_009926|label=1
SEQ_009927|label=0	SEQ_009927|label=0
SEQ_009928|label=0	SEQ_009928|label=0
SEQ_009929|label=0	SEQ_009929|label=0
SEQ_009930|label=0	SEQ_009930|label=0
SEQ_009931|label=0	SEQ_009931|label=0
SEQ_009932|label=0	SEQ_009932|label=0
SEQ_009933|label=1	SEQ_009933|label=1
SEQ_009934|label=1	SEQ_009934|label=1
SEQ_009935|label=0	SEQ_009935|label=0
SEQ_009936|label=0	SEQ_009936|label=0
SEQ_009937|label=1	SEQ_009937|label=1
SEQ_009938|label=1	SEQ_009938|label=1
SEQ_009939|label=1	SEQ_009939|label=1
SEQ_009940|label=0	SEQ_009940|label=0
SEQ_009941|label=1	SEQ_009941|label=1
SEQ_009942|label=0	SEQ_009942|label=0
SEQ_009943|label=1	SEQ_009943|label=1
SEQ_009944|label=1	SEQ_009944|label=1
SEQ_009945|label=1	SEQ_009945|label=1
SEQ_009946|label=0	SEQ_009946|label=0
SEQ_009947|label=0	SEQ_009947|label=0
SEQ_009948|label=1	SEQ_009948|label=1
SEQ_009949|label=0	SEQ_009949|label=0
SEQ_009950|label=1	SEQ_009950|label=1
SEQ_009951|label=1	SEQ_009951|label=1
SEQ_009952|label=0	SEQ_009952|label=0
SEQ_009953|label=1	SEQ_009953|label=1
SEQ_009954|label=0	SEQ_009954|label=0
SEQ_009955|label=0	SEQ_009955|label=0
SEQ_009956|label=1	SEQ_009956|label=1
SEQ_009957|label=0	SEQ_009957|label=0
SEQ_009958|label=0	SEQ_009958|label=0
SEQ_009959|label=1	SEQ_009959|label=1
SEQ_009960|label=0	SEQ_009960|label=0
SEQ_009961|label=0	SEQ_009961|label=0
SEQ_009962|label=0	SEQ_009962|label=0
SEQ_009963|label=0	SEQ_009963|label=0
SEQ_009964|label=1	SEQ_009964|label=1
SEQ_009965|label=0	SEQ_009965|label=0
SEQ_009966|label=1	SEQ_009966|label=1
SEQ_009967|label=0	SEQ_009967|label=0
SEQ_009968|label=1	SEQ_009968|label=1
SEQ_009969|label=1	SEQ_009969|label=1
SEQ_009970|label=0	SEQ_009970|label=0
SEQ_009971|label=0	SEQ_009971|label=0
SEQ_009972|label=1	SEQ_009972|label=1
SEQ_009973|label=1	SEQ_009973|label=1
SEQ_009974|label=1	SEQ_009974|label=1
SEQ_009975|label=1	SEQ_009975|label=1
SEQ_009976|label=1	SEQ_009976|label=1
SEQ_009977|label=0	SEQ_009977|label=0
SEQ_009978|label=0	SEQ_009978|label=0
SEQ_009979|label=0	SEQ_009979|label=0
SEQ_009980|label=0	SEQ_009980|label=0
SEQ_009981|label=0	SEQ_009981|label=0
SEQ_009982|label=0	SEQ_009982|label=0
SEQ_009983|label=1	SEQ_009983|label=1
SEQ_009984|label=0	SEQ_009984|label=0
SEQ_009985|label=0	SEQ_009985|label=0
SEQ_009986|label=0	SEQ_009986|label=0
SEQ_009987|label=0	SEQ_009987|label=0
SEQ_009988|label=0	SEQ_009988|label=0
SEQ_009989|label=0	SEQ_009989|label=0
SEQ_009990|label=0	SEQ_009990|label=0
SEQ_009991|label=0	SEQ_009991|label=0
SEQ_009992|label=0	SEQ_009992|label=0
SEQ_009993|label=0	SEQ_009993|label=0
SEQ_009994|label=1	SEQ_009994|label=1
SEQ_009995|label=1	SEQ_009995|label=1
SEQ_009996|label=0	SEQ_009996|label=0
SEQ_009997|label=1	SEQ_009997|label=1
SEQ_009998|label=1	SEQ_009998|label=1
SEQ_009999|label=1	SEQ_009999|label=1
SEQ_010000|label=0	SEQ_010000|label=0
SEQ_010501|label=1	SEQ_010501|label=1
SEQ_010502|label=1	SEQ_010502|label=1
SEQ_010503|label=1	SEQ_010503|label=1
SEQ_010504|label=0	SEQ_010504|label=0
SEQ_010505|label=1	SEQ_010505|label=1
SEQ_010506|label=0	SEQ_010506|label=0
SEQ_010507|label=0	SEQ_010507|label=0
SEQ_010508|label=0	SEQ_010508|label=0
SEQ_010509|label=1	SEQ_010509|label=1
SEQ_010510|label=1	SEQ_010510|label=1
SEQ_010511|label=0	SEQ_010511|label=0
SEQ_010512|label=0	SEQ_010512|label=0
SEQ_010513|label=0	SEQ_010513|label=0
SEQ_010514|label=1	SEQ_010514|label=1
SEQ_010515|label=0	SEQ_010515|label=0
SEQ_010516|label=0	SEQ_010516|label=0
SEQ_010517|label=0	SEQ_010517|label=0
SEQ_010518|label=1	SEQ_010518|label=1
SEQ_010519|label=1	SEQ_010519|label=1
SEQ_010520|label=1	SEQ_010520|label=1
SEQ_010521|label=1	SEQ_010521|label=1
SEQ_010522|label=0	SEQ_010522|label=0
SEQ_010523|label=0	SEQ_010523|label=0
SEQ_010524|label=1	SEQ_010524|label=1
SEQ_010525|label=0	SEQ_010525|label=0
SEQ_010526|label=1	SEQ_010526|label=1
SEQ_010527|label=0	SEQ_010527|label=0
SEQ_010528|label=1	SEQ_010528|label=1
SEQ_010529|label=1	SEQ_010529|label=1
SEQ_010530|label=1	SEQ_010530|label=1
SEQ_010531|label=0	SEQ_010531|label=0
SEQ_010532|label=0	SEQ_010532|label=0
SEQ_010533|label=1	SEQ_010533|label=1
SEQ_010534|label=0	SEQ_010534|label=0
SEQ_010535|label=0	SEQ_010535|label=0
SEQ_010536|label=0	SEQ_010536|label=0
SEQ_010537|label=1	SEQ_010537|label=1
SEQ_010538|label=1	SEQ_010538|label=1
SEQ_010539|label=1	SEQ_010539|label=1
SEQ_010540|label=0	SEQ_010540|label=0
SEQ_010541|label=0	SEQ_010541|label=0
SEQ_010542|label=1	SEQ_010542|label=1
SEQ_010543|label=1	SEQ_010543|label=1
SEQ_010544|label=0	SEQ_010544|label=0
SEQ_010545|label=0	SEQ_010545|label=0
SEQ_010546|label=0	SEQ_010546|label=0
SEQ_010547|label=1	SEQ_010547|label=1
SEQ_010548|label=1	SEQ_010548|label=1
SEQ_010549|label=1	SEQ_010549|label=1
SEQ_010550|label=1	SEQ_010550|label=1
SEQ_010551|label=1	SEQ_010551|label=1
SEQ_010552|label=0	SEQ_010552|label=0
SEQ_010553|label=0	SEQ_010553|label=0
SEQ_010554|label=0	SEQ_010554|label=0
SEQ_010555|label=1	SEQ_010555|label=1
SEQ_010556|label=0	SEQ_010556|label=0
SEQ_010557|label=0	SEQ_010557|label=0
SEQ_010558|label=0	SEQ_010558|label=0
SEQ_010559|label=0	SEQ_010559|label=0
SEQ_010560|label=0	SEQ_010560|label=0
SEQ_010561|label=1	SEQ_010561|label=1
SEQ_010562|label=0	SEQ_010562|label=0
SEQ_010563|label=0	SEQ_010563|label=0
SEQ_010564|label=1	SEQ_010564|label=1
SEQ_010565|label=1	SEQ_010565|label=1
SEQ_010566|label=0	SEQ_010566|label=0
SEQ_010567|label=1	SEQ_010567|label=1
SEQ_010568|label=0	SEQ_010568|label=0
SEQ_010569|label=1	SEQ_010569|label=1
SEQ_010570|label=1	SEQ_010570|label=1
SEQ_010571|label=0	SEQ_010571|label=0
SEQ_010572|label=1	SEQ_010572|label=1
SEQ_010573|label=0	SEQ_010573|label=0
SEQ_010574|label=1	SEQ_010574|label=1
SEQ_010575|label=0	SEQ_010575|label=0
SEQ_010576|label=1	SEQ_010576|label=1
SEQ_010577|label=1	SEQ_010577|label=1
SEQ_010578|label=1	SEQ_010578|label=1
SEQ_010579|label=1	SEQ_010579|label=1
SEQ_010580|label=0	SEQ_010580|label=0
SEQ_010581|label=1	SEQ_010581|label=1
SEQ_010582|label=0	SEQ_010582|label=0
SEQ_010583|label=0	SEQ_010583|label=0
SEQ_010584|label=1	SEQ_010584|label=1
SEQ_010585|label=0	SEQ_010585|label=0
SEQ_010586|label=0	SEQ_010586|label=0
SEQ_010587|label=1	SEQ_010587|label=1
SEQ_010588|label=0	SEQ_010588|label=0
SEQ_010589|label=1	SEQ_010589|label=1
SEQ_010590|label=0	SEQ_010590|label=0
SEQ_010591|label=1	SEQ_010591|label=1
SEQ_010592|label=1	SEQ_010592|label=1
SEQ_010593|label=0	SEQ_010593|label=0
SEQ_010594|label=1	SEQ_010594|label=1
SEQ_010595|label=0	SEQ_010595|label=0
SEQ_010596|label=1	SEQ_010596|label=1
SEQ_010597|label=1	SEQ_010597|label=1
SEQ_010598|label=1	SEQ_010598|label=1
SEQ_010599|label=1	SEQ_010599|label=1
SEQ_010600|label=0	SEQ_010600|label=0
SEQ_011401|label=1	SEQ_011401|label=1
SEQ_011402|label=1	SEQ_011402|label=1
SEQ_011403|label=0	SEQ_011403|label=0
SEQ_011404|label=0	SEQ_011404|label=0
SEQ_011405|label=1	SEQ_011405|label=1
SEQ_011406|label=1	SEQ_011406|label=1
SEQ_011407|label=0	SEQ_011407|label=0
SEQ_011408|label=0	SEQ_011408|label=0
SEQ_011409|label=0	SEQ_011409|label=0
SEQ_011410|label=1	SEQ_011410|label=1
SEQ_011411|label=1	SEQ_011411|label=1
SEQ_011412|label=1	SEQ_011412|label=1
SEQ_011413|label=1	SEQ_011413|label=1
SEQ_011414|label=1	SEQ_011414|label=1
SEQ_011415|label=1	SEQ_011415|label=1
SEQ_011416|label=1	SEQ_011416|label=1
SEQ_011417|label=1	SEQ_011417|label=1
SEQ_011418|label=1	SEQ_011418|label=1
SEQ_011419|label=1	SEQ_011419|label=1
SEQ_011420|label=1	SEQ_011420|label=1
SEQ_011421|label=0	SEQ_011421|label=0
SEQ_011422|label=1	SEQ_011422|label=1
SEQ_011423|label=1	SEQ_011423|label=1
SEQ_011424|label=1	SEQ_011424|label=1
SEQ_011425|label=1	SEQ_011425|label=1
SEQ_011426|label=0	SEQ_011426|label=0
SEQ_011427|label=0	SEQ_011427|label=0
SEQ_011428|label=1	SEQ_011428|label=1
SEQ_011429|label=1	SEQ_011429|label=1
SEQ_011430|label=1	SEQ_011430|label=1
SEQ_011431|label=1	SEQ_011431|label=1
SEQ_011432|label=1	SEQ_011432|label=1
SEQ_011433|label=0	SEQ_011433|label=0
SEQ_011434|label=1	SEQ_011434|label=1
SEQ_011435|label=0	SEQ_011435|label=0
SEQ_011436|label=0	SEQ_011436|label=0
SEQ_011437|label=0	SEQ_011437|label=0
SEQ_011438|label=1	SEQ_011438|label=1
SEQ_001401|label=0	SEQ_001401|label=0
SEQ_001402|label=0	SEQ_001402|label=0
SEQ_001403|label=1	SEQ_001403|label=1
SEQ_001404|label=1	SEQ_001404|label=1
SEQ_001405|label=1	SEQ_001405|label=1
SEQ_001406|label=0	SEQ_001406|label=0
SEQ_001407|label=1	SEQ_001407|label=1
SEQ_001408|label=0	SEQ_001408|label=0
SEQ_001409|label=0	SEQ_001409|label=0
SEQ_001410|label=0	SEQ_001410|label=0
SEQ_001411|label=0	SEQ_001411|label=0
SEQ_001412|label=1	SEQ_001412|label=1
SEQ_001413|label=0	SEQ_001413|label=0
SEQ_001414|label=0	SEQ_001414|label=0
SEQ_001415|label=1	SEQ_001415|label=1
SEQ_001416|label=0	SEQ_001416|label=0
SEQ_001417|label=1	SEQ_001417|label=1
SEQ_001418|label=0	SEQ_001418|label=0
SEQ_001419|label=1	SEQ_001419|label=1
SEQ_001420|label=1	SEQ_001420|label=1
SEQ_001421|label=1	SEQ_001421|label=1
SEQ_001422|label=0	SEQ_001422|label=0
SEQ_001423|label=1	SEQ_001423|label=1
SEQ_001424|label=1	SEQ_001424|label=1
SEQ_001425|label=1	SEQ_001425|label=1
SEQ_001426|label=0	SEQ_001426|label=0
SEQ_001427|label=0	SEQ_001427|label=0
SEQ_001428|label=1	SEQ_001428|label=1
SEQ_001429|label=1	SEQ_001429|label=1
SEQ_001430|label=1	SEQ_001430|label=1
SEQ_001431|label=1	SEQ_001431|label=1
SEQ_001432|label=0	SEQ_001432|label=0
SEQ_001433|label=0	SEQ_001433|label=0
SEQ_001434|label=1	SEQ_001434|label=1
SEQ_001435|label=1	SEQ_001435|label=1
SEQ_001436|label=1	SEQ_001436|label=1
SEQ_001437|label=1	SEQ_001437|label=1
SEQ_001438|label=0	SEQ_001438|label=0
SEQ_001439|label=0	SEQ_001439|label=0
SEQ_001440|label=0	SEQ_001440|label=0
SEQ_001441|label=0	SEQ_001441|label=0
SEQ_001442|label=1	SEQ_001442|label=1
SEQ_001443|label=1	SEQ_001443|label=1
SEQ_001444|label=1	SEQ_001444|label=1
SEQ_001445|label=1	SEQ_001445|label=1
SEQ_001446|label=0	SEQ_001446|label=0
SEQ_001447|label=0	SEQ_001447|label=0
SEQ_001448|label=1	SEQ_001448|label=1
SEQ_001449|label=0	SEQ_001449|label=0
SEQ_001450|label=0	SEQ_001450|label=0
SEQ_001451|label=0	SEQ_001451|label=0
SEQ_001452|label=1	SEQ_001452|label=1
SEQ_001453|label=1	SEQ_001453|label=1
SEQ_001454|label=1	SEQ_001454|label=1
SEQ_001455|label=1	SEQ_001455|label=1
SEQ_001456|label=1	SEQ_001456|label=1
SEQ_001457|label=0	SEQ_001457|label=0
SEQ_001458|label=1	SEQ_001458|label=1
SEQ_001459|label=0	SEQ_001459|label=0
SEQ_001460|label=1	SEQ_001460|label=1
SEQ_001461|label=1	SEQ_001461|label=1
SEQ_001462|label=1	SEQ_001462|label=1
SEQ_001463|label=1	SEQ_001463|label=1
SEQ_001464|label=1	SEQ_001464|label=1
SEQ_001465|label=0	SEQ_001465|label=0
SEQ_001466|label=1	SEQ_001466|label=1
SEQ_001467|label=0	SEQ_001467|label=0
SEQ_001468|label=0	SEQ_001468|label=0
SEQ_001469|label=1	SEQ_001469|label=1
SEQ_001470|label=1	SEQ_001470|label=1
SEQ_001471|label=1	SEQ_001471|label=1
SEQ_001472|label=1	SEQ_001472|label=1
SEQ_001473|label=0	SEQ_001473|label=0
SEQ_001474|label=1	SEQ_001474|label=1
SEQ_001475|label=1	SEQ_001475|label=1
SEQ_001476|label=0	SEQ_001476|label=0
SEQ_001477|label=1	SEQ_001477|label=1
SEQ_001478|label=1	SEQ_001478|label=1
SEQ_001479|label=0	SEQ_001479|label=0
SEQ_001480|label=0	SEQ_001480|label=0
SEQ_001481|label=1	SEQ_001481|label=1
SEQ_001482|label=1	SEQ_001482|label=1
SEQ_001483|label=0	SEQ_001483|label=0
SEQ_001484|label=1	SEQ_001484|label=1
SEQ_001485|label=1	SEQ_001485|label=1
SEQ_001486|label=0	SEQ_001486|label=0
SEQ_001487|label=1	SEQ_001487|label=1
SEQ_001488|label=1	SEQ_001488|label=1
SEQ_001489|label=0	SEQ_001489|label=0
SEQ_001490|label=0	SEQ_001490|label=0
SEQ_001491|label=1	SEQ_001491|label=1
SEQ_001492|label=0	SEQ_001492|label=0
SEQ_001493|label=0	SEQ_001493|label=0
SEQ_001494|label=1	SEQ_001494|label=1
SEQ_001495|label=1	SEQ_001495|label=1
SEQ_001496|label=0	SEQ_001496|label=0
SEQ_001497|label=0	SEQ_001497|label=0
SEQ_001498|label=0	SEQ_001498|label=0
SEQ_001499|label=0	SEQ_001499|label=0
SEQ_001500|label=0	SEQ_001500|label=0
SEQ_002101|label=1	SEQ_002101|label=1
SEQ_002102|label=1	SEQ_002102|label=1
SEQ_002103|label=0	SEQ_002103|label=0
SEQ_002104|label=0	SEQ_002104|label=0
SEQ_002105|label=1	SEQ_002105|label=1
SEQ_002106|label=1	SEQ_002106|label=1
SEQ_002107|label=0	SEQ_002107|label=0
SEQ_002108|label=1	SEQ_002108|label=1
SEQ_002109|label=1	SEQ_002109|label=1
SEQ_002110|label=0	SEQ_002110|label=0
SEQ_002111|label=0	SEQ_002111|label=0
SEQ_002112|label=0	SEQ_002112|label=0
SEQ_002113|label=0	SEQ_002113|label=0
SEQ_002114|label=1	SEQ_002114|label=1
SEQ_002115|label=1	SEQ_002115|label=1
SEQ_002116|label=0	SEQ_002116|label=0
SEQ_002117|label=0	SEQ_002117|label=0
SEQ_002118|label=0	SEQ_002118|label=0
SEQ_002119|label=0	SEQ_002119|label=0
SEQ_002120|label=1	SEQ_002120|label=1
SEQ_002121|label=0	SEQ_002121|label=0
SEQ_002122|label=0	SEQ_002122|label=0
SEQ_002123|label=1	SEQ_002123|label=1
SEQ_002124|label=0	SEQ_002124|label=0
SEQ_002125|label=1	SEQ_002125|label=1
SEQ_002126|label=0	SEQ_002126|label=0
SEQ_002127|label=1	SEQ_002127|label=1
SEQ_002128|label=0	SEQ_002128|label=0
SEQ_002129|label=1	SEQ_002129|label=1
SEQ_002130|label=0	SEQ_002130|label=0
SEQ_002131|label=1	SEQ_002131|label=1
SEQ_002132|label=1	SEQ_002132|label=1
SEQ_002133|label=0	SEQ_002133|label=0
SEQ_002134|label=1	SEQ_002134|label=1
SEQ_002135|label=0	SEQ_002135|label=0
SEQ_002136|label=0	SEQ_002136|label=0
SEQ_002137|label=1	SEQ_002137|label=1
SEQ_002138|label=0	SEQ_002138|label=0
SEQ_002139|label=1	SEQ_002139|label=1
SEQ_002140|label=0	SEQ_002140|label=0
SEQ_002141|label=0	SEQ_002141|label=0
SEQ_002142|label=0	SEQ_002142|label=0
SEQ_002143|label=1	SEQ_002143|label=1
SEQ_002144|label=1	SEQ_002144|label=1
SEQ_002145|label=1	SEQ_002145|label=1
SEQ_002146|label=0	SEQ_002146|label=0
SEQ_002147|label=0	SEQ_002147|label=0
SEQ_002148|label=0	SEQ_002148|label=0
SEQ_002149|label=1	SEQ_002149|label=1
SEQ_002150|label=1	SEQ_002150|label=1
SEQ_002151|label=1	SEQ_002151|label=1
SEQ_002152|label=1	SEQ_002152|label=1
SEQ_002153|label=0	SEQ_002153|label=0
SEQ_002154|label=1	SEQ_002154|label=1
SEQ_002155|label=1	SEQ_002155|label=1
SEQ_002156|label=1	SEQ_002156|label=1
SEQ_002157|label=1	SEQ_002157|label=1
SEQ_002158|label=0	SEQ_002158|label=0
SEQ_002159|label=1	SEQ_002159|label=1
SEQ_002160|label=0	SEQ_002160|label=0
SEQ_002161|label=1	SEQ_002161|label=1
SEQ_002162|label=1	SEQ_002162|label=1
SEQ_002163|label=1	SEQ_002163|label=1
SEQ_002164|label=1	SEQ_002164|label=1
SEQ_002165|label=1	SEQ_002165|label=1
SEQ_002166|label=1	SEQ_002166|label=1
SEQ_002167|label=0	SEQ_002167|label=0
SEQ_002168|label=0	SEQ_002168|label=0
SEQ_002169|label=1	SEQ_002169|label=1
SEQ_002170|label=1	SEQ_002170|label=1
SEQ_002171|label=1	SEQ_002171|label=1
SEQ_002172|label=1	SEQ_002172|label=1
SEQ_002173|label=1	SEQ_002173|label=1
SEQ_002174|label=1	SEQ_002174|label=1
SEQ_002175|label=1	SEQ_002175|label=1
SEQ_002176|label=0	SEQ_002176|label=0
SEQ_002177|label=0	SEQ_002177|label=0
SEQ_002178|label=0	SEQ_002178|label=0
SEQ_002179|label=1	SEQ_002179|label=1
SEQ_002180|label=0	SEQ_002180|label=0
SEQ_002181|label=0	SEQ_002181|label=0
SEQ_002182|label=0	SEQ_002182|label=0
SEQ_002183|label=1	SEQ_002183|label=1
SEQ_002184|label=0	SEQ_002184|label=0
SEQ_002185|label=0	SEQ_002185|label=0
SEQ_002186|label=0	SEQ_002186|label=0
SEQ_002187|label=1	SEQ_002187|label=1
SEQ_002188|label=1	SEQ_002188|label=1
SEQ_002189|label=0	SEQ_002189|label=0
SEQ_002190|label=0	SEQ_002190|label=0
SEQ_002191|label=0	SEQ_002191|label=0
SEQ_002192|label=1	SEQ_002192|label=1
SEQ_002193|label=1	SEQ_002193|label=1
SEQ_002194|label=1	SEQ_002194|label=1
SEQ_002195|label=1	SEQ_002195|label=1
SEQ_002196|label=0	SEQ_002196|label=0
SEQ_002197|label=1	SEQ_002197|label=1
SEQ_002198|label=1	SEQ_002198|label=1
SEQ_002199|label=0	SEQ_002199|label=0
SEQ_002200|label=0	SEQ_002200|label=0
SEQ_002901|label=1	SEQ_002901|label=1
SEQ_002902|label=0	SEQ_002902|label=0
SEQ_002903|label=1	SEQ_002903|label=1
SEQ_002904|label=0	SEQ_002904|label=0
SEQ_002905|label=1	SEQ_002905|label=1
SEQ_002906|label=1	SEQ_002906|label=1
SEQ_002907|label=1	SEQ_002907|label=1
SEQ_002908|label=1	SEQ_002908|label=1
SEQ_002909|label=0	SEQ_002909|label=0
SEQ_002910|label=1	SEQ_002910|label=1
SEQ_002911|label=1	SEQ_002911|label=1
SEQ_002912|label=1	SEQ_002912|label=1
SEQ_002913|label=1	SEQ_002913|label=1
SEQ_002914|label=0	SEQ_002914|label=0
SEQ_002915|label=1	SEQ_002915|label=1
SEQ_002916|label=1	SEQ_002916|label=1
SEQ_002917|label=0	SEQ_002917|label=0
SEQ_002918|label=1	SEQ_002918|label=1
SEQ_002919|label=0	SEQ_002919|label=0
SEQ_002920|label=0	SEQ_002920|label=0
SEQ_002921|label=0	SEQ_002921|label=0
SEQ_002922|label=0	SEQ_002922|label=0
SEQ_002923|label=1	SEQ_002923|label=1
SEQ_002924|label=0	SEQ_002924|label=0
SEQ_002925|label=1	SEQ_002925|label=1
SEQ_002926|label=1	SEQ_002926|label=1
SEQ_002927|label=0	SEQ_002927|label=0
SEQ_002928|label=0	SEQ_002928|label=0
SEQ_002929|label=1	SEQ_002929|label=1
SEQ_002930|label=0	SEQ_002930|label=0
SEQ_002931|label=1	SEQ_002931|label=1
SEQ_002932|label=0	SEQ_002932|label=0
SEQ_002933|label=1	SEQ_002933|label=1
SEQ_002934|label=1	SEQ_002934|label=1
SEQ_002935|label=1	SEQ_002935|label=1
SEQ_002936|label=0	SEQ_002936|label=0
SEQ_002937|label=1	SEQ_002937|label=1
SEQ_002938|label=1	SEQ_002938|label=1
SEQ_002939|label=0	SEQ_002939|label=0
SEQ_002940|label=1	SEQ_002940|label=1
SEQ_002941|label=0	SEQ_002941|label=0
SEQ_002942|label=0	SEQ_002942|label=0
SEQ_002943|label=0	SEQ_002943|label=0
SEQ_002944|label=1	SEQ_002944|label=1
SEQ_002945|label=1	SEQ_002945|label=1
SEQ_002946|label=0	SEQ_002946|label=0
SEQ_002947|label=0	SEQ_002947|label=0
SEQ_002948|label=0	SEQ_002948|label=0
SEQ_002949|label=0	SEQ_002949|label=0
SEQ_002950|label=1	SEQ_002950|label=1
SEQ_002951|label=1	SEQ_002951|label=1
SEQ_002952|label=0	SEQ_002952|label=0
SEQ_002953|label=1	SEQ_002953|label=1
SEQ_002954|label=0	SEQ_002954|label=0
SEQ_002955|label=1	SEQ_002955|label=1
SEQ_002956|label=1	SEQ_002956|label=1
SEQ_002957|label=0	SEQ_002957|label=0
SEQ_002958|label=0	SEQ_002958|label=0
SEQ_002959|label=0	SEQ_002959|label=0
SEQ_002960|label=0	SEQ_002960|label=0
SEQ_002961|label=1	SEQ_002961|label=1
SEQ_002962|label=0	SEQ_002962|label=0
SEQ_002963|label=1	SEQ_002963|label=1
SEQ_002964|label=0	SEQ_002964|label=0
SEQ_002965|label=0	SEQ_002965|label=0
SEQ_002966|label=1	SEQ_002966|label=1
SEQ_002967|label=1	SEQ_002967|label=1
SEQ_002968|label=1	SEQ_002968|label=1
SEQ_002969|label=0	SEQ_002969|label=0
SEQ_002970|label=1	SEQ_002970|label=1
SEQ_002971|label=0	SEQ_002971|label=0
SEQ_002972|label=0	SEQ_002972|label=0
SEQ_002973|label=0	SEQ_002973|label=0
SEQ_002974|label=1	SEQ_002974|label=1
SEQ_002975|label=1	SEQ_002975|label=1
SEQ_002976|label=0	SEQ_002976|label=0
SEQ_002977|label=0	SEQ_002977|label=0
SEQ_002978|label=0	SEQ_002978|label=0
SEQ_002979|label=0	SEQ_002979|label=0
SEQ_002980|label=0	SEQ_002980|label=0
SEQ_002981|label=0	SEQ_002981|label=0
SEQ_002982|label=1	SEQ_002982|label=1
SEQ_002983|label=1	SEQ_002983|label=1
SEQ_002984|label=0	SEQ_002984|label=0
SEQ_002985|label=0	SEQ_002985|label=0
SEQ_002986|label=0	SEQ_002986|label=0
SEQ_002987|label=0	SEQ_002987|label=0
SEQ_002988|label=0	SEQ_002988|label=0
SEQ_002989|label=0	SEQ_002989|label=0
SEQ_002990|label=1	SEQ_002990|label=1
SEQ_002991|label=0	SEQ_002991|label=0
SEQ_002992|label=0	SEQ_002992|label=0
SEQ_002993|label=1	SEQ_002993|label=1
SEQ_002994|label=1	SEQ_002994|label=1
SEQ_002995|label=0	SEQ_002995|label=0
SEQ_002996|label=1	SEQ_002996|label=1
SEQ_002997|label=0	SEQ_002997|label=0
SEQ_002998|label=1	SEQ_002998|label=1
SEQ_002999|label=1	SEQ_002999|label=1
SEQ_003000|label=1	SEQ_003000|label=1
SEQ_003801|label=1	SEQ_003801|label=1
SEQ_003802|label=0	SEQ_003802|label=0
SEQ_003803|label=1	SEQ_003803|label=1
SEQ_003804|label=0	SEQ_003804|label=0
SEQ_003805|label=0	SEQ_003805|label=0
SEQ_003806|label=1	SEQ_003806|label=1
SEQ_003807|label=0	SEQ_003807|label=0
SEQ_003808|label=1	SEQ_003808|label=1
SEQ_003809|label=0	SEQ_003809|label=0
SEQ_003810|label=1	SEQ_003810|label=1
SEQ_003811|label=0	SEQ_003811|label=0
SEQ_003812|label=0	SEQ_003812|label=0
SEQ_003813|label=1	SEQ_003813|label=1
SEQ_003814|label=0	SEQ_003814|label=0
SEQ_003815|label=1	SEQ_003815|label=1
SEQ_003816|label=0	SEQ_003816|label=0
SEQ_003817|label=1	SEQ_003817|label=1
SEQ_003818|label=1	SEQ_003818|label=1
SEQ_003819|label=0	SEQ_003819|label=0
SEQ_003820|label=1	SEQ_003820|label=1
SEQ_003821|label=1	SEQ_003821|label=1
SEQ_003822|label=0	SEQ_003822|label=0
SEQ_003823|label=0	SEQ_003823|label=0
SEQ_003824|label=0	SEQ_003824|label=0
SEQ_003825|label=0	SEQ_003825|label=0
SEQ_003826|label=0	SEQ_003826|label=0
SEQ_003827|label=0	SEQ_003827|label=0
SEQ_003828|label=0	SEQ_003828|label=0
SEQ_003829|label=0	SEQ_003829|label=0
SEQ_003830|label=0	SEQ_003830|label=0
SEQ_003831|label=1	SEQ_003831|label=1
SEQ_003832|label=1	SEQ_003832|label=1
SEQ_003833|label=1	SEQ_003833|label=1
SEQ_003834|label=1	SEQ_003834|label=1
SEQ_003835|label=0	SEQ_003835|label=0
SEQ_003836|label=1	SEQ_003836|label=1
SEQ_003837|label=1	SEQ_003837|label=1
SEQ_003838|label=1	SEQ_003838|label=1
SEQ_003839|label=0	SEQ_003839|label=0
SEQ_003840|label=1	SEQ_003840|label=1
SEQ_003841|label=0	SEQ_003841|label=0
SEQ_003842|label=1	SEQ_003842|label=1
SEQ_003843|label=0	SEQ_003843|label=0
SEQ_003844|label=1	SEQ_003844|label=1
SEQ_003845|label=1	SEQ_003845|label=1
SEQ_003846|label=0	SEQ_003846|label=0
SEQ_003847|label=0	SEQ_003847|label=0
SEQ_003848|label=1	SEQ_003848|label=1
SEQ_003849|label=0	SEQ_003849|label=0
SEQ_003850|label=1	SEQ_003850|label=1
SEQ_003851|label=0	SEQ_003851|label=0
SEQ_003852|label=0	SEQ_003852|label=0
SEQ_003853|label=0	SEQ_003853|label=0
SEQ_003854|label=1	SEQ_003854|label=1
SEQ_003855|label=1	SEQ_003855|label=1
SEQ_003856|label=1	SEQ_003856|label=1
SEQ_003857|label=1	SEQ_003857|label=1
SEQ_003858|label=0	SEQ_003858|label=0
SEQ_003859|label=1	SEQ_003859|label=1
SEQ_003860|label=0	SEQ_003860|label=0
SEQ_003861|label=0	SEQ_003861|label=0
SEQ_003862|label=1	SEQ_003862|label=1
SEQ_003863|label=0	SEQ_003863|label=0
SEQ_003864|label=1	SEQ_003864|label=1
SEQ_003865|label=1	SEQ_003865|label=1
SEQ_003866|label=0	SEQ_003866|label=0
SEQ_003867|label=1	SEQ_003867|label=1
SEQ_003868|label=0	SEQ_003868|label=0
SEQ_003869|label=1	SEQ_003869|label=1
SEQ_003870|label=0	SEQ_003870|label=0
SEQ_003871|label=1	SEQ_003871|label=1
SEQ_003872|label=1	SEQ_003872|label=1
SEQ_003873|label=0	SEQ_003873|label=0
SEQ_003874|label=1	SEQ_003874|label=1
SEQ_003875|label=0	SEQ_003875|label=0
SEQ_003876|label=0	SEQ_003876|label=0
SEQ_003877|label=0	SEQ_003877|label=0
SEQ_003878|label=0	SEQ_003878|label=0
SEQ_003879|label=1	SEQ_003879|label=1
SEQ_003880|label=0	SEQ_003880|label=0
SEQ_003881|label=1	SEQ_003881|label=1
SEQ_003882|label=1	SEQ_003882|label=1
SEQ_003883|label=0	SEQ_003883|label=0
SEQ_003884|label=0	SEQ_003884|label=0
SEQ_003885|label=0	SEQ_003885|label=0
SEQ_003886|label=1	SEQ_003886|label=1
SEQ_003887|label=1	SEQ_003887|label=1
SEQ_003888|label=1	SEQ_003888|label=1
SEQ_003889|label=1	SEQ_003889|label=1
SEQ_003890|label=1	SEQ_003890|label=1
SEQ_003891|label=0	SEQ_003891|label=0
SEQ_003892|label=0	SEQ_003892|label=0
SEQ_003893|label=0	SEQ_003893|label=0
SEQ_003894|label=0	SEQ_003894|label=0
SEQ_003895|label=1	SEQ_003895|label=1
SEQ_003896|label=0	SEQ_003896|label=0
SEQ_003897|label=0	SEQ_003897|label=0
SEQ_003898|label=0	SEQ_003898|label=0
SEQ_003899|label=1	SEQ_003899|label=1
SEQ_003900|label=1	SEQ_003900|label=1
SEQ_004801|label=1	SEQ_004801|label=1
SEQ_004802|label=0	SEQ_004802|label=0
SEQ_004803|label=1	SEQ_004803|label=1
SEQ_004804|label=1	SEQ_004804|label=1
SEQ_004805|label=0	SEQ_004805|label=0
SEQ_004806|label=0	SEQ_004806|label=0
SEQ_004807|label=0	SEQ_004807|label=0
SEQ_004808|label=0	SEQ_004808|label=0
SEQ_004809|label=0	SEQ_004809|label=0
SEQ_004810|label=1	SEQ_004810|label=1
SEQ_004811|label=0	SEQ_004811|label=0
SEQ_004812|label=1	SEQ_004812|label=1
SEQ_004813|label=1	SEQ_004813|label=1
SEQ_004814|label=1	SEQ_004814|label=1
SEQ_004815|label=1	SEQ_004815|label=1
SEQ_004816|label=1	SEQ_004816|label=1
SEQ_004817|label=1	SEQ_004817|label=1
SEQ_004818|label=1	SEQ_004818|label=1
SEQ_004819|label=0	SEQ_004819|label=0
SEQ_004820|label=0	SEQ_004820|label=0
SEQ_004821|label=0	SEQ_004821|label=0
SEQ_004822|label=0	SEQ_004822|label=0
SEQ_004823|label=0	SEQ_004823|label=0
SEQ_004824|label=0	SEQ_004824|label=0
SEQ_004825|label=0	SEQ_004825|label=0
SEQ_004826|label=0	SEQ_004826|label=0
SEQ_004827|label=1	SEQ_004827|label=1
SEQ_004828|label=0	SEQ_004828|label=0
SEQ_004829|label=0	SEQ_004829|label=0
SEQ_004830|label=1	SEQ_004830|label=1
SEQ_004831|label=1	SEQ_004831|label=1
SEQ_004832|label=0	SEQ_004832|label=0
SEQ_004833|label=1	SEQ_004833|label=1
SEQ_004834|label=0	SEQ_004834|label=0
SEQ_004835|label=1	SEQ_004835|label=1
SEQ_004836|label=1	SEQ_004836|label=1
SEQ_004837|label=1	SEQ_004837|label=1
SEQ_004838|label=0	SEQ_004838|label=0
SEQ_004839|label=1	SEQ_004839|label=1
SEQ_004840|label=0	SEQ_004840|label=0
SEQ_004841|label=0	SEQ_004841|label=0
SEQ_004842|label=1	SEQ_004842|label=1
SEQ_004843|label=1	SEQ_004843|label=1
SEQ_004844|label=0	SEQ_004844|label=0
SEQ_004845|label=1	SEQ_004845|label=1
SEQ_004846|label=0	SEQ_004846|label=0
SEQ_004847|label=1	SEQ_004847|label=1
SEQ_004848|label=1	SEQ_004848|label=1
SEQ_004849|label=0	SEQ_004849|label=0
SEQ_004850|label=1	SEQ_004850|label=1
SEQ_004851|label=1	SEQ_004851|label=1
SEQ_004852|label=0	SEQ_004852|label=0
SEQ_004853|label=1	SEQ_004853|label=1
SEQ_004854|label=0	SEQ_004854|label=0
SEQ_004855|label=1	SEQ_004855|label=1
SEQ_004856|label=1	SEQ_004856|label=1
SEQ_004857|label=0	SEQ_004857|label=0
SEQ_004858|label=1	SEQ_004858|label=1
SEQ_004859|label=1	SEQ_004859|label=1
SEQ_004860|label=0	SEQ_004860|label=0
SEQ_004861|label=0	SEQ_004861|label=0
SEQ_004862|label=1	SEQ_004862|label=1
SEQ_004863|label=1	SEQ_004863|label=1
SEQ_004864|label=1	SEQ_004864|label=1
SEQ_004865|label=0	SEQ_004865|label=0
SEQ_004866|label=1	SEQ_004866|label=1
SEQ_004867|label=0	SEQ_004867|label=0
SEQ_004868|label=1	SEQ_004868|label=1
SEQ_004869|label=0	SEQ_004869|label=0
SEQ_004870|label=1	SEQ_004870|label=1
SEQ_004871|label=1	SEQ_004871|label=1
SEQ_004872|label=1	SEQ_004872|label=1
SEQ_004873|label=0	SEQ_004873|label=0
SEQ_004874|label=0	SEQ_004874|label=0
SEQ_004875|label=0	SEQ_004875|label=0
SEQ_004876|label=1	SEQ_004876|label=1
SEQ_004877|label=0	SEQ_004877|label=0
SEQ_004878|label=0	SEQ_004878|label=0
SEQ_004879|label=0	SEQ_004879|label=0
SEQ_004880|label=0	SEQ_004880|label=0
SEQ_004881|label=0	SEQ_004881|label=0
SEQ_004882|label=0	SEQ_004882|label=0
SEQ_004883|label=0	SEQ_004883|label=0
SEQ_004884|label=1	SEQ_004884|label=1
SEQ_004885|label=1	SEQ_004885|label=1
SEQ_004886|label=0	SEQ_004886|label=0
SEQ_004887|label=0	SEQ_004887|label=0
SEQ_004888|label=1	SEQ_004888|label=1
SEQ_004889|label=1	SEQ_004889|label=1
SEQ_004890|label=0	SEQ_004890|label=0
SEQ_004891|label=0	SEQ_004891|label=0
SEQ_004892|label=0	SEQ_004892|label=0
SEQ_004893|label=0	SEQ_004893|label=0
SEQ_004894|label=0	SEQ_004894|label=0
SEQ_004895|label=1	SEQ_004895|label=1
SEQ_004896|label=1	SEQ_004896|label=1
SEQ_004897|label=1	SEQ_004897|label=1
SEQ_004898|label=1	SEQ_004898|label=1
SEQ_004899|label=0	SEQ_004899|label=0
SEQ_004900|label=0	SEQ_004900|label=0
SEQ_005501|label=1	SEQ_005501|label=1
SEQ_005502|label=0	SEQ_005502|label=0
SEQ_005503|label=1	SEQ_005503|label=1
SEQ_005504|label=1	SEQ_005504|label=1
SEQ_005505|label=1	SEQ_005505|label=1
SEQ_005506|label=1	SEQ_005506|label=1
SEQ_005507|label=1	SEQ_005507|label=1
SEQ_005508|label=0	SEQ_005508|label=0
SEQ_005509|label=1	SEQ_005509|label=1
SEQ_005510|label=1	SEQ_005510|label=1
SEQ_005511|label=1	SEQ_005511|label=1
SEQ_005512|label=0	SEQ_005512|label=0
SEQ_005513|label=1	SEQ_005513|label=1
SEQ_005514|label=0	SEQ_005514|label=0
SEQ_005515|label=0	SEQ_005515|label=0
SEQ_005516|label=0	SEQ_005516|label=0
SEQ_005517|label=1	SEQ_005517|label=1
SEQ_005518|label=0	SEQ_005518|label=0
SEQ_005519|label=1	SEQ_005519|label=1
SEQ_005520|label=0	SEQ_005520|label=0
SEQ_005521|label=0	SEQ_005521|label=0
SEQ_005522|label=0	SEQ_005522|label=0
SEQ_005523|label=0	SEQ_005523|label=0
SEQ_005524|label=0	SEQ_005524|label=0
SEQ_005525|label=1	SEQ_005525|label=1
SEQ_005526|label=1	SEQ_005526|label=1
SEQ_005527|label=1	SEQ_005527|label=1
SEQ_005528|label=0	SEQ_005528|label=0
SEQ_005529|label=0	SEQ_005529|label=0
SEQ_005530|label=0	SEQ_005530|label=0
SEQ_005531|label=1	SEQ_005531|label=1
SEQ_005532|label=0	SEQ_005532|label=0
SEQ_005533|label=1	SEQ_005533|label=1
SEQ_005534|label=0	SEQ_005534|label=0
SEQ_005535|label=1	SEQ_005535|label=1
SEQ_005536|label=1	SEQ_005536|label=1
SEQ_005537|label=1	SEQ_005537|label=1
SEQ_005538|label=0	SEQ_005538|label=0
SEQ_005539|label=1	SEQ_005539|label=1
SEQ_005540|label=0	SEQ_005540|label=0
SEQ_005541|label=1	SEQ_005541|label=1
SEQ_005542|label=0	SEQ_005542|label=0
SEQ_005543|label=1	SEQ_005543|label=1
SEQ_005544|label=0	SEQ_005544|label=0
SEQ_005545|label=1	SEQ_005545|label=1
SEQ_005546|label=1	SEQ_005546|label=1
SEQ_005547|label=0	SEQ_005547|label=0
SEQ_005548|label=1	SEQ_005548|label=1
SEQ_005549|label=1	SEQ_005549|label=1
SEQ_005550|label=1	SEQ_005550|label=1
SEQ_005551|label=1	SEQ_005551|label=1
SEQ_005552|label=1	SEQ_005552|label=1
SEQ_005553|label=1	SEQ_005553|label=1
SEQ_005554|label=0	SEQ_005554|label=0
SEQ_005555|label=0	SEQ_005555|label=0
SEQ_005556|label=1	SEQ_005556|label=1
SEQ_005557|label=0	SEQ_005557|label=0
SEQ_005558|label=0	SEQ_005558|label=0
SEQ_005559|label=0	SEQ_005559|label=0
SEQ_005560|label=0	SEQ_005560|label=0
SEQ_005561|label=1	SEQ_005561|label=1
SEQ_005562|label=0	SEQ_005562|label=0
SEQ_005563|label=0	SEQ_005563|label=0
SEQ_005564|label=0	SEQ_005564|label=0
SEQ_005565|label=1	SEQ_005565|label=1
SEQ_005566|label=1	SEQ_005566|label=1
SEQ_005567|label=1	SEQ_005567|label=1
SEQ_005568|label=1	SEQ_005568|label=1
SEQ_005569|label=0	SEQ_005569|label=0
SEQ_005570|label=1	SEQ_005570|label=1
SEQ_005571|label=1	SEQ_005571|label=1
SEQ_005572|label=1	SEQ_005572|label=1
SEQ_005573|label=1	SEQ_005573|label=1
SEQ_005574|label=1	SEQ_005574|label=1
SEQ_005575|label=0	SEQ_005575|label=0
SEQ_005576|label=0	SEQ_005576|label=0
SEQ_005577|label=0	SEQ_005577|label=0
SEQ_005578|label=0	SEQ_005578|label=0
SEQ_005579|label=0	SEQ_005579|label=0
SEQ_005580|label=1	SEQ_005580|label=1
SEQ_005581|label=0	SEQ_005581|label=0
SEQ_005582|label=0	SEQ_005582|label=0
SEQ_005583|label=1	SEQ_005583|label=1
SEQ_005584|label=1	SEQ_005584|label=1
SEQ_005585|label=1	SEQ_005585|label=1
SEQ_005586|label=1	SEQ_005586|label=1
SEQ_005587|label=0	SEQ_005587|label=0
SEQ_005588|label=1	SEQ_005588|label=1
SEQ_005589|label=0	SEQ_005589|label=0
SEQ_005590|label=0	SEQ_005590|label=0
SEQ_005591|label=0	SEQ_005591|label=0
SEQ_005592|label=1	SEQ_005592|label=1
SEQ_005593|label=0	SEQ_005593|label=0
SEQ_005594|label=1	SEQ_005594|label=1
SEQ_005595|label=1	SEQ_005595|label=1
SEQ_005596|label=1	SEQ_005596|label=1
SEQ_005597|label=0	SEQ_005597|label=0
SEQ_005598|label=0	SEQ_005598|label=0
SEQ_005599|label=0	SEQ_005599|label=0
SEQ_005600|label=0	SEQ_005600|label=0
SEQ_006301|label=1	SEQ_006301|label=1
SEQ_006302|label=1	SEQ_006302|label=1
SEQ_006303|label=0	SEQ_006303|label=0
SEQ_006304|label=0	SEQ_006304|label=0
SEQ_006305|label=0	SEQ_006305|label=0
SEQ_006306|label=0	SEQ_006306|label=0
SEQ_006307|label=1	SEQ_006307|label=1
SEQ_006308|label=0	SEQ_006308|label=0
SEQ_006309|label=0	SEQ_006309|label=0
SEQ_006310|label=0	SEQ_006310|label=0
SEQ_006311|label=0	SEQ_006311|label=0
SEQ_006312|label=0	SEQ_006312|label=0
SEQ_006313|label=0	SEQ_006313|label=0
SEQ_006314|label=0	SEQ_006314|label=0
SEQ_006315|label=1	SEQ_006315|label=1
SEQ_006316|label=1	SEQ_006316|label=1
SEQ_006317|label=1	SEQ_006317|label=1
SEQ_006318|label=0	SEQ_006318|label=0
SEQ_006319|label=0	SEQ_006319|label=0
SEQ_006320|label=1	SEQ_006320|label=1
SEQ_006321|label=1	SEQ_006321|label=1
SEQ_006322|label=1	SEQ_006322|label=1
SEQ_006323|label=0	SEQ_006323|label=0
SEQ_006324|label=1	SEQ_006324|label=1
SEQ_006325|label=1	SEQ_006325|label=1
SEQ_006326|label=0	SEQ_006326|label=0
SEQ_006327|label=1	SEQ_006327|label=1
SEQ_006328|label=0	SEQ_006328|label=0
SEQ_006329|label=1	SEQ_006329|label=1
SEQ_006330|label=1	SEQ_006330|label=1
SEQ_006331|label=0	SEQ_006331|label=0
SEQ_006332|label=0	SEQ_006332|label=0
SEQ_006333|label=1	SEQ_006333|label=1
SEQ_006334|label=1	SEQ_006334|label=1
SEQ_006335|label=1	SEQ_006335|label=1
SEQ_006336|label=0	SEQ_006336|label=0
SEQ_006337|label=1	SEQ_006337|label=1
SEQ_006338|label=0	SEQ_006338|label=0
SEQ_006339|label=0	SEQ_006339|label=0
SEQ_006340|label=1	SEQ_006340|label=1
SEQ_006341|label=1	SEQ_006341|label=1
SEQ_006342|label=1	SEQ_006342|label=1
SEQ_006343|label=1	SEQ_006343|label=1
SEQ_006344|label=1	SEQ_006344|label=1
SEQ_006345|label=0	SEQ_006345|label=0
SEQ_006346|label=0	SEQ_006346|label=0
SEQ_006347|label=0	SEQ_006347|label=0
SEQ_006348|label=1	SEQ_006348|label=1
SEQ_006349|label=1	SEQ_006349|label=1
SEQ_006350|label=1	SEQ_006350|label=1
SEQ_006351|label=0	SEQ_006351|label=0
SEQ_006352|label=0	SEQ_006352|label=0
SEQ_006353|label=0	SEQ_006353|label=0
SEQ_006354|label=1	SEQ_006354|label=1
SEQ_006355|label=1	SEQ_006355|label=1
SEQ_006356|label=0	SEQ_006356|label=0
SEQ_006357|label=0	SEQ_006357|label=0
SEQ_006358|label=0	SEQ_006358|label=0
SEQ_006359|label=0	SEQ_006359|label=0
SEQ_006360|label=1	SEQ_006360|label=1
SEQ_006361|label=0	SEQ_006361|label=0
SEQ_006362|label=1	SEQ_006362|label=1
SEQ_006363|label=0	SEQ_006363|label=0
SEQ_006364|label=1	SEQ_006364|label=1
SEQ_006365|label=0	SEQ_006365|label=0
SEQ_006366|label=1	SEQ_006366|label=1
SEQ_006367|label=1	SEQ_006367|label=1
SEQ_006368|label=0	SEQ_006368|label=0
SEQ_006369|label=0	SEQ_006369|label=0
SEQ_006370|label=1	SEQ_006370|label=1
SEQ_006371|label=1	SEQ_006371|label=1
SEQ_006372|label=0	SEQ_006372|label=0
SEQ_006373|label=1	SEQ_006373|label=1
SEQ_006374|label=1	SEQ_006374|label=1
SEQ_006375|label=0	SEQ_006375|label=0
SEQ_006376|label=1	SEQ_006376|label=1
SEQ_006377|label=0	SEQ_006377|label=0
SEQ_006378|label=1	SEQ_006378|label=1
SEQ_006379|label=0	SEQ_006379|label=0
SEQ_006380|label=1	SEQ_006380|label=1
SEQ_006381|label=1	SEQ_006381|label=1
SEQ_006382|label=0	SEQ_006382|label=0
SEQ_006383|label=1	SEQ_006383|label=1
SEQ_006384|label=1	SEQ_006384|label=1
SEQ_006385|label=1	SEQ_006385|label=1
SEQ_006386|label=1	SEQ_006386|label=1
SEQ_006387|label=1	SEQ_006387|label=1
SEQ_006388|label=0	SEQ_006388|label=0
SEQ_006389|label=1	SEQ_006389|label=1
SEQ_006390|label=0	SEQ_006390|label=0
SEQ_006391|label=1	SEQ_006391|label=1
SEQ_006392|label=0	SEQ_006392|label=0
SEQ_006393|label=0	SEQ_006393|label=0
SEQ_006394|label=1	SEQ_006394|label=1
SEQ_006395|label=0	SEQ_006395|label=0
SEQ_006396|label=0	SEQ_006396|label=0
SEQ_006397|label=1	SEQ_006397|label=1
SEQ_006398|label=0	SEQ_006398|label=0
SEQ_006399|label=1	SEQ_006399|label=1
SEQ_006400|label=0	SEQ_006400|label=0
SEQ_007201|label=1	SEQ_007201|label=1
SEQ_007202|label=0	SEQ_007202|label=0
SEQ_007203|label=0	SEQ_007203|label=0
SEQ_007204|label=0	SEQ_007204|label=0
SEQ_007205|label=0	SEQ_007205|label=0
SEQ_007206|label=0	SEQ_007206|label=0
SEQ_007207|label=0	SEQ_007207|label=0
SEQ_007208|label=1	SEQ_007208|label=1
SEQ_007209|label=1	SEQ_007209|label=1
SEQ_007210|label=0	SEQ_007210|label=0
SEQ_007211|label=1	SEQ_007211|label=1
SEQ_007212|label=1	SEQ_007212|label=1
SEQ_007213|label=0	SEQ_007213|label=0
SEQ_007214|label=1	SEQ_007214|label=1
SEQ_007215|label=1	SEQ_007215|label=1
SEQ_007216|label=0	SEQ_007216|label=0
SEQ_007217|label=0	SEQ_007217|label=0
SEQ_007218|label=0	SEQ_007218|label=0
SEQ_007219|label=1	SEQ_007219|label=1
SEQ_007220|label=0	SEQ_007220|label=0
SEQ_007221|label=1	SEQ_007221|label=1
SEQ_007222|label=0	SEQ_007222|label=0
SEQ_007223|label=0	SEQ_007223|label=0
SEQ_007224|label=0	SEQ_007224|label=0
SEQ_007225|label=1	SEQ_007225|label=1
SEQ_007226|label=1	SEQ_007226|label=1
SEQ_007227|label=1	SEQ_007227|label=1
SEQ_007228|label=1	SEQ_007228|label=1
SEQ_007229|label=0	SEQ_007229|label=0
SEQ_007230|label=1	SEQ_007230|label=1
SEQ_007231|label=0	SEQ_007231|label=0
SEQ_007232|label=0	SEQ_007232|label=0
SEQ_007233|label=1	SEQ_007233|label=1
SEQ_007234|label=1	SEQ_007234|label=1
SEQ_007235|label=1	SEQ_007235|label=1
SEQ_007236|label=1	SEQ_007236|label=1
SEQ_007237|label=1	SEQ_007237|label=1
SEQ_007238|label=0	SEQ_007238|label=0
SEQ_007239|label=1	SEQ_007239|label=1
SEQ_007240|label=0	SEQ_007240|label=0
SEQ_007241|label=0	SEQ_007241|label=0
SEQ_007242|label=0	SEQ_007242|label=0
SEQ_007243|label=1	SEQ_007243|label=1
SEQ_007244|label=0	SEQ_007244|label=0
SEQ_007245|label=1	SEQ_007245|label=1
SEQ_007246|label=1	SEQ_007246|label=1
SEQ_007247|label=1	SEQ_007247|label=1
SEQ_007248|label=0	SEQ_007248|label=0
SEQ_007249|label=1	SEQ_007249|label=1
SEQ_007250|label=1	SEQ_007250|label=1
SEQ_007251|label=0	SEQ_007251|label=0
SEQ_007252|label=1	SEQ_007252|label=1
SEQ_007253|label=1	SEQ_007253|label=1
SEQ_007254|label=1	SEQ_007254|label=1
SEQ_007255|label=1	SEQ_007255|label=1
SEQ_007256|label=1	SEQ_007256|label=1
SEQ_007257|label=1	SEQ_007257|label=1
SEQ_007258|label=0	SEQ_007258|label=0
SEQ_007259|label=1	SEQ_007259|label=1
SEQ_007260|label=0	SEQ_007260|label=0
SEQ_007261|label=0	SEQ_007261|label=0
SEQ_007262|label=0	SEQ_007262|label=0
SEQ_007263|label=0	SEQ_007263|label=0
SEQ_007264|label=1	SEQ_007264|label=1
SEQ_007265|label=0	SEQ_007265|label=0
SEQ_007266|label=1	SEQ_007266|label=1
SEQ_007267|label=1	SEQ_007267|label=1
SEQ_007268|label=0	SEQ_007268|label=0
SEQ_007269|label=0	SEQ_007269|label=0
SEQ_007270|label=1	SEQ_007270|label=1
SEQ_007271|label=1	SEQ_007271|label=1
SEQ_007272|label=0	SEQ_007272|label=0
SEQ_007273|label=0	SEQ_007273|label=0
SEQ_007274|label=1	SEQ_007274|label=1
SEQ_007275|label=0	SEQ_007275|label=0
SEQ_007276|label=0	SEQ_007276|label=0
SEQ_007277|label=1	SEQ_007277|label=1
SEQ_007278|label=1	SEQ_007278|label=1
SEQ_007279|label=1	SEQ_007279|label=1
SEQ_007280|label=1	SEQ_007280|label=1
SEQ_007281|label=1	SEQ_007281|label=1
SEQ_007282|label=0	SEQ_007282|label=0
SEQ_007283|label=1	SEQ_007283|label=1
SEQ_007284|label=1	SEQ_007284|label=1
SEQ_007285|label=1	SEQ_007285|label=1
SEQ_007286|label=1	SEQ_007286|label=1
SEQ_007287|label=0	SEQ_007287|label=0
SEQ_007288|label=0	SEQ_007288|label=0
SEQ_007289|label=1	SEQ_007289|label=1
SEQ_007290|label=0	SEQ_007290|label=0
SEQ_007291|label=1	SEQ_007291|label=1
SEQ_007292|label=0	SEQ_007292|label=0
SEQ_007293|label=0	SEQ_007293|label=0
SEQ_007294|label=0	SEQ_007294|label=0
SEQ_007295|label=1	SEQ_007295|label=1
SEQ_007296|label=0	SEQ_007296|label=0
SEQ_007297|label=0	SEQ_007297|label=0
SEQ_007298|label=1	SEQ_007298|label=1
SEQ_007299|label=1	SEQ_007299|label=1
SEQ_007300|label=1	SEQ_007300|label=1
SEQ_007901|label=1	SEQ_007901|label=1
SEQ_007902|label=1	SEQ_007902|label=1
SEQ_007903|label=1	SEQ_007903|label=1
SEQ_007904|label=1	SEQ_007904|label=1
SEQ_007905|label=0	SEQ_007905|label=0
SEQ_007906|label=0	SEQ_007906|label=0
SEQ_007907|label=0	SEQ_007907|label=0
SEQ_007908|label=1	SEQ_007908|label=1
SEQ_007909|label=0	SEQ_007909|label=0
SEQ_007910|label=0	SEQ_007910|label=0
SEQ_007911|label=0	SEQ_007911|label=0
SEQ_007912|label=1	SEQ_007912|label=1
SEQ_007913|label=1	SEQ_007913|label=1
SEQ_007914|label=1	SEQ_007914|label=1
SEQ_007915|label=0	SEQ_007915|label=0
SEQ_007916|label=0	SEQ_007916|label=0
SEQ_007917|label=1	SEQ_007917|label=1
SEQ_007918|label=1	SEQ_007918|label=1
SEQ_007919|label=0	SEQ_007919|label=0
SEQ_007920|label=0	SEQ_007920|label=0
SEQ_007921|label=1	SEQ_007921|label=1
SEQ_007922|label=0	SEQ_007922|label=0
SEQ_007923|label=1	SEQ_007923|label=1
SEQ_007924|label=1	SEQ_007924|label=1
SEQ_007925|label=1	SEQ_007925|label=1
SEQ_007926|label=0	SEQ_007926|label=0
SEQ_007927|label=1	SEQ_007927|label=1
SEQ_007928|label=0	SEQ_007928|label=0
SEQ_007929|label=0	SEQ_007929|label=0
SEQ_007930|label=1	SEQ_007930|label=1
SEQ_007931|label=1	SEQ_007931|label=1
SEQ_007932|label=0	SEQ_007932|label=0
SEQ_007933|label=1	SEQ_007933|label=1
SEQ_007934|label=1	SEQ_007934|label=1
SEQ_007935|label=0	SEQ_007935|label=0
SEQ_007936|label=0	SEQ_007936|label=0
SEQ_007937|label=1	SEQ_007937|label=1
SEQ_007938|label=0	SEQ_007938|label=0
SEQ_007939|label=0	SEQ_007939|label=0
SEQ_007940|label=1	SEQ_007940|label=1
SEQ_007941|label=1	SEQ_007941|label=1
SEQ_007942|label=1	SEQ_007942|label=1
SEQ_007943|label=0	SEQ_007943|label=0
SEQ_007944|label=0	SEQ_007944|label=0
SEQ_007945|label=1	SEQ_007945|label=1
SEQ_007946|label=1	SEQ_007946|label=1
SEQ_007947|label=1	SEQ_007947|label=1
SEQ_007948|label=0	SEQ_007948|label=0
SEQ_007949|label=0	SEQ_007949|label=0
SEQ_007950|label=1	SEQ_007950|label=1
SEQ_007951|label=0	SEQ_007951|label=0
SEQ_007952|label=1	SEQ_007952|label=1
SEQ_007953|label=1	SEQ_007953|label=1
SEQ_007954|label=1	SEQ_007954|label=1
SEQ_007955|label=1	SEQ_007955|label=1
SEQ_007956|label=1	SEQ_007956|label=1
SEQ_007957|label=0	SEQ_007957|label=0
SEQ_007958|label=0	SEQ_007958|label=0
SEQ_007959|label=1	SEQ_007959|label=1
SEQ_007960|label=0	SEQ_007960|label=0
SEQ_007961|label=0	SEQ_007961|label=0
SEQ_007962|label=0	SEQ_007962|label=0
SEQ_007963|label=1	SEQ_007963|label=1
SEQ_007964|label=1	SEQ_007964|label=1
SEQ_007965|label=0	SEQ_007965|label=0
SEQ_007966|label=0	SEQ_007966|label=0
SEQ_007967|label=1	SEQ_007967|label=1
SEQ_007968|label=1	SEQ_007968|label=1
SEQ_007969|label=0	SEQ_007969|label=0
SEQ_007970|label=0	SEQ_007970|label=0
SEQ_007971|label=0	SEQ_007971|label=0
SEQ_007972|label=1	SEQ_007972|label=1
SEQ_007973|label=0	SEQ_007973|label=0
SEQ_007974|label=0	SEQ_007974|label=0
SEQ_007975|label=0	SEQ_007975|label=0
SEQ_007976|label=0	SEQ_007976|label=0
SEQ_007977|label=0	SEQ_007977|label=0
SEQ_007978|label=1	SEQ_007978|label=1
SEQ_007979|label=0	SEQ_007979|label=0
SEQ_007980|label=1	SEQ_007980|label=1
SEQ_007981|label=1	SEQ_007981|label=1
SEQ_007982|label=1	SEQ_007982|label=1
SEQ_007983|label=1	SEQ_007983|label=1
SEQ_007984|label=1	SEQ_007984|label=1
SEQ_007985|label=0	SEQ_007985|label=0
SEQ_007986|label=0	SEQ_007986|label=0
SEQ_007987|label=0	SEQ_007987|label=0
SEQ_007988|label=1	SEQ_007988|label=1
SEQ_007989|label=1	SEQ_007989|label=1
SEQ_007990|label=1	SEQ_007990|label=1
SEQ_007991|label=0	SEQ_007991|label=0
SEQ_007992|label=1	SEQ_007992|label=1
SEQ_007993|label=1	SEQ_007993|label=1
SEQ_007994|label=0	SEQ_007994|label=0
SEQ_007995|label=0	SEQ_007995|label=0
SEQ_007996|label=0	SEQ_007996|label=0
SEQ_007997|label=1	SEQ_007997|label=1
SEQ_007998|label=0	SEQ_007998|label=0
SEQ_007999|label=1	SEQ_007999|label=1
SEQ_008000|label=0	SEQ_008000|label=0
SEQ_008801|label=0	SEQ_008801|label=0
SEQ_008802|label=1	SEQ_008802|label=1
SEQ_008803|label=0	SEQ_008803|label=0
SEQ_008804|label=1	SEQ_008804|label=1
SEQ_008805|label=1	SEQ_008805|label=1
SEQ_008806|label=1	SEQ_008806|label=1
SEQ_008807|label=1	SEQ_008807|label=1
SEQ_008808|label=0	SEQ_008808|label=0
SEQ_008809|label=0	SEQ_008809|label=0
SEQ_008810|label=1	SEQ_008810|label=1
SEQ_008811|label=0	SEQ_008811|label=0
SEQ_008812|label=0	SEQ_008812|label=0
SEQ_008813|label=1	SEQ_008813|label=1
SEQ_008814|label=0	SEQ_008814|label=0
SEQ_008815|label=1	SEQ_008815|label=1
SEQ_008816|label=1	SEQ_008816|label=1
SEQ_008817|label=1	SEQ_008817|label=1
SEQ_008818|label=1	SEQ_008818|label=1
SEQ_008819|label=0	SEQ_008819|label=0
SEQ_008820|label=1	SEQ_008820|label=1
SEQ_008821|label=1	SEQ_008821|label=1
SEQ_008822|label=0	SEQ_008822|label=0
SEQ_008823|label=1	SEQ_008823|label=1
SEQ_008824|label=0	SEQ_008824|label=0
SEQ_008825|label=1	SEQ_008825|label=1
SEQ_008826|label=1	SEQ_008826|label=1
SEQ_008827|label=1	SEQ_008827|label=1
SEQ_008828|label=1	SEQ_008828|label=1
SEQ_008829|label=0	SEQ_008829|label=0
SEQ_008830|label=1	SEQ_008830|label=1
SEQ_008831|label=0	SEQ_008831|label=0
SEQ_008832|label=1	SEQ_008832|label=1
SEQ_008833|label=1	SEQ_008833|label=1
SEQ_008834|label=0	SEQ_008834|label=0
SEQ_008835|label=0	SEQ_008835|label=0
SEQ_008836|label=1	SEQ_008836|label=1
SEQ_008837|label=1	SEQ_008837|label=1
SEQ_008838|label=1	SEQ_008838|label=1
SEQ_008839|label=0	SEQ_008839|label=0
SEQ_008840|label=1	SEQ_008840|label=1
SEQ_008841|label=0	SEQ_008841|label=0
SEQ_008842|label=1	SEQ_008842|label=1
SEQ_008843|label=0	SEQ_008843|label=0
SEQ_008844|label=1	SEQ_008844|label=1
SEQ_008845|label=1	SEQ_008845|label=1
SEQ_008846|label=0	SEQ_008846|label=0
SEQ_008847|label=1	SEQ_008847|label=1
SEQ_008848|label=1	SEQ_008848|label=1
SEQ_008849|label=0	SEQ_008849|label=0
SEQ_008850|label=1	SEQ_008850|label=1
SEQ_008851|label=0	SEQ_008851|label=0
SEQ_008852|label=0	SEQ_008852|label=0
SEQ_008853|label=1	SEQ_008853|label=1
SEQ_008854|label=0	SEQ_008854|label=0
SEQ_008855|label=1	SEQ_008855|label=1
SEQ_008856|label=0	SEQ_008856|label=0
SEQ_008857|label=0	SEQ_008857|label=0
SEQ_008858|label=1	SEQ_008858|label=1
SEQ_008859|label=0	SEQ_008859|label=0
SEQ_008860|label=1	SEQ_008860|label=1
SEQ_008861|label=1	SEQ_008861|label=1
SEQ_008862|label=0	SEQ_008862|label=0
SEQ_008863|label=1	SEQ_008863|label=1
SEQ_008864|label=1	SEQ_008864|label=1
SEQ_008865|label=0	SEQ_008865|label=0
SEQ_008866|label=0	SEQ_008866|label=0
SEQ_008867|label=1	SEQ_008867|label=1
SEQ_008868|label=1	SEQ_008868|label=1
SEQ_008869|label=1	SEQ_008869|label=1
SEQ_008870|label=0	SEQ_008870|label=0
SEQ_008871|label=1	SEQ_008871|label=1
SEQ_008872|label=0	SEQ_008872|label=0
SEQ_008873|label=1	SEQ_008873|label=1
SEQ_008874|label=1	SEQ_008874|label=1
SEQ_008875|label=1	SEQ_008875|label=1
SEQ_008876|label=0	SEQ_008876|label=0
SEQ_008877|label=0	SEQ_008877|label=0
SEQ_008878|label=1	SEQ_008878|label=1
SEQ_008879|label=0	SEQ_008879|label=0
SEQ_008880|label=1	SEQ_008880|label=1
SEQ_008881|label=0	SEQ_008881|label=0
SEQ_008882|label=0	SEQ_008882|label=0
SEQ_008883|label=1	SEQ_008883|label=1
SEQ_008884|label=0	SEQ_008884|label=0
SEQ_008885|label=0	SEQ_008885|label=0
SEQ_008886|label=1	SEQ_008886|label=1
SEQ_008887|label=1	SEQ_008887|label=1
SEQ_008888|label=1	SEQ_008888|label=1
SEQ_008889|label=0	SEQ_008889|label=0
SEQ_008890|label=0	SEQ_008890|label=0
SEQ_008891|label=0	SEQ_008891|label=0
SEQ_008892|label=1	SEQ_008892|label=1
SEQ_008893|label=0	SEQ_008893|label=0
SEQ_008894|label=0	SEQ_008894|label=0
SEQ_008895|label=0	SEQ_008895|label=0
SEQ_008896|label=0	SEQ_008896|label=0
SEQ_008897|label=0	SEQ_008897|label=0
SEQ_008898|label=1	SEQ_008898|label=1
SEQ_008899|label=1	SEQ_008899|label=1
SEQ_008900|label=0	SEQ_008900|label=0
SEQ_009601|label=1	SEQ_009601|label=1
SEQ_009602|label=0	SEQ_009602|label=0
SEQ_009603|label=0	SEQ_009603|label=0
SEQ_009604|label=0	SEQ_009604|label=0
SEQ_009605|label=0	SEQ_009605|label=0
SEQ_009606|label=1	SEQ_009606|label=1
SEQ_009607|label=0	SEQ_009607|label=0
SEQ_009608|label=1	SEQ_009608|label=1
SEQ_009609|label=0	SEQ_009609|label=0
SEQ_009610|label=0	SEQ_009610|label=0
SEQ_009611|label=0	SEQ_009611|label=0
SEQ_009612|label=1	SEQ_009612|label=1
SEQ_009613|label=0	SEQ_009613|label=0
SEQ_009614|label=1	SEQ_009614|label=1
SEQ_009615|label=0	SEQ_009615|label=0
SEQ_009616|label=1	SEQ_009616|label=1
SEQ_009617|label=1	SEQ_009617|label=1
SEQ_009618|label=1	SEQ_009618|label=1
SEQ_009619|label=1	SEQ_009619|label=1
SEQ_009620|label=0	SEQ_009620|label=0
SEQ_009621|label=1	SEQ_009621|label=1
SEQ_009622|label=0	SEQ_009622|label=0
SEQ_009623|label=1	SEQ_009623|label=1
SEQ_009624|label=0	SEQ_009624|label=0
SEQ_009625|label=1	SEQ_009625|label=1
SEQ_009626|label=1	SEQ_009626|label=1
SEQ_009627|label=1	SEQ_009627|label=1
SEQ_009628|label=1	SEQ_009628|label=1
SEQ_009629|label=0	SEQ_009629|label=0
SEQ_009630|label=0	SEQ_009630|label=0
SEQ_009631|label=0	SEQ_009631|label=0
SEQ_009632|label=0	SEQ_009632|label=0
SEQ_009633|label=1	SEQ_009633|label=1
SEQ_009634|label=0	SEQ_009634|label=0
SEQ_009635|label=1	SEQ_009635|label=1
SEQ_009636|label=0	SEQ_009636|label=0
SEQ_009637|label=0	SEQ_009637|label=0
SEQ_009638|label=1	SEQ_009638|label=1
SEQ_009639|label=0	SEQ_009639|label=0
SEQ_009640|label=1	SEQ_009640|label=1
SEQ_009641|label=0	SEQ_009641|label=0
SEQ_009642|label=1	SEQ_009642|label=1
SEQ_009643|label=1	SEQ_009643|label=1
SEQ_009644|label=0	SEQ_009644|label=0
SEQ_009645|label=0	SEQ_009645|label=0
SEQ_009646|label=0	SEQ_009646|label=0
SEQ_009647|label=0	SEQ_009647|label=0
SEQ_009648|label=1	SEQ_009648|label=1
SEQ_009649|label=1	SEQ_009649|label=1
SEQ_009650|label=0	SEQ_009650|label=0
SEQ_009651|label=0	SEQ_009651|label=0
SEQ_009652|label=0	SEQ_009652|label=0
SEQ_009653|label=0	SEQ_009653|label=0
SEQ_009654|label=0	SEQ_009654|label=0
SEQ_009655|label=0	SEQ_009655|label=0
SEQ_009656|label=1	SEQ_009656|label=1
SEQ_009657|label=1	SEQ_009657|label=1
SEQ_009658|label=0	SEQ_009658|label=0
SEQ_009659|label=1	SEQ_009659|label=1
SEQ_009660|label=1	SEQ_009660|label=1
SEQ_009661|label=1	SEQ_009661|label=1
SEQ_009662|label=1	SEQ_009662|label=1
SEQ_009663|label=0	SEQ_009663|label=0
SEQ_009664|label=0	SEQ_009664|label=0
SEQ_009665|label=0	SEQ_009665|label=0
SEQ_009666|label=1	SEQ_009666|label=1
SEQ_009667|label=1	SEQ_009667|label=1
SEQ_009668|label=1	SEQ_009668|label=1
SEQ_009669|label=0	SEQ_009669|label=0
SEQ_009670|label=1	SEQ_009670|label=1
SEQ_009671|label=1	SEQ_009671|label=1
SEQ_009672|label=1	SEQ_009672|label=1
SEQ_009673|label=1	SEQ_009673|label=1
SEQ_009674|label=0	SEQ_009674|label=0
SEQ_009675|label=0	SEQ_009675|label=0
SEQ_009676|label=0	SEQ_009676|label=0
SEQ_009677|label=0	SEQ_009677|label=0
SEQ_009678|label=1	SEQ_009678|label=1
SEQ_009679|label=0	SEQ_009679|label=0
SEQ_009680|label=1	SEQ_009680|label=1
SEQ_009681|label=1	SEQ_009681|label=1
SEQ_009682|label=1	SEQ_009682|label=1
SEQ_009683|label=1	SEQ_009683|label=1
SEQ_009684|label=1	SEQ_009684|label=1
SEQ_009685|label=1	SEQ_009685|label=1
SEQ_009686|label=0	SEQ_009686|label=0
SEQ_009687|label=0	SEQ_009687|label=0
SEQ_009688|label=0	SEQ_009688|label=0
SEQ_009689|label=0	SEQ_009689|label=0
SEQ_009690|label=1	SEQ_009690|label=1
SEQ_009691|label=0	SEQ_009691|label=0
SEQ_009692|label=0	SEQ_009692|label=0
SEQ_009693|label=1	SEQ_009693|label=1
SEQ_009694|label=0	SEQ_009694|label=0
SEQ_009695|label=0	SEQ_009695|label=0
SEQ_009696|label=0	SEQ_009696|label=0
SEQ_009697|label=0	SEQ_009697|label=0
SEQ_009698|label=0	SEQ_009698|label=0
SEQ_009699|label=0	SEQ_009699|label=0
SEQ_009700|label=1	SEQ_009700|label=1
SEQ_010401|label=1	SEQ_010401|label=1
SEQ_010402|label=0	SEQ_010402|label=0
SEQ_010403|label=0	SEQ_010403|label=0
SEQ_010404|label=0	SEQ_010404|label=0
SEQ_010405|label=1	SEQ_010405|label=1
SEQ_010406|label=0	SEQ_010406|label=0
SEQ_010407|label=0	SEQ_010407|label=0
SEQ_010408|label=0	SEQ_010408|label=0
SEQ_010409|label=0	SEQ_010409|label=0
SEQ_010410|label=0	SEQ_010410|label=0
SEQ_010411|label=0	SEQ_010411|label=0
SEQ_010412|label=0	SEQ_010412|label=0
SEQ_010413|label=0	SEQ_010413|label=0
SEQ_010414|label=1	SEQ_010414|label=1
SEQ_010415|label=1	SEQ_010415|label=1
SEQ_010416|label=1	SEQ_010416|label=1
SEQ_010417|label=1	SEQ_010417|label=1
SEQ_010418|label=0	SEQ_010418|label=0
SEQ_010419|label=1	SEQ_010419|label=1
SEQ_010420|label=0	SEQ_010420|label=0
SEQ_010421|label=0	SEQ_010421|label=0
SEQ_010422|label=1	SEQ_010422|label=1
SEQ_010423|label=1	SEQ_010423|label=1
SEQ_010424|label=1	SEQ_010424|label=1
SEQ_010425|label=1	SEQ_010425|label=1
SEQ_010426|label=0	SEQ_010426|label=0
SEQ_010427|label=1	SEQ_010427|label=1
SEQ_010428|label=1	SEQ_010428|label=1
SEQ_010429|label=1	SEQ_010429|label=1
SEQ_010430|label=0	SEQ_010430|label=0
SEQ_010431|label=1	SEQ_010431|label=1
SEQ_010432|label=1	SEQ_010432|label=1
SEQ_010433|label=1	SEQ_010433|label=1
SEQ_010434|label=0	SEQ_010434|label=0
SEQ_010435|label=0	SEQ_010435|label=0
SEQ_010436|label=1	SEQ_010436|label=1
SEQ_010437|label=1	SEQ_010437|label=1
SEQ_010438|label=0	SEQ_010438|label=0
SEQ_010439|label=1	SEQ_010439|label=1
SEQ_010440|label=1	SEQ_010440|label=1
SEQ_010441|label=1	SEQ_010441|label=1
SEQ_010442|label=1	SEQ_010442|label=1
SEQ_010443|label=0	SEQ_010443|label=0
SEQ_010444|label=1	SEQ_010444|label=1
SEQ_010445|label=1	SEQ_010445|label=1
SEQ_010446|label=1	SEQ_010446|label=1
SEQ_010447|label=0	SEQ_010447|label=0
SEQ_010448|label=0	SEQ_010448|label=0
SEQ_010449|label=1	SEQ_010449|label=1
SEQ_010450|label=0	SEQ_010450|label=0
SEQ_010451|label=1	SEQ_010451|label=1
SEQ_010452|label=0	SEQ_010452|label=0
SEQ_010453|label=1	SEQ_010453|label=1
SEQ_010454|label=0	SEQ_010454|label=0
SEQ_010455|label=1	SEQ_010455|label=1
SEQ_010456|label=0	SEQ_010456|label=0
SEQ_010457|label=0	SEQ_010457|label=0
SEQ_010458|label=0	SEQ_010458|label=0
SEQ_010459|label=1	SEQ_010459|label=1
SEQ_010460|label=0	SEQ_010460|label=0
SEQ_010461|label=1	SEQ_010461|label=1
SEQ_010462|label=1	SEQ_010462|label=1
SEQ_010463|label=1	SEQ_010463|label=1
SEQ_010464|label=1	SEQ_010464|label=1
SEQ_010465|label=0	SEQ_010465|label=0
SEQ_010466|label=0	SEQ_010466|label=0
SEQ_010467|label=1	SEQ_010467|label=1
SEQ_010468|label=1	SEQ_010468|label=1
SEQ_010469|label=0	SEQ_010469|label=0
SEQ_010470|label=0	SEQ_010470|label=0
SEQ_010471|label=1	SEQ_010471|label=1
SEQ_010472|label=0	SEQ_010472|label=0
SEQ_010473|label=0	SEQ_010473|label=0
SEQ_010474|label=1	SEQ_010474|label=1
SEQ_010475|label=1	SEQ_010475|label=1
SEQ_010476|label=0	SEQ_010476|label=0
SEQ_010477|label=1	SEQ_010477|label=1
SEQ_010478|label=1	SEQ_010478|label=1
SEQ_010479|label=1	SEQ_010479|label=1
SEQ_010480|label=1	SEQ_010480|label=1
SEQ_010481|label=0	SEQ_010481|label=0
SEQ_010482|label=1	SEQ_010482|label=1
SEQ_010483|label=1	SEQ_010483|label=1
SEQ_010484|label=0	SEQ_010484|label=0
SEQ_010485|label=0	SEQ_010485|label=0
SEQ_010486|label=0	SEQ_010486|label=0
SEQ_010487|label=1	SEQ_010487|label=1
SEQ_010488|label=0	SEQ_010488|label=0
SEQ_010489|label=0	SEQ_010489|label=0
SEQ_010490|label=1	SEQ_010490|label=1
SEQ_010491|label=0	SEQ_010491|label=0
SEQ_010492|label=0	SEQ_010492|label=0
SEQ_010493|label=0	SEQ_010493|label=0
SEQ_010494|label=0	SEQ_010494|label=0
SEQ_010495|label=1	SEQ_010495|label=1
SEQ_010496|label=0	SEQ_010496|label=0
SEQ_010497|label=1	SEQ_010497|label=1
SEQ_010498|label=1	SEQ_010498|label=1
SEQ_010499|label=0	SEQ_010499|label=0
SEQ_010500|label=0	SEQ_010500|label=0
SEQ_011201|label=0	SEQ_011201|label=0
SEQ_011202|label=1	SEQ_011202|label=1
SEQ_011203|label=1	SEQ_011203|label=1
SEQ_011204|label=1	SEQ_011204|label=1
SEQ_011205|label=0	SEQ_011205|label=0
SEQ_011206|label=0	SEQ_011206|label=0
SEQ_011207|label=1	SEQ_011207|label=1
SEQ_011208|label=1	SEQ_011208|label=1
SEQ_011209|label=1	SEQ_011209|label=1
SEQ_011210|label=1	SEQ_011210|label=1
SEQ_011211|label=0	SEQ_011211|label=0
SEQ_011212|label=0	SEQ_011212|label=0
SEQ_011213|label=1	SEQ_011213|label=1
SEQ_011214|label=0	SEQ_011214|label=0
SEQ_011215|label=1	SEQ_011215|label=1
SEQ_011216|label=0	SEQ_011216|label=0
SEQ_011217|label=0	SEQ_011217|label=0
SEQ_011218|label=1	SEQ_011218|label=1
SEQ_011219|label=1	SEQ_011219|label=1
SEQ_011220|label=0	SEQ_011220|label=0
SEQ_011221|label=0	SEQ_011221|label=0
SEQ_011222|label=1	SEQ_011222|label=1
SEQ_011223|label=0	SEQ_011223|label=0
SEQ_011224|label=1	SEQ_011224|label=1
SEQ_011225|label=1	SEQ_011225|label=1
SEQ_011226|label=1	SEQ_011226|label=1
SEQ_011227|label=0	SEQ_011227|label=0
SEQ_011228|label=1	SEQ_011228|label=1
SEQ_011229|label=0	SEQ_011229|label=0
SEQ_011230|label=0	SEQ_011230|label=0
SEQ_011231|label=1	SEQ_011231|label=1
SEQ_011232|label=1	SEQ_011232|label=1
SEQ_011233|label=1	SEQ_011233|label=1
SEQ_011234|label=0	SEQ_011234|label=0
SEQ_011235|label=1	SEQ_011235|label=1
SEQ_011236|label=1	SEQ_011236|label=1
SEQ_011237|label=0	SEQ_011237|label=0
SEQ_011238|label=1	SEQ_011238|label=1
SEQ_011239|label=1	SEQ_011239|label=1
SEQ_011240|label=1	SEQ_011240|label=1
SEQ_011241|label=0	SEQ_011241|label=0
SEQ_011242|label=0	SEQ_011242|label=0
SEQ_011243|label=0	SEQ_011243|label=0
SEQ_011244|label=0	SEQ_011244|label=0
SEQ_011245|label=0	SEQ_011245|label=0
SEQ_011246|label=1	SEQ_011246|label=1
SEQ_011247|label=0	SEQ_011247|label=0
SEQ_011248|label=0	SEQ_011248|label=0
SEQ_011249|label=1	SEQ_011249|label=1
SEQ_011250|label=1	SEQ_011250|label=1
SEQ_011251|label=1	SEQ_011251|label=1
SEQ_011252|label=0	SEQ_011252|label=0
SEQ_011253|label=1	SEQ_011253|label=1
SEQ_011254|label=1	SEQ_011254|label=1
SEQ_011255|label=1	SEQ_011255|label=1
SEQ_011256|label=0	SEQ_011256|label=0
SEQ_011257|label=0	SEQ_011257|label=0
SEQ_011258|label=1	SEQ_011258|label=1
SEQ_011259|label=0	SEQ_011259|label=0
SEQ_011260|label=0	SEQ_011260|label=0
SEQ_011261|label=1	SEQ_011261|label=1
SEQ_011262|label=1	SEQ_011262|label=1
SEQ_011263|label=1	SEQ_011263|label=1
SEQ_011264|label=1	SEQ_011264|label=1
SEQ_011265|label=0	SEQ_011265|label=0
SEQ_011266|label=1	SEQ_011266|label=1
SEQ_011267|label=0	SEQ_011267|label=0
SEQ_011268|label=0	SEQ_011268|label=0
SEQ_011269|label=1	SEQ_011269|label=1
SEQ_011270|label=0	SEQ_011270|label=0
SEQ_011271|label=0	SEQ_011271|label=0
SEQ_011272|label=1	SEQ_011272|label=1
SEQ_011273|label=0	SEQ_011273|label=0
SEQ_011274|label=0	SEQ_011274|label=0
SEQ_011275|label=1	SEQ_011275|label=1
SEQ_011276|label=0	SEQ_011276|label=0
SEQ_011277|label=0	SEQ_011277|label=0
SEQ_011278|label=1	SEQ_011278|label=1
SEQ_011279|label=1	SEQ_011279|label=1
SEQ_011280|label=0	SEQ_011280|label=0
SEQ_011281|label=1	SEQ_011281|label=1
SEQ_011282|label=1	SEQ_011282|label=1
SEQ_011283|label=1	SEQ_011283|label=1
SEQ_011284|label=0	SEQ_011284|label=0
SEQ_011285|label=0	SEQ_011285|label=0
SEQ_011286|label=0	SEQ_011286|label=0
SEQ_011287|label=0	SEQ_011287|label=0
SEQ_011288|label=1	SEQ_011288|label=1
SEQ_011289|label=0	SEQ_011289|label=0
SEQ_011290|label=0	SEQ_011290|label=0
SEQ_011291|label=1	SEQ_011291|label=1
SEQ_011292|label=1	SEQ_011292|label=1
SEQ_011293|label=1	SEQ_011293|label=1
SEQ_011294|label=0	SEQ_011294|label=0
SEQ_011295|label=0	SEQ_011295|label=0
SEQ_011296|label=1	SEQ_011296|label=1
SEQ_011297|label=1	SEQ_011297|label=1
SEQ_011298|label=1	SEQ_011298|label=1
SEQ_011299|label=0	SEQ_011299|label=0
SEQ_011300|label=0	SEQ_011300|label=0
SEQ_000001|label=1	SEQ_000001|label=1
SEQ_000002|label=0	SEQ_000002|label=0
SEQ_000003|label=0	SEQ_000003|label=0
SEQ_000004|label=0	SEQ_000004|label=0
SEQ_000005|label=0	SEQ_000005|label=0
SEQ_000006|label=0	SEQ_000006|label=0
SEQ_000007|label=0	SEQ_000007|label=0
SEQ_000008|label=1	SEQ_000008|label=1
SEQ_000009|label=0	SEQ_000009|label=0
SEQ_000010|label=1	SEQ_000010|label=1
SEQ_000011|label=0	SEQ_000011|label=0
SEQ_000012|label=0	SEQ_000012|label=0
SEQ_000013|label=0	SEQ_000013|label=0
SEQ_000014|label=1	SEQ_000014|label=1
SEQ_000015|label=1	SEQ_000015|label=1
SEQ_000016|label=0	SEQ_000016|label=0
SEQ_000017|label=0	SEQ_000017|label=0
SEQ_000018|label=1	SEQ_000018|label=1
SEQ_000019|label=1	SEQ_000019|label=1
SEQ_000020|label=1	SEQ_000020|label=1
SEQ_000021|label=0	SEQ_000021|label=0
SEQ_000022|label=1	SEQ_000022|label=1
SEQ_000023|label=0	SEQ_000023|label=0
SEQ_000024|label=0	SEQ_000024|label=0
SEQ_000025|label=1	SEQ_000025|label=1
SEQ_000026|label=0	SEQ_000026|label=0
SEQ_000027|label=1	SEQ_000027|label=1
SEQ_000028|label=1	SEQ_000028|label=1
SEQ_000029|label=0	SEQ_000029|label=0
SEQ_000030|label=0	SEQ_000030|label=0
SEQ_000031|label=0	SEQ_000031|label=0
SEQ_000032|label=0	SEQ_000032|label=0
SEQ_000033|label=0	SEQ_000033|label=0
SEQ_000034|label=1	SEQ_000034|label=1
SEQ_000035|label=0	SEQ_000035|label=0
SEQ_000036|label=0	SEQ_000036|label=0
SEQ_000037|label=1	SEQ_000037|label=1
SEQ_000038|label=0	SEQ_000038|label=0
SEQ_000039|label=1	SEQ_000039|label=1
SEQ_000040|label=0	SEQ_000040|label=0
SEQ_000041|label=0	SEQ_000041|label=0
SEQ_000042|label=0	SEQ_000042|label=0
SEQ_000043|label=0	SEQ_000043|label=0
SEQ_000044|label=1	SEQ_000044|label=1
SEQ_000045|label=1	SEQ_000045|label=1
SEQ_000046|label=0	SEQ_000046|label=0
SEQ_000047|label=0	SEQ_000047|label=0
SEQ_000048|label=1	SEQ_000048|label=1
SEQ_000049|label=0	SEQ_000049|label=0
SEQ_000050|label=1	SEQ_000050|label=1
SEQ_000051|label=1	SEQ_000051|label=1
SEQ_000052|label=1	SEQ_000052|label=1
SEQ_000053|label=1	SEQ_000053|label=1
SEQ_000054|label=1	SEQ_000054|label=1
SEQ_000055|label=1	SEQ_000055|label=1
SEQ_000056|label=1	SEQ_000056|label=1
SEQ_000057|label=1	SEQ_000057|label=1
SEQ_000058|label=1	SEQ_000058|label=1
SEQ_000059|label=1	SEQ_000059|label=1
SEQ_000060|label=1	SEQ_000060|label=1
SEQ_000061|label=0	SEQ_000061|label=0
SEQ_000062|label=1	SEQ_000062|label=1
SEQ_000063|label=1	SEQ_000063|label=1
SEQ_000064|label=0	SEQ_000064|label=0
SEQ_000065|label=1	SEQ_000065|label=1
SEQ_000066|label=1	SEQ_000066|label=1
SEQ_000067|label=1	SEQ_000067|label=1
SEQ_000068|label=1	SEQ_000068|label=1
SEQ_000069|label=1	SEQ_000069|label=1
SEQ_000070|label=1	SEQ_000070|label=1
SEQ_000071|label=0	SEQ_000071|label=0
SEQ_000072|label=1	SEQ_000072|label=1
SEQ_000073|label=1	SEQ_000073|label=1
SEQ_000074|label=1	SEQ_000074|label=1
SEQ_000075|label=0	SEQ_000075|label=0
SEQ_000076|label=0	SEQ_000076|label=0
SEQ_000077|label=1	SEQ_000077|label=1
SEQ_000078|label=0	SEQ_000078|label=0
SEQ_000079|label=1	SEQ_000079|label=1
SEQ_000080|label=0	SEQ_000080|label=0
SEQ_000081|label=1	SEQ_000081|label=1
SEQ_000082|label=1	SEQ_000082|label=1
SEQ_000083|label=1	SEQ_000083|label=1
SEQ_000084|label=0	SEQ_000084|label=0
SEQ_000085|label=1	SEQ_000085|label=1
SEQ_000086|label=0	SEQ_000086|label=0
SEQ_000087|label=1	SEQ_000087|label=1
SEQ_000088|label=1	SEQ_000088|label=1
SEQ_000089|label=1	SEQ_000089|label=1
SEQ_000090|label=0	SEQ_000090|label=0
SEQ_000091|label=0	SEQ_000091|label=0
SEQ_000092|label=1	SEQ_000092|label=1
SEQ_000093|label=1	SEQ_000093|label=1
SEQ_000094|label=1	SEQ_000094|label=1
SEQ_000095|label=1	SEQ_000095|label=1
SEQ_000096|label=0	SEQ_000096|label=0
SEQ_000097|label=1	SEQ_000097|label=1
SEQ_000098|label=0	SEQ_000098|label=0
SEQ_000099|label=0	SEQ_000099|label=0
SEQ_000100|label=1	SEQ_000100|label=1
SEQ_000301|label=1	SEQ_000301|label=1
SEQ_000302|label=0	SEQ_000302|label=0
SEQ_000303|label=0	SEQ_000303|label=0
SEQ_000304|label=1	SEQ_000304|label=1
SEQ_000305|label=0	SEQ_000305|label=0
SEQ_000306|label=1	SEQ_000306|label=1
SEQ_000307|label=1	SEQ_000307|label=1
SEQ_000308|label=1	SEQ_000308|label=1
SEQ_000309|label=1	SEQ_000309|label=1
SEQ_000310|label=1	SEQ_000310|label=1
SEQ_000311|label=0	SEQ_000311|label=0
SEQ_000312|label=0	SEQ_000312|label=0
SEQ_000313|label=0	SEQ_000313|label=0
SEQ_000314|label=1	SEQ_000314|label=1
SEQ_000315|label=0	SEQ_000315|label=0
SEQ_000316|label=1	SEQ_000316|label=1
SEQ_000317|label=0	SEQ_000317|label=0
SEQ_000318|label=0	SEQ_000318|label=0
SEQ_000319|label=0	SEQ_000319|label=0
SEQ_000320|label=1	SEQ_000320|label=1
SEQ_000321|label=1	SEQ_000321|label=1
SEQ_000322|label=1	SEQ_000322|label=1
SEQ_000323|label=1	SEQ_000323|label=1
SEQ_000324|label=1	SEQ_000324|label=1
SEQ_000325|label=0	SEQ_000325|label=0
SEQ_000326|label=1	SEQ_000326|label=1
SEQ_000327|label=0	SEQ_000327|label=0
SEQ_000328|label=1	SEQ_000328|label=1
SEQ_000329|label=1	SEQ_000329|label=1
SEQ_000330|label=1	SEQ_000330|label=1
SEQ_000331|label=0	SEQ_000331|label=0
SEQ_000332|label=0	SEQ_000332|label=0
SEQ_000333|label=1	SEQ_000333|label=1
SEQ_000334|label=1	SEQ_000334|label=1
SEQ_000335|label=1	SEQ_000335|label=1
SEQ_000336|label=1	SEQ_000336|label=1
SEQ_000337|label=1	SEQ_000337|label=1
SEQ_000338|label=1	SEQ_000338|label=1
SEQ_000339|label=0	SEQ_000339|label=0
SEQ_000340|label=0	SEQ_000340|label=0
SEQ_000341|label=0	SEQ_000341|label=0
SEQ_000342|label=0	SEQ_000342|label=0
SEQ_000343|label=0	SEQ_000343|label=0
SEQ_000344|label=0	SEQ_000344|label=0
SEQ_000345|label=1	SEQ_000345|label=1
SEQ_000346|label=0	SEQ_000346|label=0
SEQ_000347|label=1	SEQ_000347|label=1
SEQ_000348|label=0	SEQ_000348|label=0
SEQ_000349|label=0	SEQ_000349|label=0
SEQ_000350|label=1	SEQ_000350|label=1
SEQ_000351|label=1	SEQ_000351|label=1
SEQ_000352|label=1	SEQ_000352|label=1
SEQ_000353|label=1	SEQ_000353|label=1
SEQ_000354|label=1	SEQ_000354|label=1
SEQ_000355|label=0	SEQ_000355|label=0
SEQ_000356|label=1	SEQ_000356|label=1
SEQ_000357|label=1	SEQ_000357|label=1
SEQ_000358|label=0	SEQ_000358|label=0
SEQ_000359|label=0	SEQ_000359|label=0
SEQ_000360|label=1	SEQ_000360|label=1
SEQ_000361|label=1	SEQ_000361|label=1
SEQ_000362|label=1	SEQ_000362|label=1
SEQ_000363|label=0	SEQ_000363|label=0
SEQ_000364|label=0	SEQ_000364|label=0
SEQ_000365|label=1	SEQ_000365|label=1
SEQ_000366|label=1	SEQ_000366|label=1
SEQ_000367|label=1	SEQ_000367|label=1
SEQ_000368|label=1	SEQ_000368|label=1
SEQ_000369|label=0	SEQ_000369|label=0
SEQ_000370|label=1	SEQ_000370|label=1
SEQ_000371|label=1	SEQ_000371|label=1
SEQ_000372|label=0	SEQ_000372|label=0
SEQ_000373|label=1	SEQ_000373|label=1
SEQ_000374|label=1	SEQ_000374|label=1
SEQ_000375|label=1	SEQ_000375|label=1
SEQ_000376|label=0	SEQ_000376|label=0
SEQ_000377|label=0	SEQ_000377|label=0
SEQ_000378|label=1	SEQ_000378|label=1
SEQ_000379|label=0	SEQ_000379|label=0
SEQ_000380|label=1	SEQ_000380|label=1
SEQ_000381|label=0	SEQ_000381|label=0
SEQ_000382|label=0	SEQ_000382|label=0
SEQ_000383|label=1	SEQ_000383|label=1
SEQ_000384|label=1	SEQ_000384|label=1
SEQ_000385|label=0	SEQ_000385|label=0
SEQ_000386|label=0	SEQ_000386|label=0
SEQ_000387|label=1	SEQ_000387|label=1
SEQ_000388|label=1	SEQ_000388|label=1
SEQ_000389|label=1	SEQ_000389|label=1
SEQ_000390|label=1	SEQ_000390|label=1
SEQ_000391|label=1	SEQ_000391|label=1
SEQ_000392|label=0	SEQ_000392|label=0
SEQ_000393|label=0	SEQ_000393|label=0
SEQ_000394|label=1	SEQ_000394|label=1
SEQ_000395|label=0	SEQ_000395|label=0
SEQ_000396|label=0	SEQ_000396|label=0
SEQ_000397|label=1	SEQ_000397|label=1
SEQ_000398|label=0	SEQ_000398|label=0
SEQ_000399|label=0	SEQ_000399|label=0
SEQ_000400|label=0	SEQ_000400|label=0
SEQ_000601|label=1	SEQ_000601|label=1
SEQ_000602|label=0	SEQ_000602|label=0
SEQ_000603|label=0	SEQ_000603|label=0
SEQ_000604|label=1	SEQ_000604|label=1
SEQ_000605|label=0	SEQ_000605|label=0
SEQ_000606|label=0	SEQ_000606|label=0
SEQ_000607|label=1	SEQ_000607|label=1
SEQ_000608|label=0	SEQ_000608|label=0
SEQ_000609|label=0	SEQ_000609|label=0
SEQ_000610|label=0	SEQ_000610|label=0
SEQ_000611|label=1	SEQ_000611|label=1
SEQ_000612|label=1	SEQ_000612|label=1
SEQ_000613|label=0	SEQ_000613|label=0
SEQ_000614|label=1	SEQ_000614|label=1
SEQ_000615|label=1	SEQ_000615|label=1
SEQ_000616|label=1	SEQ_000616|label=1
SEQ_000617|label=1	SEQ_000617|label=1
SEQ_000618|label=1	SEQ_000618|label=1
SEQ_000619|label=0	SEQ_000619|label=0
SEQ_000620|label=0	SEQ_000620|label=0
SEQ_000621|label=1	SEQ_000621|label=1
SEQ_000622|label=1	SEQ_000622|label=1
SEQ_000623|label=1	SEQ_000623|label=1
SEQ_000624|label=1	SEQ_000624|label=1
SEQ_000625|label=0	SEQ_000625|label=0
SEQ_000626|label=0	SEQ_000626|label=0
SEQ_000627|label=1	SEQ_000627|label=1
SEQ_000628|label=1	SEQ_000628|label=1
SEQ_000629|label=1	SEQ_000629|label=1
SEQ_000630|label=1	SEQ_000630|label=1
SEQ_000631|label=1	SEQ_000631|label=1
SEQ_000632|label=0	SEQ_000632|label=0
SEQ_000633|label=1	SEQ_000633|label=1
SEQ_000634|label=0	SEQ_000634|label=0
SEQ_000635|label=0	SEQ_000635|label=0
SEQ_000636|label=1	SEQ_000636|label=1
SEQ_000637|label=0	SEQ_000637|label=0
SEQ_000638|label=1	SEQ_000638|label=1
SEQ_000639|label=1	SEQ_000639|label=1
SEQ_000640|label=0	SEQ_000640|label=0
SEQ_000641|label=0	SEQ_000641|label=0
SEQ_000642|label=1	SEQ_000642|label=1
SEQ_000643|label=0	SEQ_000643|label=0
SEQ_000644|label=1	SEQ_000644|label=1
SEQ_000645|label=0	SEQ_000645|label=0
SEQ_000646|label=0	SEQ_000646|label=0
SEQ_000647|label=0	SEQ_000647|label=0
SEQ_000648|label=0	SEQ_000648|label=0
SEQ_000649|label=0	SEQ_000649|label=0
SEQ_000650|label=0	SEQ_000650|label=0
SEQ_000651|label=1	SEQ_000651|label=1
SEQ_000652|label=0	SEQ_000652|label=0
SEQ_000653|label=1	SEQ_000653|label=1
SEQ_000654|label=1	SEQ_000654|label=1
SEQ_000655|label=0	SEQ_000655|label=0
SEQ_000656|label=1	SEQ_000656|label=1
SEQ_000657|label=0	SEQ_000657|label=0
SEQ_000658|label=0	SEQ_000658|label=0
SEQ_000659|label=0	SEQ_000659|label=0
SEQ_000660|label=1	SEQ_000660|label=1
SEQ_000661|label=1	SEQ_000661|label=1
SEQ_000662|label=1	SEQ_000662|label=1
SEQ_008463|label=0	SEQ_008463|label=0
SEQ_008464|label=1	SEQ_008464|label=1
SEQ_008465|label=0	SEQ_008465|label=0
SEQ_008466|label=0	SEQ_008466|label=0
SEQ_008467|label=0	SEQ_008467|label=0
SEQ_008468|label=0	SEQ_008468|label=0
SEQ_008469|label=0	SEQ_008469|label=0
SEQ_008470|label=0	SEQ_008470|label=0
SEQ_008471|label=1	SEQ_008471|label=1
SEQ_008472|label=0	SEQ_008472|label=0
SEQ_008473|label=1	SEQ_008473|label=1
SEQ_008474|label=1	SEQ_008474|label=1
SEQ_008475|label=1	SEQ_008475|label=1
SEQ_008476|label=0	SEQ_008476|label=0
SEQ_008477|label=0	SEQ_008477|label=0
SEQ_008478|label=1	SEQ_008478|label=1
SEQ_008479|label=1	SEQ_008479|label=1
SEQ_008480|label=0	SEQ_008480|label=0
SEQ_008481|label=1	SEQ_008481|label=1
SEQ_008482|label=1	SEQ_008482|label=1
SEQ_008483|label=0	SEQ_008483|label=0
SEQ_008484|label=1	SEQ_008484|label=1
SEQ_008485|label=0	SEQ_008485|label=0
SEQ_008486|label=1	SEQ_008486|label=1
SEQ_008487|label=0	SEQ_008487|label=0
SEQ_008488|label=0	SEQ_008488|label=0
SEQ_008489|label=1	SEQ_008489|label=1
SEQ_008490|label=0	SEQ_008490|label=0
SEQ_008491|label=0	SEQ_008491|label=0
SEQ_008492|label=1	SEQ_008492|label=1
SEQ_008493|label=1	SEQ_008493|label=1
SEQ_008494|label=0	SEQ_008494|label=0
SEQ_008495|label=0	SEQ_008495|label=0
SEQ_008496|label=1	SEQ_008496|label=1
SEQ_008497|label=1	SEQ_008497|label=1
SEQ_008498|label=0	SEQ_008498|label=0
SEQ_008499|label=0	SEQ_008499|label=0
SEQ_008500|label=0	SEQ_008500|label=0
SEQ_009201|label=1	SEQ_009201|label=1
SEQ_009202|label=1	SEQ_009202|label=1
SEQ_009203|label=1	SEQ_009203|label=1
SEQ_009204|label=1	SEQ_009204|label=1
SEQ_009205|label=1	SEQ_009205|label=1
SEQ_009206|label=0	SEQ_009206|label=0
SEQ_009207|label=0	SEQ_009207|label=0
SEQ_009208|label=1	SEQ_009208|label=1
SEQ_009209|label=1	SEQ_009209|label=1
SEQ_009210|label=1	SEQ_009210|label=1
SEQ_009211|label=0	SEQ_009211|label=0
SEQ_009212|label=1	SEQ_009212|label=1
SEQ_009213|label=0	SEQ_009213|label=0
SEQ_009214|label=1	SEQ_009214|label=1
SEQ_009215|label=0	SEQ_009215|label=0
SEQ_009216|label=0	SEQ_009216|label=0
SEQ_009217|label=1	SEQ_009217|label=1
SEQ_009218|label=1	SEQ_009218|label=1
SEQ_009219|label=0	SEQ_009219|label=0
SEQ_009220|label=1	SEQ_009220|label=1
SEQ_009221|label=1	SEQ_009221|label=1
SEQ_009222|label=0	SEQ_009222|label=0
SEQ_009223|label=1	SEQ_009223|label=1
SEQ_009224|label=0	SEQ_009224|label=0
SEQ_009225|label=1	SEQ_009225|label=1
SEQ_009226|label=0	SEQ_009226|label=0
SEQ_009227|label=1	SEQ_009227|label=1
SEQ_009228|label=1	SEQ_009228|label=1
SEQ_009229|label=0	SEQ_009229|label=0
SEQ_009230|label=0	SEQ_009230|label=0
SEQ_009231|label=0	SEQ_009231|label=0
SEQ_009232|label=0	SEQ_009232|label=0
SEQ_009233|label=0	SEQ_009233|label=0
SEQ_009234|label=0	SEQ_009234|label=0
SEQ_009235|label=1	SEQ_009235|label=1
SEQ_009236|label=1	SEQ_009236|label=1
SEQ_009237|label=0	SEQ_009237|label=0
SEQ_009238|label=0	SEQ_009238|label=0
SEQ_009239|label=1	SEQ_009239|label=1
SEQ_009240|label=0	SEQ_009240|label=0
SEQ_009241|label=0	SEQ_009241|label=0
SEQ_009242|label=0	SEQ_009242|label=0
SEQ_009243|label=0	SEQ_009243|label=0
SEQ_009244|label=1	SEQ_009244|label=1
SEQ_009245|label=0	SEQ_009245|label=0
SEQ_009246|label=1	SEQ_009246|label=1
SEQ_009247|label=1	SEQ_009247|label=1
SEQ_009248|label=0	SEQ_009248|label=0
SEQ_009249|label=0	SEQ_009249|label=0
SEQ_009250|label=1	SEQ_009250|label=1
SEQ_009251|label=1	SEQ_009251|label=1
SEQ_009252|label=1	SEQ_009252|label=1
SEQ_009253|label=1	SEQ_009253|label=1
SEQ_009254|label=1	SEQ_009254|label=1
SEQ_009255|label=1	SEQ_009255|label=1
SEQ_009256|label=0	SEQ_009256|label=0
SEQ_009257|label=1	SEQ_009257|label=1
SEQ_009258|label=1	SEQ_009258|label=1
SEQ_009259|label=1	SEQ_009259|label=1
SEQ_009260|label=1	SEQ_009260|label=1
SEQ_009261|label=0	SEQ_009261|label=0
SEQ_009262|label=1	SEQ_009262|label=1
SEQ_009263|label=0	SEQ_009263|label=0
SEQ_009264|label=0	SEQ_009264|label=0
SEQ_009265|label=1	SEQ_009265|label=1
SEQ_009266|label=1	SEQ_009266|label=1
SEQ_009267|label=1	SEQ_009267|label=1
SEQ_009268|label=0	SEQ_009268|label=0
SEQ_009269|label=0	SEQ_009269|label=0
SEQ_009270|label=0	SEQ_009270|label=0
SEQ_009271|label=0	SEQ_009271|label=0
SEQ_009272|label=1	SEQ_009272|label=1
SEQ_009273|label=0	SEQ_009273|label=0
SEQ_009274|label=1	SEQ_009274|label=1
SEQ_009275|label=1	SEQ_009275|label=1
SEQ_009276|label=1	SEQ_009276|label=1
SEQ_009277|label=0	SEQ_009277|label=0
SEQ_009278|label=0	SEQ_009278|label=0
SEQ_009279|label=0	SEQ_009279|label=0
SEQ_009280|label=0	SEQ_009280|label=0
SEQ_009281|label=0	SEQ_009281|label=0
SEQ_009282|label=0	SEQ_009282|label=0
SEQ_009283|label=0	SEQ_009283|label=0
SEQ_009284|label=1	SEQ_009284|label=1
SEQ_009285|label=1	SEQ_009285|label=1
SEQ_009286|label=0	SEQ_009286|label=0
SEQ_009287|label=0	SEQ_009287|label=0
SEQ_009288|label=1	SEQ_009288|label=1
SEQ_009289|label=0	SEQ_009289|label=0
SEQ_009290|label=1	SEQ_009290|label=1
SEQ_009291|label=1	SEQ_009291|label=1
SEQ_009292|label=1	SEQ_009292|label=1
SEQ_009293|label=1	SEQ_009293|label=1
SEQ_009294|label=0	SEQ_009294|label=0
SEQ_009295|label=0	SEQ_009295|label=0
SEQ_009296|label=0	SEQ_009296|label=0
SEQ_009297|label=1	SEQ_009297|label=1
SEQ_009298|label=1	SEQ_009298|label=1
SEQ_009299|label=1	SEQ_009299|label=1
SEQ_009300|label=1	SEQ_009300|label=1
SEQ_010001|label=1	SEQ_010001|label=1
SEQ_010002|label=0	SEQ_010002|label=0
SEQ_010003|label=1	SEQ_010003|label=1
SEQ_010004|label=0	SEQ_010004|label=0
SEQ_010005|label=0	SEQ_010005|label=0
SEQ_010006|label=1	SEQ_010006|label=1
SEQ_010007|label=1	SEQ_010007|label=1
SEQ_010008|label=0	SEQ_010008|label=0
SEQ_010009|label=1	SEQ_010009|label=1
SEQ_010010|label=0	SEQ_010010|label=0
SEQ_010011|label=0	SEQ_010011|label=0
SEQ_010012|label=0	SEQ_010012|label=0
SEQ_010013|label=0	SEQ_010013|label=0
SEQ_010014|label=1	SEQ_010014|label=1
SEQ_010015|label=0	SEQ_010015|label=0
SEQ_010016|label=1	SEQ_010016|label=1
SEQ_010017|label=1	SEQ_010017|label=1
SEQ_010018|label=0	SEQ_010018|label=0
SEQ_010019|label=1	SEQ_010019|label=1
SEQ_010020|label=0	SEQ_010020|label=0
SEQ_010021|label=0	SEQ_010021|label=0
SEQ_010022|label=1	SEQ_010022|label=1
SEQ_010023|label=1	SEQ_010023|label=1
SEQ_010024|label=1	SEQ_010024|label=1
SEQ_010025|label=1	SEQ_010025|label=1
SEQ_010026|label=0	SEQ_010026|label=0
SEQ_010027|label=1	SEQ_010027|label=1
SEQ_010028|label=1	SEQ_010028|label=1
SEQ_010029|label=1	SEQ_010029|label=1
SEQ_010030|label=0	SEQ_010030|label=0
SEQ_010031|label=1	SEQ_010031|label=1
SEQ_010032|label=0	SEQ_010032|label=0
SEQ_010033|label=0	SEQ_010033|label=0
SEQ_010034|label=1	SEQ_010034|label=1
SEQ_010035|label=0	SEQ_010035|label=0
SEQ_010036|label=1	SEQ_010036|label=1
SEQ_010037|label=0	SEQ_010037|label=0
SEQ_010038|label=1	SEQ_010038|label=1
SEQ_010039|label=0	SEQ_010039|label=0
SEQ_010040|label=1	SEQ_010040|label=1
SEQ_010041|label=0	SEQ_010041|label=0
SEQ_010042|label=1	SEQ_010042|label=1
SEQ_010043|label=1	SEQ_010043|label=1
SEQ_010044|label=0	SEQ_010044|label=0
SEQ_010045|label=0	SEQ_010045|label=0
SEQ_010046|label=0	SEQ_010046|label=0
SEQ_010047|label=1	SEQ_010047|label=1
SEQ_010048|label=0	SEQ_010048|label=0
SEQ_010049|label=1	SEQ_010049|label=1
SEQ_010050|label=0	SEQ_010050|label=0
SEQ_010051|label=1	SEQ_010051|label=1
SEQ_010052|label=0	SEQ_010052|label=0
SEQ_010053|label=1	SEQ_010053|label=1
SEQ_010054|label=0	SEQ_010054|label=0
SEQ_010055|label=0	SEQ_010055|label=0
SEQ_010056|label=1	SEQ_010056|label=1
SEQ_010057|label=0	SEQ_010057|label=0
SEQ_010058|label=0	SEQ_010058|label=0
SEQ_010059|label=1	SEQ_010059|label=1
SEQ_010060|label=0	SEQ_010060|label=0
SEQ_010061|label=0	SEQ_010061|label=0
SEQ_010062|label=0	SEQ_010062|label=0
SEQ_010063|label=0	SEQ_010063|label=0
SEQ_010064|label=1	SEQ_010064|label=1
SEQ_010065|label=1	SEQ_010065|label=1
SEQ_010066|label=1	SEQ_010066|label=1
SEQ_010067|label=0	SEQ_010067|label=0
SEQ_010068|label=1	SEQ_010068|label=1
SEQ_010069|label=1	SEQ_010069|label=1
SEQ_010070|label=0	SEQ_010070|label=0
SEQ_010071|label=1	SEQ_010071|label=1
SEQ_010072|label=0	SEQ_010072|label=0
SEQ_010073|label=1	SEQ_010073|label=1
SEQ_010074|label=1	SEQ_010074|label=1
SEQ_010075|label=0	SEQ_010075|label=0
SEQ_010076|label=1	SEQ_010076|label=1
SEQ_010077|label=0	SEQ_010077|label=0
SEQ_010078|label=0	SEQ_010078|label=0
SEQ_010079|label=1	SEQ_010079|label=1
SEQ_010080|label=0	SEQ_010080|label=0
SEQ_010081|label=1	SEQ_010081|label=1
SEQ_010082|label=0	SEQ_010082|label=0
SEQ_010083|label=0	SEQ_010083|label=0
SEQ_010084|label=0	SEQ_010084|label=0
SEQ_010085|label=1	SEQ_010085|label=1
SEQ_010086|label=0	SEQ_010086|label=0
SEQ_010087|label=0	SEQ_010087|label=0
SEQ_010088|label=0	SEQ_010088|label=0
SEQ_010089|label=0	SEQ_010089|label=0
SEQ_010090|label=0	SEQ_010090|label=0
SEQ_010091|label=0	SEQ_010091|label=0
SEQ_010092|label=1	SEQ_010092|label=1
SEQ_010093|label=1	SEQ_010093|label=1
SEQ_010094|label=0	SEQ_010094|label=0
SEQ_010095|label=0	SEQ_010095|label=0
SEQ_010096|label=1	SEQ_010096|label=1
SEQ_010097|label=0	SEQ_010097|label=0
SEQ_010098|label=0	SEQ_010098|label=0
SEQ_010099|label=1	SEQ_010099|label=1
SEQ_010100|label=1	SEQ_010100|label=1
SEQ_010901|label=1	SEQ_010901|label=1
SEQ_010902|label=0	SEQ_010902|label=0
SEQ_010903|label=0	SEQ_010903|label=0
SEQ_010904|label=0	SEQ_010904|label=0
SEQ_010905|label=1	SEQ_010905|label=1
SEQ_010906|label=0	SEQ_010906|label=0
SEQ_010907|label=0	SEQ_010907|label=0
SEQ_010908|label=1	SEQ_010908|label=1
SEQ_010909|label=0	SEQ_010909|label=0
SEQ_010910|label=0	SEQ_010910|label=0
SEQ_010911|label=0	SEQ_010911|label=0
SEQ_010912|label=0	SEQ_010912|label=0
SEQ_010913|label=0	SEQ_010913|label=0
SEQ_010914|label=1	SEQ_010914|label=1
SEQ_010915|label=0	SEQ_010915|label=0
SEQ_010916|label=0	SEQ_010916|label=0
SEQ_010917|label=1	SEQ_010917|label=1
SEQ_010918|label=0	SEQ_010918|label=0
SEQ_010919|label=1	SEQ_010919|label=1
SEQ_010920|label=0	SEQ_010920|label=0
SEQ_010921|label=1	SEQ_010921|label=1
SEQ_010922|label=0	SEQ_010922|label=0
SEQ_010923|label=0	SEQ_010923|label=0
SEQ_010924|label=1	SEQ_010924|label=1
SEQ_010925|label=0	SEQ_010925|label=0
SEQ_010926|label=1	SEQ_010926|label=1
SEQ_010927|label=1	SEQ_010927|label=1
SEQ_010928|label=0	SEQ_010928|label=0
SEQ_010929|label=1	SEQ_010929|label=1
SEQ_010930|label=1	SEQ_010930|label=1
SEQ_010931|label=1	SEQ_010931|label=1
SEQ_010932|label=0	SEQ_010932|label=0
SEQ_010933|label=1	SEQ_010933|label=1
SEQ_010934|label=0	SEQ_010934|label=0
SEQ_010935|label=0	SEQ_010935|label=0
SEQ_010936|label=1	SEQ_010936|label=1
SEQ_010937|label=1	SEQ_010937|label=1
SEQ_010938|label=0	SEQ_010938|label=0
SEQ_010939|label=1	SEQ_010939|label=1
SEQ_010940|label=0	SEQ_010940|label=0
SEQ_010941|label=1	SEQ_010941|label=1
SEQ_010942|label=0	SEQ_010942|label=0
SEQ_010943|label=0	SEQ_010943|label=0
SEQ_010944|label=0	SEQ_010944|label=0
SEQ_010945|label=1	SEQ_010945|label=1
SEQ_010946|label=1	SEQ_010946|label=1
SEQ_010947|label=0	SEQ_010947|label=0
SEQ_010948|label=0	SEQ_010948|label=0
SEQ_010949|label=0	SEQ_010949|label=0
SEQ_010950|label=0	SEQ_010950|label=0
SEQ_010951|label=1	SEQ_010951|label=1
SEQ_010952|label=1	SEQ_010952|label=1
SEQ_010953|label=0	SEQ_010953|label=0
SEQ_010954|label=0	SEQ_010954|label=0
SEQ_010955|label=0	SEQ_010955|label=0
SEQ_010956|label=0	SEQ_010956|label=0
SEQ_010957|label=1	SEQ_010957|label=1
SEQ_010958|label=1	SEQ_010958|label=1
SEQ_010959|label=1	SEQ_010959|label=1
SEQ_010960|label=0	SEQ_010960|label=0
SEQ_010961|label=1	SEQ_010961|label=1
SEQ_010962|label=0	SEQ_010962|label=0
SEQ_010963|label=1	SEQ_010963|label=1
SEQ_010964|label=1	SEQ_010964|label=1
SEQ_010965|label=1	SEQ_010965|label=1
SEQ_010966|label=0	SEQ_010966|label=0
SEQ_010967|label=1	SEQ_010967|label=1
SEQ_010968|label=0	SEQ_010968|label=0
SEQ_010969|label=1	SEQ_010969|label=1
SEQ_010970|label=1	SEQ_010970|label=1
SEQ_010971|label=0	SEQ_010971|label=0
SEQ_010972|label=0	SEQ_010972|label=0
SEQ_010973|label=1	SEQ_010973|label=1
SEQ_010974|label=1	SEQ_010974|label=1
SEQ_010975|label=0	SEQ_010975|label=0
SEQ_010976|label=0	SEQ_010976|label=0
SEQ_010977|label=0	SEQ_010977|label=0
SEQ_010978|label=0	SEQ_010978|label=0
SEQ_010979|label=1	SEQ_010979|label=1
SEQ_010980|label=1	SEQ_010980|label=1
SEQ_010981|label=1	SEQ_010981|label=1
SEQ_010982|label=1	SEQ_010982|label=1
SEQ_010983|label=0	SEQ_010983|label=0
SEQ_010984|label=1	SEQ_010984|label=1
SEQ_010985|label=0	SEQ_010985|label=0
SEQ_010986|label=0	SEQ_010986|label=0
SEQ_010987|label=0	SEQ_010987|label=0
SEQ_010988|label=0	SEQ_010988|label=0
SEQ_010989|label=1	SEQ_010989|label=1
SEQ_010990|label=0	SEQ_010990|label=0
SEQ_010991|label=1	SEQ_010991|label=1
SEQ_010992|label=1	SEQ_010992|label=1
SEQ_010993|label=1	SEQ_010993|label=1
SEQ_010994|label=1	SEQ_010994|label=1
SEQ_010995|label=1	SEQ_010995|label=1
SEQ_010996|label=1	SEQ_010996|label=1
SEQ_010997|label=0	SEQ_010997|label=0
SEQ_010998|label=1	SEQ_010998|label=1
SEQ_010999|label=0	SEQ_010999|label=0
SEQ_011000|label=0	SEQ_011000|label=0
SEQ_001601|label=1	SEQ_001601|label=1
SEQ_001602|label=1	SEQ_001602|label=1
SEQ_001603|label=1	SEQ_001603|label=1
SEQ_001604|label=0	SEQ_001604|label=0
SEQ_001605|label=1	SEQ_001605|label=1
SEQ_001606|label=0	SEQ_001606|label=0
SEQ_001607|label=1	SEQ_001607|label=1
SEQ_001608|label=1	SEQ_001608|label=1
SEQ_001609|label=0	SEQ_001609|label=0
SEQ_001610|label=1	SEQ_001610|label=1
SEQ_001611|label=1	SEQ_001611|label=1
SEQ_001612|label=0	SEQ_001612|label=0
SEQ_001613|label=0	SEQ_001613|label=0
SEQ_001614|label=1	SEQ_001614|label=1
SEQ_001615|label=1	SEQ_001615|label=1
SEQ_001616|label=1	SEQ_001616|label=1
SEQ_001617|label=0	SEQ_001617|label=0
SEQ_001618|label=1	SEQ_001618|label=1
SEQ_001619|label=1	SEQ_001619|label=1
SEQ_001620|label=1	SEQ_001620|label=1
SEQ_001621|label=0	SEQ_001621|label=0
SEQ_001622|label=0	SEQ_001622|label=0
SEQ_001623|label=1	SEQ_001623|label=1
SEQ_001624|label=1	SEQ_001624|label=1
SEQ_001625|label=0	SEQ_001625|label=0
SEQ_001626|label=1	SEQ_001626|label=1
SEQ_001627|label=1	SEQ_001627|label=1
SEQ_001628|label=1	SEQ_001628|label=1
SEQ_001629|label=0	SEQ_001629|label=0
SEQ_001630|label=1	SEQ_001630|label=1
SEQ_001631|label=0	SEQ_001631|label=0
SEQ_001632|label=1	SEQ_001632|label=1
SEQ_001633|label=1	SEQ_001633|label=1
SEQ_001634|label=1	SEQ_001634|label=1
SEQ_001635|label=1	SEQ_001635|label=1
SEQ_001636|label=0	SEQ_001636|label=0
SEQ_001637|label=0	SEQ_001637|label=0
SEQ_001638|label=0	SEQ_001638|label=0
SEQ_001639|label=0	SEQ_001639|label=0
SEQ_001640|label=1	SEQ_001640|label=1
SEQ_001641|label=1	SEQ_001641|label=1
SEQ_001642|label=1	SEQ_001642|label=1
SEQ_001643|label=0	SEQ_001643|label=0
SEQ_001644|label=1	SEQ_001644|label=1
SEQ_001645|label=1	SEQ_001645|label=1
SEQ_001646|label=1	SEQ_001646|label=1
SEQ_001647|label=1	SEQ_001647|label=1
SEQ_001648|label=0	SEQ_001648|label=0
SEQ_001649|label=0	SEQ_001649|label=0
SEQ_001650|label=0	SEQ_001650|label=0
SEQ_001651|label=0	SEQ_001651|label=0
SEQ_001652|label=1	SEQ_001652|label=1
SEQ_001653|label=1	SEQ_001653|label=1
SEQ_001654|label=0	SEQ_001654|label=0
SEQ_001655|label=0	SEQ_001655|label=0
SEQ_001656|label=1	SEQ_001656|label=1
SEQ_001657|label=1	SEQ_001657|label=1
SEQ_001658|label=0	SEQ_001658|label=0
SEQ_001659|label=1	SEQ_001659|label=1
SEQ_001660|label=1	SEQ_001660|label=1
SEQ_001661|label=1	SEQ_001661|label=1
SEQ_001662|label=0	SEQ_001662|label=0
SEQ_001663|label=1	SEQ_001663|label=1
SEQ_001664|label=0	SEQ_001664|label=0
SEQ_001665|label=0	SEQ_001665|label=0
SEQ_001666|label=0	SEQ_001666|label=0
SEQ_001667|label=1	SEQ_001667|label=1
SEQ_001668|label=1	SEQ_001668|label=1
SEQ_001669|label=1	SEQ_001669|label=1
SEQ_001670|label=0	SEQ_001670|label=0
SEQ_001671|label=0	SEQ_001671|label=0
SEQ_001672|label=1	SEQ_001672|label=1
SEQ_001673|label=0	SEQ_001673|label=0
SEQ_001674|label=0	SEQ_001674|label=0
SEQ_001675|label=1	SEQ_001675|label=1
SEQ_001676|label=0	SEQ_001676|label=0
SEQ_001677|label=0	SEQ_001677|label=0
SEQ_001678|label=0	SEQ_001678|label=0
SEQ_001679|label=1	SEQ_001679|label=1
SEQ_001680|label=1	SEQ_001680|label=1
SEQ_001681|label=0	SEQ_001681|label=0
SEQ_001682|label=1	SEQ_001682|label=1
SEQ_001683|label=1	SEQ_001683|label=1
SEQ_001684|label=1	SEQ_001684|label=1
SEQ_001685|label=0	SEQ_001685|label=0
SEQ_001686|label=0	SEQ_001686|label=0
SEQ_001687|label=1	SEQ_001687|label=1
SEQ_001688|label=1	SEQ_001688|label=1
SEQ_001689|label=1	SEQ_001689|label=1
SEQ_001690|label=0	SEQ_001690|label=0
SEQ_001691|label=0	SEQ_001691|label=0
SEQ_001692|label=0	SEQ_001692|label=0
SEQ_001693|label=0	SEQ_001693|label=0
SEQ_001694|label=0	SEQ_001694|label=0
SEQ_001695|label=1	SEQ_001695|label=1
SEQ_001696|label=1	SEQ_001696|label=1
SEQ_001697|label=1	SEQ_001697|label=1
SEQ_001698|label=1	SEQ_001698|label=1
SEQ_001699|label=1	SEQ_001699|label=1
SEQ_001700|label=0	SEQ_001700|label=0
SEQ_002301|label=0	SEQ_002301|label=0
SEQ_002302|label=1	SEQ_002302|label=1
SEQ_002303|label=1	SEQ_002303|label=1
SEQ_002304|label=1	SEQ_002304|label=1
SEQ_002305|label=1	SEQ_002305|label=1
SEQ_002306|label=1	SEQ_002306|label=1
SEQ_002307|label=1	SEQ_002307|label=1
SEQ_002308|label=0	SEQ_002308|label=0
SEQ_002309|label=1	SEQ_002309|label=1
SEQ_002310|label=1	SEQ_002310|label=1
SEQ_002311|label=0	SEQ_002311|label=0
SEQ_002312|label=0	SEQ_002312|label=0
SEQ_002313|label=1	SEQ_002313|label=1
SEQ_002314|label=0	SEQ_002314|label=0
SEQ_002315|label=0	SEQ_002315|label=0
SEQ_002316|label=0	SEQ_002316|label=0
SEQ_002317|label=1	SEQ_002317|label=1
SEQ_002318|label=0	SEQ_002318|label=0
SEQ_002319|label=1	SEQ_002319|label=1
SEQ_002320|label=0	SEQ_002320|label=0
SEQ_002321|label=0	SEQ_002321|label=0
SEQ_002322|label=0	SEQ_002322|label=0
SEQ_002323|label=0	SEQ_002323|label=0
SEQ_002324|label=0	SEQ_002324|label=0
SEQ_002325|label=0	SEQ_002325|label=0
SEQ_002326|label=0	SEQ_002326|label=0
SEQ_002327|label=1	SEQ_002327|label=1
SEQ_002328|label=0	SEQ_002328|label=0
SEQ_002329|label=0	SEQ_002329|label=0
SEQ_002330|label=0	SEQ_002330|label=0
SEQ_002331|label=1	SEQ_002331|label=1
SEQ_002332|label=1	SEQ_002332|label=1
SEQ_002333|label=0	SEQ_002333|label=0
SEQ_002334|label=1	SEQ_002334|label=1
SEQ_002335|label=0	SEQ_002335|label=0
SEQ_002336|label=1	SEQ_002336|label=1
SEQ_002337|label=1	SEQ_002337|label=1
SEQ_002338|label=1	SEQ_002338|label=1
SEQ_002339|label=0	SEQ_002339|label=0
SEQ_002340|label=0	SEQ_002340|label=0
SEQ_002341|label=0	SEQ_002341|label=0
SEQ_002342|label=0	SEQ_002342|label=0
SEQ_002343|label=0	SEQ_002343|label=0
SEQ_002344|label=0	SEQ_002344|label=0
SEQ_002345|label=1	SEQ_002345|label=1
SEQ_002346|label=0	SEQ_002346|label=0
SEQ_002347|label=0	SEQ_002347|label=0
SEQ_002348|label=1	SEQ_002348|label=1
SEQ_002349|label=1	SEQ_002349|label=1
SEQ_002350|label=1	SEQ_002350|label=1
SEQ_002351|label=0	SEQ_002351|label=0
SEQ_002352|label=1	SEQ_002352|label=1
SEQ_002353|label=1	SEQ_002353|label=1
SEQ_002354|label=0	SEQ_002354|label=0
SEQ_002355|label=0	SEQ_002355|label=0
SEQ_002356|label=0	SEQ_002356|label=0
SEQ_002357|label=0	SEQ_002357|label=0
SEQ_002358|label=1	SEQ_002358|label=1
SEQ_002359|label=0	SEQ_002359|label=0
SEQ_002360|label=0	SEQ_002360|label=0
SEQ_002361|label=0	SEQ_002361|label=0
SEQ_002362|label=1	SEQ_002362|label=1
SEQ_002363|label=1	SEQ_002363|label=1
SEQ_002364|label=1	SEQ_002364|label=1
SEQ_002365|label=1	SEQ_002365|label=1
SEQ_002366|label=0	SEQ_002366|label=0
SEQ_002367|label=0	SEQ_002367|label=0
SEQ_002368|label=0	SEQ_002368|label=0
SEQ_002369|label=1	SEQ_002369|label=1
SEQ_002370|label=1	SEQ_002370|label=1
SEQ_002371|label=0	SEQ_002371|label=0
SEQ_002372|label=0	SEQ_002372|label=0
SEQ_002373|label=0	SEQ_002373|label=0
SEQ_002374|label=0	SEQ_002374|label=0
SEQ_002375|label=1	SEQ_002375|label=1
SEQ_002376|label=0	SEQ_002376|label=0
SEQ_002377|label=0	SEQ_002377|label=0
SEQ_002378|label=0	SEQ_002378|label=0
SEQ_002379|label=1	SEQ_002379|label=1
SEQ_002380|label=0	SEQ_002380|label=0
SEQ_002381|label=1	SEQ_002381|label=1
SEQ_002382|label=1	SEQ_002382|label=1
SEQ_002383|label=0	SEQ_002383|label=0
SEQ_002384|label=1	SEQ_002384|label=1
SEQ_002385|label=1	SEQ_002385|label=1
SEQ_002386|label=0	SEQ_002386|label=0
SEQ_002387|label=1	SEQ_002387|label=1
SEQ_002388|label=1	SEQ_002388|label=1
SEQ_002389|label=0	SEQ_002389|label=0
SEQ_002390|label=1	SEQ_002390|label=1
SEQ_002391|label=0	SEQ_002391|label=0
SEQ_002392|label=0	SEQ_002392|label=0
SEQ_002393|label=1	SEQ_002393|label=1
SEQ_002394|label=1	SEQ_002394|label=1
SEQ_002395|label=1	SEQ_002395|label=1
SEQ_002396|label=0	SEQ_002396|label=0
SEQ_002397|label=1	SEQ_002397|label=1
SEQ_002398|label=1	SEQ_002398|label=1
SEQ_002399|label=1	SEQ_002399|label=1
SEQ_002400|label=1	SEQ_002400|label=1
SEQ_003101|label=0	SEQ_003101|label=0
SEQ_003102|label=0	SEQ_003102|label=0
SEQ_003103|label=0	SEQ_003103|label=0
SEQ_003104|label=0	SEQ_003104|label=0
SEQ_003105|label=0	SEQ_003105|label=0
SEQ_003106|label=0	SEQ_003106|label=0
SEQ_003107|label=1	SEQ_003107|label=1
SEQ_003108|label=1	SEQ_003108|label=1
SEQ_003109|label=0	SEQ_003109|label=0
SEQ_003110|label=0	SEQ_003110|label=0
SEQ_003111|label=1	SEQ_003111|label=1
SEQ_003112|label=1	SEQ_003112|label=1
SEQ_003113|label=1	SEQ_003113|label=1
SEQ_003114|label=0	SEQ_003114|label=0
SEQ_003115|label=0	SEQ_003115|label=0
SEQ_003116|label=0	SEQ_003116|label=0
SEQ_003117|label=1	SEQ_003117|label=1
SEQ_003118|label=1	SEQ_003118|label=1
SEQ_003119|label=0	SEQ_003119|label=0
SEQ_003120|label=1	SEQ_003120|label=1
SEQ_003121|label=0	SEQ_003121|label=0
SEQ_003122|label=1	SEQ_003122|label=1
SEQ_003123|label=1	SEQ_003123|label=1
SEQ_003124|label=0	SEQ_003124|label=0
SEQ_003125|label=0	SEQ_003125|label=0
SEQ_003126|label=0	SEQ_003126|label=0
SEQ_003127|label=0	SEQ_003127|label=0
SEQ_003128|label=1	SEQ_003128|label=1
SEQ_003129|label=1	SEQ_003129|label=1
SEQ_003130|label=1	SEQ_003130|label=1
SEQ_003131|label=1	SEQ_003131|label=1
SEQ_003132|label=0	SEQ_003132|label=0
SEQ_003133|label=0	SEQ_003133|label=0
SEQ_003134|label=1	SEQ_003134|label=1
SEQ_003135|label=0	SEQ_003135|label=0
SEQ_003136|label=0	SEQ_003136|label=0
SEQ_003137|label=0	SEQ_003137|label=0
SEQ_003138|label=0	SEQ_003138|label=0
SEQ_003139|label=1	SEQ_003139|label=1
SEQ_003140|label=1	SEQ_003140|label=1
SEQ_003141|label=0	SEQ_003141|label=0
SEQ_003142|label=0	SEQ_003142|label=0
SEQ_003143|label=1	SEQ_003143|label=1
SEQ_003144|label=0	SEQ_003144|label=0
SEQ_003145|label=0	SEQ_003145|label=0
SEQ_003146|label=1	SEQ_003146|label=1
SEQ_003147|label=0	SEQ_003147|label=0
SEQ_003148|label=1	SEQ_003148|label=1
SEQ_003149|label=1	SEQ_003149|label=1
SEQ_003150|label=1	SEQ_003150|label=1
SEQ_003151|label=0	SEQ_003151|label=0
SEQ_003152|label=1	SEQ_003152|label=1
SEQ_003153|label=1	SEQ_003153|label=1
SEQ_003154|label=0	SEQ_003154|label=0
SEQ_003155|label=1	SEQ_003155|label=1
SEQ_003156|label=0	SEQ_003156|label=0
SEQ_003157|label=0	SEQ_003157|label=0
SEQ_003158|label=1	SEQ_003158|label=1
SEQ_003159|label=0	SEQ_003159|label=0
SEQ_003160|label=0	SEQ_003160|label=0
SEQ_003161|label=1	SEQ_003161|label=1
SEQ_003162|label=0	SEQ_003162|label=0
SEQ_003163|label=1	SEQ_003163|label=1
SEQ_003164|label=1	SEQ_003164|label=1
SEQ_003165|label=0	SEQ_003165|label=0
SEQ_003166|label=1	SEQ_003166|label=1
SEQ_003167|label=1	SEQ_003167|label=1
SEQ_003168|label=1	SEQ_003168|label=1
SEQ_003169|label=1	SEQ_003169|label=1
SEQ_003170|label=0	SEQ_003170|label=0
SEQ_003171|label=0	SEQ_003171|label=0
SEQ_003172|label=0	SEQ_003172|label=0
SEQ_003173|label=0	SEQ_003173|label=0
SEQ_003174|label=0	SEQ_003174|label=0
SEQ_003175|label=0	SEQ_003175|label=0
SEQ_003176|label=0	SEQ_003176|label=0
SEQ_003177|label=1	SEQ_003177|label=1
SEQ_003178|label=0	SEQ_003178|label=0
SEQ_003179|label=0	SEQ_003179|label=0
SEQ_003180|label=0	SEQ_003180|label=0
SEQ_003181|label=0	SEQ_003181|label=0
SEQ_003182|label=1	SEQ_003182|label=1
SEQ_003183|label=1	SEQ_003183|label=1
SEQ_003184|label=0	SEQ_003184|label=0
SEQ_003185|label=1	SEQ_003185|label=1
SEQ_003186|label=0	SEQ_003186|label=0
SEQ_003187|label=0	SEQ_003187|label=0
SEQ_003188|label=0	SEQ_003188|label=0
SEQ_003189|label=1	SEQ_003189|label=1
SEQ_003190|label=0	SEQ_003190|label=0
SEQ_003191|label=1	SEQ_003191|label=1
SEQ_003192|label=0	SEQ_003192|label=0
SEQ_003193|label=0	SEQ_003193|label=0
SEQ_003194|label=1	SEQ_003194|label=1
SEQ_003195|label=0	SEQ_003195|label=0
SEQ_003196|label=0	SEQ_003196|label=0
SEQ_003197|label=1	SEQ_003197|label=1
SEQ_003198|label=1	SEQ_003198|label=1
SEQ_003199|label=0	SEQ_003199|label=0
SEQ_003200|label=1	SEQ_003200|label=1
SEQ_003901|label=0	SEQ_003901|label=0
SEQ_003902|label=0	SEQ_003902|label=0
SEQ_003903|label=1	SEQ_003903|label=1
SEQ_003904|label=0	SEQ_003904|label=0
SEQ_003905|label=0	SEQ_003905|label=0
SEQ_003906|label=1	SEQ_003906|label=1
SEQ_003907|label=0	SEQ_003907|label=0
SEQ_003908|label=1	SEQ_003908|label=1
SEQ_003909|label=0	SEQ_003909|label=0
SEQ_003910|label=1	SEQ_003910|label=1
SEQ_003911|label=1	SEQ_003911|label=1
SEQ_003912|label=0	SEQ_003912|label=0
SEQ_003913|label=1	SEQ_003913|label=1
SEQ_003914|label=1	SEQ_003914|label=1
SEQ_003915|label=0	SEQ_003915|label=0
SEQ_003916|label=0	SEQ_003916|label=0
SEQ_003917|label=1	SEQ_003917|label=1
SEQ_003918|label=1	SEQ_003918|label=1
SEQ_003919|label=0	SEQ_003919|label=0
SEQ_003920|label=0	SEQ_003920|label=0
SEQ_003921|label=0	SEQ_003921|label=0
SEQ_003922|label=1	SEQ_003922|label=1
SEQ_003923|label=1	SEQ_003923|label=1
SEQ_003924|label=0	SEQ_003924|label=0
SEQ_003925|label=1	SEQ_003925|label=1
SEQ_003926|label=0	SEQ_003926|label=0
SEQ_003927|label=0	SEQ_003927|label=0
SEQ_003928|label=0	SEQ_003928|label=0
SEQ_003929|label=1	SEQ_003929|label=1
SEQ_003930|label=1	SEQ_003930|label=1
SEQ_003931|label=1	SEQ_003931|label=1
SEQ_003932|label=1	SEQ_003932|label=1
SEQ_003933|label=1	SEQ_003933|label=1
SEQ_003934|label=0	SEQ_003934|label=0
SEQ_003935|label=0	SEQ_003935|label=0
SEQ_003936|label=0	SEQ_003936|label=0
SEQ_003937|label=0	SEQ_003937|label=0
SEQ_003938|label=1	SEQ_003938|label=1
SEQ_003939|label=0	SEQ_003939|label=0
SEQ_003940|label=0	SEQ_003940|label=0
SEQ_003941|label=0	SEQ_003941|label=0
SEQ_003942|label=0	SEQ_003942|label=0
SEQ_003943|label=1	SEQ_003943|label=1
SEQ_003944|label=1	SEQ_003944|label=1
SEQ_003945|label=0	SEQ_003945|label=0
SEQ_003946|label=1	SEQ_003946|label=1
SEQ_003947|label=0	SEQ_003947|label=0
SEQ_003948|label=0	SEQ_003948|label=0
SEQ_003949|label=1	SEQ_003949|label=1
SEQ_003950|label=0	SEQ_003950|label=0
SEQ_003951|label=1	SEQ_003951|label=1
SEQ_003952|label=1	SEQ_003952|label=1
SEQ_003953|label=0	SEQ_003953|label=0
SEQ_003954|label=0	SEQ_003954|label=0
SEQ_003955|label=0	SEQ_003955|label=0
SEQ_003956|label=1	SEQ_003956|label=1
SEQ_003957|label=0	SEQ_003957|label=0
SEQ_003958|label=0	SEQ_003958|label=0
SEQ_003959|label=0	SEQ_003959|label=0
SEQ_003960|label=1	SEQ_003960|label=1
SEQ_003961|label=0	SEQ_003961|label=0
SEQ_003962|label=1	SEQ_003962|label=1
SEQ_003963|label=1	SEQ_003963|label=1
SEQ_003964|label=1	SEQ_003964|label=1
SEQ_003965|label=1	SEQ_003965|label=1
SEQ_003966|label=0	SEQ_003966|label=0
SEQ_003967|label=0	SEQ_003967|label=0
SEQ_003968|label=0	SEQ_003968|label=0
SEQ_003969|label=0	SEQ_003969|label=0
SEQ_003970|label=0	SEQ_003970|label=0
SEQ_003971|label=0	SEQ_003971|label=0
SEQ_003972|label=0	SEQ_003972|label=0
SEQ_003973|label=0	SEQ_003973|label=0
SEQ_003974|label=0	SEQ_003974|label=0
SEQ_003975|label=0	SEQ_003975|label=0
SEQ_003976|label=1	SEQ_003976|label=1
SEQ_003977|label=1	SEQ_003977|label=1
SEQ_003978|label=0	SEQ_003978|label=0
SEQ_003979|label=0	SEQ_003979|label=0
SEQ_003980|label=1	SEQ_003980|label=1
SEQ_003981|label=0	SEQ_003981|label=0
SEQ_003982|label=1	SEQ_003982|label=1
SEQ_003983|label=0	SEQ_003983|label=0
SEQ_003984|label=1	SEQ_003984|label=1
SEQ_003985|label=0	SEQ_003985|label=0
SEQ_003986|label=0	SEQ_003986|label=0
SEQ_003987|label=1	SEQ_003987|label=1
SEQ_003988|label=0	SEQ_003988|label=0
SEQ_003989|label=1	SEQ_003989|label=1
SEQ_003990|label=1	SEQ_003990|label=1
SEQ_003991|label=1	SEQ_003991|label=1
SEQ_003992|label=0	SEQ_003992|label=0
SEQ_003993|label=1	SEQ_003993|label=1
SEQ_003994|label=0	SEQ_003994|label=0
SEQ_003995|label=1	SEQ_003995|label=1
SEQ_003996|label=0	SEQ_003996|label=0
SEQ_003997|label=0	SEQ_003997|label=0
SEQ_003998|label=0	SEQ_003998|label=0
SEQ_003999|label=1	SEQ_003999|label=1
SEQ_004000|label=1	SEQ_004000|label=1
SEQ_004701|label=0	SEQ_004701|label=0
SEQ_004702|label=0	SEQ_004702|label=0
SEQ_004703|label=0	SEQ_004703|label=0
SEQ_004704|label=0	SEQ_004704|label=0
SEQ_004705|label=1	SEQ_004705|label=1
SEQ_004706|label=1	SEQ_004706|label=1
SEQ_004707|label=0	SEQ_004707|label=0
SEQ_004708|label=1	SEQ_004708|label=1
SEQ_004709|label=0	SEQ_004709|label=0
SEQ_004710|label=1	SEQ_004710|label=1
SEQ_004711|label=1	SEQ_004711|label=1
SEQ_004712|label=1	SEQ_004712|label=1
SEQ_004713|label=1	SEQ_004713|label=1
SEQ_004714|label=1	SEQ_004714|label=1
SEQ_004715|label=1	SEQ_004715|label=1
SEQ_004716|label=1	SEQ_004716|label=1
SEQ_004717|label=0	SEQ_004717|label=0
SEQ_004718|label=1	SEQ_004718|label=1
SEQ_004719|label=1	SEQ_004719|label=1
SEQ_004720|label=1	SEQ_004720|label=1
SEQ_004721|label=1	SEQ_004721|label=1
SEQ_004722|label=0	SEQ_004722|label=0
SEQ_004723|label=1	SEQ_004723|label=1
SEQ_004724|label=0	SEQ_004724|label=0
SEQ_004725|label=1	SEQ_004725|label=1
SEQ_004726|label=0	SEQ_004726|label=0
SEQ_004727|label=0	SEQ_004727|label=0
SEQ_004728|label=1	SEQ_004728|label=1
SEQ_004729|label=1	SEQ_004729|label=1
SEQ_004730|label=1	SEQ_004730|label=1
SEQ_004731|label=1	SEQ_004731|label=1
SEQ_004732|label=0	SEQ_004732|label=0
SEQ_004733|label=0	SEQ_004733|label=0
SEQ_004734|label=0	SEQ_004734|label=0
SEQ_004735|label=1	SEQ_004735|label=1
SEQ_004736|label=1	SEQ_004736|label=1
SEQ_004737|label=0	SEQ_004737|label=0
SEQ_004738|label=0	SEQ_004738|label=0
SEQ_004739|label=0	SEQ_004739|label=0
SEQ_004740|label=1	SEQ_004740|label=1
SEQ_004741|label=1	SEQ_004741|label=1
SEQ_004742|label=0	SEQ_004742|label=0
SEQ_004743|label=1	SEQ_004743|label=1
SEQ_004744|label=0	SEQ_004744|label=0
SEQ_004745|label=1	SEQ_004745|label=1
SEQ_004746|label=1	SEQ_004746|label=1
SEQ_004747|label=0	SEQ_004747|label=0
SEQ_004748|label=0	SEQ_004748|label=0
SEQ_004749|label=1	SEQ_004749|label=1
SEQ_004750|label=0	SEQ_004750|label=0
SEQ_004751|label=1	SEQ_004751|label=1
SEQ_004752|label=1	SEQ_004752|label=1
SEQ_004753|label=1	SEQ_004753|label=1
SEQ_004754|label=0	SEQ_004754|label=0
SEQ_004755|label=0	SEQ_004755|label=0
SEQ_004756|label=0	SEQ_004756|label=0
SEQ_004757|label=0	SEQ_004757|label=0
SEQ_004758|label=0	SEQ_004758|label=0
SEQ_004759|label=0	SEQ_004759|label=0
SEQ_004760|label=0	SEQ_004760|label=0
SEQ_004761|label=1	SEQ_004761|label=1
SEQ_004762|label=1	SEQ_004762|label=1
SEQ_004763|label=1	SEQ_004763|label=1
SEQ_004764|label=0	SEQ_004764|label=0
SEQ_004765|label=1	SEQ_004765|label=1
SEQ_004766|label=0	SEQ_004766|label=0
SEQ_004767|label=0	SEQ_004767|label=0
SEQ_004768|label=0	SEQ_004768|label=0
SEQ_004769|label=0	SEQ_004769|label=0
SEQ_004770|label=0	SEQ_004770|label=0
SEQ_004771|label=0	SEQ_004771|label=0
SEQ_004772|label=1	SEQ_004772|label=1
SEQ_004773|label=0	SEQ_004773|label=0
SEQ_004774|label=0	SEQ_004774|label=0
SEQ_004775|label=0	SEQ_004775|label=0
SEQ_004776|label=0	SEQ_004776|label=0
SEQ_004777|label=1	SEQ_004777|label=1
SEQ_004778|label=0	SEQ_004778|label=0
SEQ_004779|label=0	SEQ_004779|label=0
SEQ_004780|label=1	SEQ_004780|label=1
SEQ_004781|label=1	SEQ_004781|label=1
SEQ_004782|label=0	SEQ_004782|label=0
SEQ_004783|label=0	SEQ_004783|label=0
SEQ_004784|label=1	SEQ_004784|label=1
SEQ_004785|label=0	SEQ_004785|label=0
SEQ_004786|label=1	SEQ_004786|label=1
SEQ_004787|label=0	SEQ_004787|label=0
SEQ_004788|label=1	SEQ_004788|label=1
SEQ_004789|label=1	SEQ_004789|label=1
SEQ_004790|label=1	SEQ_004790|label=1
SEQ_004791|label=1	SEQ_004791|label=1
SEQ_004792|label=0	SEQ_004792|label=0
SEQ_004793|label=0	SEQ_004793|label=0
SEQ_004794|label=0	SEQ_004794|label=0
SEQ_004795|label=1	SEQ_004795|label=1
SEQ_004796|label=1	SEQ_004796|label=1
SEQ_004797|label=1	SEQ_004797|label=1
SEQ_004798|label=1	SEQ_004798|label=1
SEQ_004799|label=0	SEQ_004799|label=0
SEQ_004800|label=0	SEQ_004800|label=0
SEQ_005401|label=0	SEQ_005401|label=0
SEQ_005402|label=0	SEQ_005402|label=0
SEQ_005403|label=0	SEQ_005403|label=0
SEQ_005404|label=1	SEQ_005404|label=1
SEQ_005405|label=0	SEQ_005405|label=0
SEQ_005406|label=1	SEQ_005406|label=1
SEQ_005407|label=1	SEQ_005407|label=1
SEQ_005408|label=1	SEQ_005408|label=1
SEQ_005409|label=1	SEQ_005409|label=1
SEQ_005410|label=1	SEQ_005410|label=1
SEQ_005411|label=0	SEQ_005411|label=0
SEQ_005412|label=1	SEQ_005412|label=1
SEQ_005413|label=1	SEQ_005413|label=1
SEQ_005414|label=0	SEQ_005414|label=0
SEQ_005415|label=1	SEQ_005415|label=1
SEQ_005416|label=1	SEQ_005416|label=1
SEQ_005417|label=1	SEQ_005417|label=1
SEQ_005418|label=1	SEQ_005418|label=1
SEQ_005419|label=1	SEQ_005419|label=1
SEQ_005420|label=1	SEQ_005420|label=1
SEQ_005421|label=0	SEQ_005421|label=0
SEQ_005422|label=0	SEQ_005422|label=0
SEQ_005423|label=0	SEQ_005423|label=0
SEQ_005424|label=0	SEQ_005424|label=0
SEQ_005425|label=1	SEQ_005425|label=1
SEQ_005426|label=0	SEQ_005426|label=0
SEQ_005427|label=0	SEQ_005427|label=0
SEQ_005428|label=0	SEQ_005428|label=0
SEQ_005429|label=0	SEQ_005429|label=0
SEQ_005430|label=1	SEQ_005430|label=1
SEQ_005431|label=0	SEQ_005431|label=0
SEQ_005432|label=0	SEQ_005432|label=0
SEQ_005433|label=0	SEQ_005433|label=0
SEQ_005434|label=1	SEQ_005434|label=1
SEQ_005435|label=0	SEQ_005435|label=0
SEQ_005436|label=0	SEQ_005436|label=0
SEQ_005437|label=0	SEQ_005437|label=0
SEQ_005438|label=0	SEQ_005438|label=0
SEQ_005439|label=0	SEQ_005439|label=0
SEQ_005440|label=0	SEQ_005440|label=0
SEQ_005441|label=1	SEQ_005441|label=1
SEQ_005442|label=0	SEQ_005442|label=0
SEQ_005443|label=0	SEQ_005443|label=0
SEQ_005444|label=1	SEQ_005444|label=1
SEQ_005445|label=1	SEQ_005445|label=1
SEQ_005446|label=0	SEQ_005446|label=0
SEQ_005447|label=1	SEQ_005447|label=1
SEQ_005448|label=0	SEQ_005448|label=0
SEQ_005449|label=1	SEQ_005449|label=1
SEQ_005450|label=1	SEQ_005450|label=1
SEQ_005451|label=1	SEQ_005451|label=1
SEQ_005452|label=0	SEQ_005452|label=0
SEQ_005453|label=1	SEQ_005453|label=1
SEQ_005454|label=1	SEQ_005454|label=1
SEQ_005455|label=0	SEQ_005455|label=0
SEQ_005456|label=0	SEQ_005456|label=0
SEQ_005457|label=0	SEQ_005457|label=0
SEQ_005458|label=1	SEQ_005458|label=1
SEQ_005459|label=0	SEQ_005459|label=0
SEQ_005460|label=1	SEQ_005460|label=1
SEQ_005461|label=1	SEQ_005461|label=1
SEQ_005462|label=0	SEQ_005462|label=0
SEQ_005463|label=1	SEQ_005463|label=1
SEQ_005464|label=0	SEQ_005464|label=0
SEQ_005465|label=0	SEQ_005465|label=0
SEQ_005466|label=0	SEQ_005466|label=0
SEQ_005467|label=1	SEQ_005467|label=1
SEQ_005468|label=1	SEQ_005468|label=1
SEQ_005469|label=1	SEQ_005469|label=1
SEQ_005470|label=1	SEQ_005470|label=1
SEQ_005471|label=0	SEQ_005471|label=0
SEQ_005472|label=1	SEQ_005472|label=1
SEQ_005473|label=0	SEQ_005473|label=0
SEQ_005474|label=1	SEQ_005474|label=1
SEQ_005475|label=1	SEQ_005475|label=1
SEQ_005476|label=1	SEQ_005476|label=1
SEQ_005477|label=1	SEQ_005477|label=1
SEQ_005478|label=1	SEQ_005478|label=1
SEQ_005479|label=0	SEQ_005479|label=0
SEQ_005480|label=0	SEQ_005480|label=0
SEQ_005481|label=0	SEQ_005481|label=0
SEQ_005482|label=1	SEQ_005482|label=1
SEQ_005483|label=1	SEQ_005483|label=1
SEQ_005484|label=1	SEQ_005484|label=1
SEQ_005485|label=1	SEQ_005485|label=1
SEQ_005486|label=1	SEQ_005486|label=1
SEQ_005487|label=1	SEQ_005487|label=1
SEQ_005488|label=0	SEQ_005488|label=0
SEQ_005489|label=0	SEQ_005489|label=0
SEQ_005490|label=1	SEQ_005490|label=1
SEQ_005491|label=0	SEQ_005491|label=0
SEQ_005492|label=1	SEQ_005492|label=1
SEQ_005493|label=0	SEQ_005493|label=0
SEQ_005494|label=1	SEQ_005494|label=1
SEQ_005495|label=0	SEQ_005495|label=0
SEQ_005496|label=0	SEQ_005496|label=0
SEQ_005497|label=0	SEQ_005497|label=0
SEQ_005498|label=1	SEQ_005498|label=1
SEQ_005499|label=1	SEQ_005499|label=1
SEQ_005500|label=0	SEQ_005500|label=0
SEQ_006101|label=0	SEQ_006101|label=0
SEQ_006102|label=0	SEQ_006102|label=0
SEQ_006103|label=1	SEQ_006103|label=1
SEQ_006104|label=1	SEQ_006104|label=1
SEQ_006105|label=0	SEQ_006105|label=0
SEQ_006106|label=1	SEQ_006106|label=1
SEQ_006107|label=1	SEQ_006107|label=1
SEQ_006108|label=1	SEQ_006108|label=1
SEQ_006109|label=0	SEQ_006109|label=0
SEQ_006110|label=0	SEQ_006110|label=0
SEQ_006111|label=0	SEQ_006111|label=0
SEQ_006112|label=1	SEQ_006112|label=1
SEQ_006113|label=0	SEQ_006113|label=0
SEQ_006114|label=1	SEQ_006114|label=1
SEQ_006115|label=1	SEQ_006115|label=1
SEQ_006116|label=0	SEQ_006116|label=0
SEQ_006117|label=1	SEQ_006117|label=1
SEQ_006118|label=1	SEQ_006118|label=1
SEQ_006119|label=1	SEQ_006119|label=1
SEQ_006120|label=1	SEQ_006120|label=1
SEQ_006121|label=1	SEQ_006121|label=1
SEQ_006122|label=1	SEQ_006122|label=1
SEQ_006123|label=0	SEQ_006123|label=0
SEQ_006124|label=0	SEQ_006124|label=0
SEQ_006125|label=1	SEQ_006125|label=1
SEQ_006126|label=0	SEQ_006126|label=0
SEQ_006127|label=0	SEQ_006127|label=0
SEQ_006128|label=0	SEQ_006128|label=0
SEQ_006129|label=0	SEQ_006129|label=0
SEQ_006130|label=1	SEQ_006130|label=1
SEQ_006131|label=0	SEQ_006131|label=0
SEQ_006132|label=1	SEQ_006132|label=1
SEQ_006133|label=0	SEQ_006133|label=0
SEQ_006134|label=1	SEQ_006134|label=1
SEQ_006135|label=0	SEQ_006135|label=0
SEQ_006136|label=1	SEQ_006136|label=1
SEQ_006137|label=0	SEQ_006137|label=0
SEQ_006138|label=0	SEQ_006138|label=0
SEQ_006139|label=0	SEQ_006139|label=0
SEQ_006140|label=1	SEQ_006140|label=1
SEQ_006141|label=1	SEQ_006141|label=1
SEQ_006142|label=1	SEQ_006142|label=1
SEQ_006143|label=1	SEQ_006143|label=1
SEQ_006144|label=0	SEQ_006144|label=0
SEQ_006145|label=0	SEQ_006145|label=0
SEQ_006146|label=1	SEQ_006146|label=1
SEQ_006147|label=0	SEQ_006147|label=0
SEQ_006148|label=1	SEQ_006148|label=1
SEQ_006149|label=1	SEQ_006149|label=1
SEQ_006150|label=1	SEQ_006150|label=1
SEQ_006151|label=1	SEQ_006151|label=1
SEQ_006152|label=0	SEQ_006152|label=0
SEQ_006153|label=0	SEQ_006153|label=0
SEQ_006154|label=1	SEQ_006154|label=1
SEQ_006155|label=1	SEQ_006155|label=1
SEQ_006156|label=1	SEQ_006156|label=1
SEQ_006157|label=0	SEQ_006157|label=0
SEQ_006158|label=1	SEQ_006158|label=1
SEQ_006159|label=1	SEQ_006159|label=1
SEQ_006160|label=1	SEQ_006160|label=1
SEQ_006161|label=1	SEQ_006161|label=1
SEQ_006162|label=1	SEQ_006162|label=1
SEQ_006163|label=1	SEQ_006163|label=1
SEQ_006164|label=1	SEQ_006164|label=1
SEQ_006165|label=1	SEQ_006165|label=1
SEQ_006166|label=0	SEQ_006166|label=0
SEQ_006167|label=1	SEQ_006167|label=1
SEQ_006168|label=1	SEQ_006168|label=1
SEQ_006169|label=0	SEQ_006169|label=0
SEQ_006170|label=1	SEQ_006170|label=1
SEQ_006171|label=0	SEQ_006171|label=0
SEQ_006172|label=1	SEQ_006172|label=1
SEQ_006173|label=0	SEQ_006173|label=0
SEQ_006174|label=1	SEQ_006174|label=1
SEQ_006175|label=1	SEQ_006175|label=1
SEQ_006176|label=1	SEQ_006176|label=1
SEQ_006177|label=1	SEQ_006177|label=1
SEQ_006178|label=1	SEQ_006178|label=1
SEQ_006179|label=1	SEQ_006179|label=1
SEQ_006180|label=0	SEQ_006180|label=0
SEQ_006181|label=0	SEQ_006181|label=0
SEQ_006182|label=0	SEQ_006182|label=0
SEQ_006183|label=1	SEQ_006183|label=1
SEQ_006184|label=1	SEQ_006184|label=1
SEQ_006185|label=0	SEQ_006185|label=0
SEQ_006186|label=1	SEQ_006186|label=1
SEQ_006187|label=1	SEQ_006187|label=1
SEQ_006188|label=1	SEQ_006188|label=1
SEQ_006189|label=0	SEQ_006189|label=0
SEQ_006190|label=1	SEQ_006190|label=1
SEQ_006191|label=1	SEQ_006191|label=1
SEQ_006192|label=0	SEQ_006192|label=0
SEQ_006193|label=0	SEQ_006193|label=0
SEQ_006194|label=1	SEQ_006194|label=1
SEQ_006195|label=1	SEQ_006195|label=1
SEQ_006196|label=1	SEQ_006196|label=1
SEQ_006197|label=0	SEQ_006197|label=0
SEQ_006198|label=0	SEQ_006198|label=0
SEQ_006199|label=0	SEQ_006199|label=0
SEQ_006200|label=0	SEQ_006200|label=0
SEQ_007101|label=0	SEQ_007101|label=0
SEQ_007102|label=0	SEQ_007102|label=0
SEQ_007103|label=0	SEQ_007103|label=0
SEQ_007104|label=1	SEQ_007104|label=1
SEQ_007105|label=1	SEQ_007105|label=1
SEQ_007106|label=1	SEQ_007106|label=1
SEQ_007107|label=0	SEQ_007107|label=0
SEQ_007108|label=0	SEQ_007108|label=0
SEQ_007109|label=1	SEQ_007109|label=1
SEQ_007110|label=0	SEQ_007110|label=0
SEQ_007111|label=0	SEQ_007111|label=0
SEQ_007112|label=0	SEQ_007112|label=0
SEQ_007113|label=0	SEQ_007113|label=0
SEQ_007114|label=0	SEQ_007114|label=0
SEQ_007115|label=0	SEQ_007115|label=0
SEQ_007116|label=1	SEQ_007116|label=1
SEQ_007117|label=0	SEQ_007117|label=0
SEQ_007118|label=1	SEQ_007118|label=1
SEQ_007119|label=0	SEQ_007119|label=0
SEQ_007120|label=0	SEQ_007120|label=0
SEQ_007121|label=1	SEQ_007121|label=1
SEQ_007122|label=1	SEQ_007122|label=1
SEQ_007123|label=0	SEQ_007123|label=0
SEQ_007124|label=0	SEQ_007124|label=0
SEQ_007125|label=1	SEQ_007125|label=1
SEQ_007126|label=0	SEQ_007126|label=0
SEQ_007127|label=0	SEQ_007127|label=0
SEQ_007128|label=0	SEQ_007128|label=0
SEQ_007129|label=1	SEQ_007129|label=1
SEQ_007130|label=1	SEQ_007130|label=1
SEQ_007131|label=1	SEQ_007131|label=1
SEQ_007132|label=1	SEQ_007132|label=1
SEQ_007133|label=0	SEQ_007133|label=0
SEQ_007134|label=0	SEQ_007134|label=0
SEQ_007135|label=1	SEQ_007135|label=1
SEQ_007136|label=0	SEQ_007136|label=0
SEQ_007137|label=0	SEQ_007137|label=0
SEQ_007138|label=1	SEQ_007138|label=1
SEQ_007139|label=1	SEQ_007139|label=1
SEQ_007140|label=0	SEQ_007140|label=0
SEQ_007141|label=0	SEQ_007141|label=0
SEQ_007142|label=1	SEQ_007142|label=1
SEQ_007143|label=1	SEQ_007143|label=1
SEQ_007144|label=0	SEQ_007144|label=0
SEQ_007145|label=0	SEQ_007145|label=0
SEQ_007146|label=1	SEQ_007146|label=1
SEQ_007147|label=0	SEQ_007147|label=0
SEQ_007148|label=0	SEQ_007148|label=0
SEQ_007149|label=0	SEQ_007149|label=0
SEQ_007150|label=1	SEQ_007150|label=1
SEQ_007151|label=0	SEQ_007151|label=0
SEQ_007152|label=1	SEQ_007152|label=1
SEQ_007153|label=1	SEQ_007153|label=1
SEQ_007154|label=1	SEQ_007154|label=1
SEQ_007155|label=1	SEQ_007155|label=1
SEQ_007156|label=1	SEQ_007156|label=1
SEQ_007157|label=0	SEQ_007157|label=0
SEQ_007158|label=1	SEQ_007158|label=1
SEQ_007159|label=1	SEQ_007159|label=1
SEQ_007160|label=1	SEQ_007160|label=1
SEQ_007161|label=1	SEQ_007161|label=1
SEQ_007162|label=0	SEQ_007162|label=0
SEQ_007163|label=1	SEQ_007163|label=1
SEQ_007164|label=0	SEQ_007164|label=0
SEQ_007165|label=1	SEQ_007165|label=1
SEQ_007166|label=0	SEQ_007166|label=0
SEQ_007167|label=0	SEQ_007167|label=0
SEQ_007168|label=0	SEQ_007168|label=0
SEQ_007169|label=1	SEQ_007169|label=1
SEQ_007170|label=1	SEQ_007170|label=1
SEQ_007171|label=0	SEQ_007171|label=0
SEQ_007172|label=1	SEQ_007172|label=1
SEQ_007173|label=0	SEQ_007173|label=0
SEQ_007174|label=1	SEQ_007174|label=1
SEQ_007175|label=0	SEQ_007175|label=0
SEQ_007176|label=1	SEQ_007176|label=1
SEQ_007177|label=1	SEQ_007177|label=1
SEQ_007178|label=0	SEQ_007178|label=0
SEQ_007179|label=0	SEQ_007179|label=0
SEQ_007180|label=1	SEQ_007180|label=1
SEQ_007181|label=1	SEQ_007181|label=1
SEQ_007182|label=0	SEQ_007182|label=0
SEQ_007183|label=0	SEQ_007183|label=0
SEQ_007184|label=0	SEQ_007184|label=0
SEQ_007185|label=1	SEQ_007185|label=1
SEQ_007186|label=0	SEQ_007186|label=0
SEQ_007187|label=1	SEQ_007187|label=1
SEQ_007188|label=0	SEQ_007188|label=0
SEQ_007189|label=0	SEQ_007189|label=0
SEQ_007190|label=1	SEQ_007190|label=1
SEQ_007191|label=0	SEQ_007191|label=0
SEQ_007192|label=1	SEQ_007192|label=1
SEQ_007193|label=1	SEQ_007193|label=1
SEQ_007194|label=1	SEQ_007194|label=1
SEQ_007195|label=0	SEQ_007195|label=0
SEQ_007196|label=0	SEQ_007196|label=0
SEQ_007197|label=0	SEQ_007197|label=0
SEQ_007198|label=0	SEQ_007198|label=0
SEQ_007199|label=1	SEQ_007199|label=1
SEQ_007200|label=1	SEQ_007200|label=1
SEQ_008001|label=0	SEQ_008001|label=0
SEQ_008002|label=1	SEQ_008002|label=1
SEQ_008003|label=0	SEQ_008003|label=0
SEQ_008004|label=1	SEQ_008004|label=1
SEQ_008005|label=1	SEQ_008005|label=1
SEQ_008006|label=1	SEQ_008006|label=1
SEQ_008007|label=1	SEQ_008007|label=1
SEQ_008008|label=0	SEQ_008008|label=0
SEQ_008009|label=1	SEQ_008009|label=1
SEQ_008010|label=0	SEQ_008010|label=0
SEQ_008011|label=1	SEQ_008011|label=1
SEQ_008012|label=0	SEQ_008012|label=0
SEQ_008013|label=0	SEQ_008013|label=0
SEQ_008014|label=1	SEQ_008014|label=1
SEQ_008015|label=1	SEQ_008015|label=1
SEQ_008016|label=0	SEQ_008016|label=0
SEQ_008017|label=1	SEQ_008017|label=1
SEQ_008018|label=1	SEQ_008018|label=1
SEQ_008019|label=1	SEQ_008019|label=1
SEQ_008020|label=1	SEQ_008020|label=1
SEQ_008021|label=0	SEQ_008021|label=0
SEQ_008022|label=0	SEQ_008022|label=0
SEQ_008023|label=0	SEQ_008023|label=0
SEQ_008024|label=1	SEQ_008024|label=1
SEQ_008025|label=0	SEQ_008025|label=0
SEQ_008026|label=1	SEQ_008026|label=1
SEQ_008027|label=1	SEQ_008027|label=1
SEQ_008028|label=0	SEQ_008028|label=0
SEQ_008029|label=1	SEQ_008029|label=1
SEQ_008030|label=0	SEQ_008030|label=0
SEQ_008031|label=0	SEQ_008031|label=0
SEQ_008032|label=1	SEQ_008032|label=1
SEQ_008033|label=0	SEQ_008033|label=0
SEQ_008034|label=1	SEQ_008034|label=1
SEQ_008035|label=1	SEQ_008035|label=1
SEQ_008036|label=0	SEQ_008036|label=0
SEQ_008037|label=1	SEQ_008037|label=1
SEQ_008038|label=0	SEQ_008038|label=0
SEQ_008039|label=0	SEQ_008039|label=0
SEQ_008040|label=1	SEQ_008040|label=1
SEQ_008041|label=0	SEQ_008041|label=0
SEQ_008042|label=0	SEQ_008042|label=0
SEQ_008043|label=0	SEQ_008043|label=0
SEQ_008044|label=0	SEQ_008044|label=0
SEQ_008045|label=0	SEQ_008045|label=0
SEQ_008046|label=0	SEQ_008046|label=0
SEQ_008047|label=0	SEQ_008047|label=0
SEQ_008048|label=0	SEQ_008048|label=0
SEQ_008049|label=1	SEQ_008049|label=1
SEQ_008050|label=0	SEQ_008050|label=0
SEQ_008051|label=1	SEQ_008051|label=1
SEQ_008052|label=0	SEQ_008052|label=0
SEQ_008053|label=1	SEQ_008053|label=1
SEQ_008054|label=0	SEQ_008054|label=0
SEQ_008055|label=0	SEQ_008055|label=0
SEQ_008056|label=0	SEQ_008056|label=0
SEQ_008057|label=1	SEQ_008057|label=1
SEQ_008058|label=1	SEQ_008058|label=1
SEQ_008059|label=0	SEQ_008059|label=0
SEQ_008060|label=0	SEQ_008060|label=0
SEQ_008061|label=1	SEQ_008061|label=1
SEQ_008062|label=1	SEQ_008062|label=1
SEQ_008063|label=1	SEQ_008063|label=1
SEQ_008064|label=1	SEQ_008064|label=1
SEQ_008065|label=1	SEQ_008065|label=1
SEQ_008066|label=1	SEQ_008066|label=1
SEQ_008067|label=0	SEQ_008067|label=0
SEQ_008068|label=1	SEQ_008068|label=1
SEQ_008069|label=1	SEQ_008069|label=1
SEQ_008070|label=0	SEQ_008070|label=0
SEQ_008071|label=0	SEQ_008071|label=0
SEQ_008072|label=0	SEQ_008072|label=0
SEQ_008073|label=0	SEQ_008073|label=0
SEQ_008074|label=0	SEQ_008074|label=0
SEQ_008075|label=0	SEQ_008075|label=0
SEQ_008076|label=1	SEQ_008076|label=1
SEQ_008077|label=1	SEQ_008077|label=1
SEQ_008078|label=0	SEQ_008078|label=0
SEQ_008079|label=1	SEQ_008079|label=1
SEQ_008080|label=1	SEQ_008080|label=1
SEQ_008081|label=0	SEQ_008081|label=0
SEQ_008082|label=0	SEQ_008082|label=0
SEQ_008083|label=0	SEQ_008083|label=0
SEQ_008084|label=0	SEQ_008084|label=0
SEQ_008085|label=0	SEQ_008085|label=0
SEQ_008086|label=0	SEQ_008086|label=0
SEQ_008087|label=0	SEQ_008087|label=0
SEQ_008088|label=0	SEQ_008088|label=0
SEQ_008089|label=1	SEQ_008089|label=1
SEQ_008090|label=1	SEQ_008090|label=1
SEQ_008091|label=1	SEQ_008091|label=1
SEQ_008092|label=1	SEQ_008092|label=1
SEQ_008093|label=1	SEQ_008093|label=1
SEQ_008094|label=0	SEQ_008094|label=0
SEQ_008095|label=1	SEQ_008095|label=1
SEQ_008096|label=0	SEQ_008096|label=0
SEQ_008097|label=1	SEQ_008097|label=1
SEQ_008098|label=1	SEQ_008098|label=1
SEQ_008099|label=0	SEQ_008099|label=0
SEQ_008100|label=1	SEQ_008100|label=1
SEQ_008601|label=1	SEQ_008601|label=1
SEQ_008602|label=0	SEQ_008602|label=0
SEQ_008603|label=0	SEQ_008603|label=0
SEQ_008604|label=0	SEQ_008604|label=0
SEQ_008605|label=1	SEQ_008605|label=1
SEQ_008606|label=1	SEQ_008606|label=1
SEQ_008607|label=1	SEQ_008607|label=1
SEQ_008608|label=0	SEQ_008608|label=0
SEQ_008609|label=0	SEQ_008609|label=0
SEQ_008610|label=0	SEQ_008610|label=0
SEQ_008611|label=1	SEQ_008611|label=1
SEQ_008612|label=1	SEQ_008612|label=1
SEQ_008613|label=1	SEQ_008613|label=1
SEQ_008614|label=1	SEQ_008614|label=1
SEQ_008615|label=0	SEQ_008615|label=0
SEQ_008616|label=1	SEQ_008616|label=1
SEQ_008617|label=1	SEQ_008617|label=1
SEQ_008618|label=1	SEQ_008618|label=1
SEQ_008619|label=0	SEQ_008619|label=0
SEQ_008620|label=0	SEQ_008620|label=0
SEQ_008621|label=0	SEQ_008621|label=0
SEQ_008622|label=0	SEQ_008622|label=0
SEQ_008623|label=0	SEQ_008623|label=0
SEQ_008624|label=1	SEQ_008624|label=1
SEQ_008625|label=0	SEQ_008625|label=0
SEQ_008626|label=1	SEQ_008626|label=1
SEQ_008627|label=0	SEQ_008627|label=0
SEQ_008628|label=0	SEQ_008628|label=0
SEQ_008629|label=0	SEQ_008629|label=0
SEQ_008630|label=1	SEQ_008630|label=1
SEQ_008631|label=1	SEQ_008631|label=1
SEQ_008632|label=1	SEQ_008632|label=1
SEQ_008633|label=1	SEQ_008633|label=1
SEQ_008634|label=1	SEQ_008634|label=1
SEQ_008635|label=0	SEQ_008635|label=0
SEQ_008636|label=1	SEQ_008636|label=1
SEQ_008637|label=1	SEQ_008637|label=1
SEQ_008638|label=1	SEQ_008638|label=1
SEQ_008639|label=0	SEQ_008639|label=0
SEQ_008640|label=1	SEQ_008640|label=1
SEQ_008641|label=1	SEQ_008641|label=1
SEQ_008642|label=0	SEQ_008642|label=0
SEQ_008643|label=1	SEQ_008643|label=1
SEQ_008644|label=1	SEQ_008644|label=1
SEQ_008645|label=0	SEQ_008645|label=0
SEQ_008646|label=0	SEQ_008646|label=0
SEQ_008647|label=1	SEQ_008647|label=1
SEQ_008648|label=0	SEQ_008648|label=0
SEQ_008649|label=0	SEQ_008649|label=0
SEQ_008650|label=0	SEQ_008650|label=0
SEQ_008651|label=0	SEQ_008651|label=0
SEQ_008652|label=1	SEQ_008652|label=1
SEQ_008653|label=1	SEQ_008653|label=1
SEQ_008654|label=1	SEQ_008654|label=1
SEQ_008655|label=1	SEQ_008655|label=1
SEQ_008656|label=1	SEQ_008656|label=1
SEQ_008657|label=1	SEQ_008657|label=1
SEQ_008658|label=0	SEQ_008658|label=0
SEQ_008659|label=1	SEQ_008659|label=1
SEQ_008660|label=1	SEQ_008660|label=1
SEQ_008661|label=1	SEQ_008661|label=1
SEQ_008662|label=1	SEQ_008662|label=1
SEQ_008663|label=1	SEQ_008663|label=1
SEQ_008664|label=1	SEQ_008664|label=1
SEQ_008665|label=1	SEQ_008665|label=1
SEQ_008666|label=1	SEQ_008666|label=1
SEQ_008667|label=0	SEQ_008667|label=0
SEQ_008668|label=0	SEQ_008668|label=0
SEQ_008669|label=0	SEQ_008669|label=0
SEQ_008670|label=1	SEQ_008670|label=1
SEQ_008671|label=0	SEQ_008671|label=0
SEQ_008672|label=0	SEQ_008672|label=0
SEQ_008673|label=0	SEQ_008673|label=0
SEQ_008674|label=0	SEQ_008674|label=0
SEQ_008675|label=0	SEQ_008675|label=0
SEQ_008676|label=1	SEQ_008676|label=1
SEQ_008677|label=1	SEQ_008677|label=1
SEQ_008678|label=1	SEQ_008678|label=1
SEQ_008679|label=0	SEQ_008679|label=0
SEQ_008680|label=0	SEQ_008680|label=0
SEQ_008681|label=1	SEQ_008681|label=1
SEQ_008682|label=1	SEQ_008682|label=1
SEQ_008683|label=1	SEQ_008683|label=1
SEQ_008684|label=1	SEQ_008684|label=1
SEQ_008685|label=1	SEQ_008685|label=1
SEQ_008686|label=1	SEQ_008686|label=1
SEQ_008687|label=0	SEQ_008687|label=0
SEQ_008688|label=0	SEQ_008688|label=0
SEQ_008689|label=0	SEQ_008689|label=0
SEQ_008690|label=0	SEQ_008690|label=0
SEQ_008691|label=0	SEQ_008691|label=0
SEQ_008692|label=0	SEQ_008692|label=0
SEQ_008693|label=1	SEQ_008693|label=1
SEQ_008694|label=0	SEQ_008694|label=0
SEQ_008695|label=1	SEQ_008695|label=1
SEQ_008696|label=0	SEQ_008696|label=0
SEQ_008697|label=1	SEQ_008697|label=1
SEQ_008698|label=0	SEQ_008698|label=0
SEQ_008699|label=1	SEQ_008699|label=1
SEQ_008700|label=1	SEQ_008700|label=1
SEQ_009401|label=0	SEQ_009401|label=0
SEQ_009402|label=1	SEQ_009402|label=1
SEQ_009403|label=0	SEQ_009403|label=0
SEQ_009404|label=1	SEQ_009404|label=1
SEQ_009405|label=0	SEQ_009405|label=0
SEQ_009406|label=1	SEQ_009406|label=1
SEQ_009407|label=1	SEQ_009407|label=1
SEQ_009408|label=1	SEQ_009408|label=1
SEQ_009409|label=0	SEQ_009409|label=0
SEQ_009410|label=1	SEQ_009410|label=1
SEQ_009411|label=1	SEQ_009411|label=1
SEQ_009412|label=1	SEQ_009412|label=1
SEQ_009413|label=1	SEQ_009413|label=1
SEQ_009414|label=0	SEQ_009414|label=0
SEQ_009415|label=1	SEQ_009415|label=1
SEQ_009416|label=0	SEQ_009416|label=0
SEQ_009417|label=1	SEQ_009417|label=1
SEQ_009418|label=1	SEQ_009418|label=1
SEQ_009419|label=0	SEQ_009419|label=0
SEQ_009420|label=0	SEQ_009420|label=0
SEQ_009421|label=0	SEQ_009421|label=0
SEQ_009422|label=1	SEQ_009422|label=1
SEQ_009423|label=1	SEQ_009423|label=1
SEQ_009424|label=0	SEQ_009424|label=0
SEQ_009425|label=0	SEQ_009425|label=0
SEQ_009426|label=1	SEQ_009426|label=1
SEQ_009427|label=1	SEQ_009427|label=1
SEQ_009428|label=0	SEQ_009428|label=0
SEQ_009429|label=0	SEQ_009429|label=0
SEQ_009430|label=1	SEQ_009430|label=1
SEQ_009431|label=0	SEQ_009431|label=0
SEQ_009432|label=1	SEQ_009432|label=1
SEQ_009433|label=0	SEQ_009433|label=0
SEQ_009434|label=1	SEQ_009434|label=1
SEQ_009435|label=0	SEQ_009435|label=0
SEQ_009436|label=1	SEQ_009436|label=1
SEQ_009437|label=1	SEQ_009437|label=1
SEQ_009438|label=1	SEQ_009438|label=1
SEQ_009439|label=0	SEQ_009439|label=0
SEQ_009440|label=0	SEQ_009440|label=0
SEQ_009441|label=1	SEQ_009441|label=1
SEQ_009442|label=0	SEQ_009442|label=0
SEQ_009443|label=0	SEQ_009443|label=0
SEQ_009444|label=1	SEQ_009444|label=1
SEQ_009445|label=0	SEQ_009445|label=0
SEQ_009446|label=0	SEQ_009446|label=0
SEQ_009447|label=0	SEQ_009447|label=0
SEQ_009448|label=1	SEQ_009448|label=1
SEQ_009449|label=1	SEQ_009449|label=1
SEQ_009450|label=1	SEQ_009450|label=1
SEQ_009451|label=0	SEQ_009451|label=0
SEQ_009452|label=1	SEQ_009452|label=1
SEQ_009453|label=0	SEQ_009453|label=0
SEQ_009454|label=0	SEQ_009454|label=0
SEQ_009455|label=0	SEQ_009455|label=0
SEQ_009456|label=1	SEQ_009456|label=1
SEQ_009457|label=0	SEQ_009457|label=0
SEQ_009458|label=0	SEQ_009458|label=0
SEQ_009459|label=1	SEQ_009459|label=1
SEQ_009460|label=1	SEQ_009460|label=1
SEQ_009461|label=1	SEQ_009461|label=1
SEQ_009462|label=0	SEQ_009462|label=0
SEQ_009463|label=1	SEQ_009463|label=1
SEQ_009464|label=1	SEQ_009464|label=1
SEQ_009465|label=0	SEQ_009465|label=0
SEQ_009466|label=1	SEQ_009466|label=1
SEQ_009467|label=0	SEQ_009467|label=0
SEQ_009468|label=0	SEQ_009468|label=0
SEQ_009469|label=0	SEQ_009469|label=0
SEQ_009470|label=0	SEQ_009470|label=0
SEQ_009471|label=0	SEQ_009471|label=0
SEQ_009472|label=1	SEQ_009472|label=1
SEQ_009473|label=1	SEQ_009473|label=1
SEQ_009474|label=1	SEQ_009474|label=1
SEQ_009475|label=0	SEQ_009475|label=0
SEQ_009476|label=1	SEQ_009476|label=1
SEQ_009477|label=0	SEQ_009477|label=0
SEQ_009478|label=1	SEQ_009478|label=1
SEQ_009479|label=1	SEQ_009479|label=1
SEQ_009480|label=0	SEQ_009480|label=0
SEQ_009481|label=0	SEQ_009481|label=0
SEQ_009482|label=1	SEQ_009482|label=1
SEQ_009483|label=1	SEQ_009483|label=1
SEQ_009484|label=0	SEQ_009484|label=0
SEQ_009485|label=1	SEQ_009485|label=1
SEQ_009486|label=0	SEQ_009486|label=0
SEQ_009487|label=0	SEQ_009487|label=0
SEQ_009488|label=1	SEQ_009488|label=1
SEQ_009489|label=1	SEQ_009489|label=1
SEQ_009490|label=0	SEQ_009490|label=0
SEQ_009491|label=0	SEQ_009491|label=0
SEQ_009492|label=1	SEQ_009492|label=1
SEQ_009493|label=1	SEQ_009493|label=1
SEQ_009494|label=1	SEQ_009494|label=1
SEQ_009495|label=1	SEQ_009495|label=1
SEQ_009496|label=1	SEQ_009496|label=1
SEQ_009497|label=1	SEQ_009497|label=1
SEQ_009498|label=0	SEQ_009498|label=0
SEQ_009499|label=0	SEQ_009499|label=0
SEQ_009500|label=0	SEQ_009500|label=0
SEQ_010301|label=0	SEQ_010301|label=0
SEQ_010302|label=1	SEQ_010302|label=1
SEQ_010303|label=0	SEQ_010303|label=0
SEQ_010304|label=0	SEQ_010304|label=0
SEQ_010305|label=1	SEQ_010305|label=1
SEQ_010306|label=0	SEQ_010306|label=0
SEQ_010307|label=0	SEQ_010307|label=0
SEQ_010308|label=1	SEQ_010308|label=1
SEQ_010309|label=1	SEQ_010309|label=1
SEQ_010310|label=1	SEQ_010310|label=1
SEQ_010311|label=1	SEQ_010311|label=1
SEQ_010312|label=1	SEQ_010312|label=1
SEQ_010313|label=0	SEQ_010313|label=0
SEQ_010314|label=1	SEQ_010314|label=1
SEQ_010315|label=1	SEQ_010315|label=1
SEQ_010316|label=1	SEQ_010316|label=1
SEQ_010317|label=1	SEQ_010317|label=1
SEQ_010318|label=0	SEQ_010318|label=0
SEQ_010319|label=0	SEQ_010319|label=0
SEQ_010320|label=1	SEQ_010320|label=1
SEQ_010321|label=0	SEQ_010321|label=0
SEQ_010322|label=0	SEQ_010322|label=0
SEQ_010323|label=0	SEQ_010323|label=0
SEQ_010324|label=1	SEQ_010324|label=1
SEQ_010325|label=0	SEQ_010325|label=0
SEQ_010326|label=0	SEQ_010326|label=0
SEQ_010327|label=1	SEQ_010327|label=1
SEQ_010328|label=0	SEQ_010328|label=0
SEQ_010329|label=1	SEQ_010329|label=1
SEQ_010330|label=1	SEQ_010330|label=1
SEQ_010331|label=0	SEQ_010331|label=0
SEQ_010332|label=1	SEQ_010332|label=1
SEQ_010333|label=1	SEQ_010333|label=1
SEQ_010334|label=1	SEQ_010334|label=1
SEQ_010335|label=1	SEQ_010335|label=1
SEQ_010336|label=0	SEQ_010336|label=0
SEQ_010337|label=1	SEQ_010337|label=1
SEQ_010338|label=1	SEQ_010338|label=1
SEQ_010339|label=0	SEQ_010339|label=0
SEQ_010340|label=1	SEQ_010340|label=1
SEQ_010341|label=0	SEQ_010341|label=0
SEQ_010342|label=0	SEQ_010342|label=0
SEQ_010343|label=1	SEQ_010343|label=1
SEQ_010344|label=0	SEQ_010344|label=0
SEQ_010345|label=1	SEQ_010345|label=1
SEQ_010346|label=0	SEQ_010346|label=0
SEQ_010347|label=1	SEQ_010347|label=1
SEQ_010348|label=1	SEQ_010348|label=1
SEQ_010349|label=1	SEQ_010349|label=1
SEQ_010350|label=0	SEQ_010350|label=0
SEQ_010351|label=0	SEQ_010351|label=0
SEQ_010352|label=1	SEQ_010352|label=1
SEQ_010353|label=1	SEQ_010353|label=1
SEQ_010354|label=0	SEQ_010354|label=0
SEQ_010355|label=1	SEQ_010355|label=1
SEQ_010356|label=1	SEQ_010356|label=1
SEQ_010357|label=0	SEQ_010357|label=0
SEQ_010358|label=0	SEQ_010358|label=0
SEQ_010359|label=0	SEQ_010359|label=0
SEQ_010360|label=1	SEQ_010360|label=1
SEQ_010361|label=1	SEQ_010361|label=1
SEQ_010362|label=1	SEQ_010362|label=1
SEQ_010363|label=0	SEQ_010363|label=0
SEQ_010364|label=0	SEQ_010364|label=0
SEQ_010365|label=0	SEQ_010365|label=0
SEQ_010366|label=1	SEQ_010366|label=1
SEQ_010367|label=0	SEQ_010367|label=0
SEQ_010368|label=0	SEQ_010368|label=0
SEQ_010369|label=1	SEQ_010369|label=1
SEQ_010370|label=1	SEQ_010370|label=1
SEQ_010371|label=0	SEQ_010371|label=0
SEQ_010372|label=1	SEQ_010372|label=1
SEQ_010373|label=0	SEQ_010373|label=0
SEQ_010374|label=0	SEQ_010374|label=0
SEQ_010375|label=1	SEQ_010375|label=1
SEQ_010376|label=1	SEQ_010376|label=1
SEQ_010377|label=0	SEQ_010377|label=0
SEQ_010378|label=0	SEQ_010378|label=0
SEQ_010379|label=1	SEQ_010379|label=1
SEQ_010380|label=1	SEQ_010380|label=1
SEQ_010381|label=1	SEQ_010381|label=1
SEQ_010382|label=0	SEQ_010382|label=0
SEQ_010383|label=1	SEQ_010383|label=1
SEQ_010384|label=1	SEQ_010384|label=1
SEQ_010385|label=0	SEQ_010385|label=0
SEQ_010386|label=1	SEQ_010386|label=1
SEQ_010387|label=1	SEQ_010387|label=1
SEQ_010388|label=1	SEQ_010388|label=1
SEQ_010389|label=0	SEQ_010389|label=0
SEQ_010390|label=0	SEQ_010390|label=0
SEQ_010391|label=0	SEQ_010391|label=0
SEQ_010392|label=0	SEQ_010392|label=0
SEQ_010393|label=0	SEQ_010393|label=0
SEQ_010394|label=0	SEQ_010394|label=0
SEQ_010395|label=0	SEQ_010395|label=0
SEQ_010396|label=1	SEQ_010396|label=1
SEQ_010397|label=0	SEQ_010397|label=0
SEQ_010398|label=0	SEQ_010398|label=0
SEQ_010399|label=0	SEQ_010399|label=0
SEQ_010400|label=0	SEQ_010400|label=0
SEQ_011001|label=1	SEQ_011001|label=1
SEQ_011002|label=1	SEQ_011002|label=1
SEQ_011003|label=0	SEQ_011003|label=0
SEQ_011004|label=1	SEQ_011004|label=1
SEQ_011005|label=1	SEQ_011005|label=1
SEQ_011006|label=1	SEQ_011006|label=1
SEQ_011007|label=1	SEQ_011007|label=1
SEQ_011008|label=1	SEQ_011008|label=1
SEQ_011009|label=1	SEQ_011009|label=1
SEQ_011010|label=0	SEQ_011010|label=0
SEQ_011011|label=1	SEQ_011011|label=1
SEQ_011012|label=1	SEQ_011012|label=1
SEQ_011013|label=0	SEQ_011013|label=0
SEQ_011014|label=1	SEQ_011014|label=1
SEQ_011015|label=0	SEQ_011015|label=0
SEQ_011016|label=0	SEQ_011016|label=0
SEQ_011017|label=0	SEQ_011017|label=0
SEQ_011018|label=0	SEQ_011018|label=0
SEQ_011019|label=0	SEQ_011019|label=0
SEQ_011020|label=1	SEQ_011020|label=1
SEQ_011021|label=0	SEQ_011021|label=0
SEQ_011022|label=1	SEQ_011022|label=1
SEQ_011023|label=0	SEQ_011023|label=0
SEQ_011024|label=1	SEQ_011024|label=1
SEQ_011025|label=0	SEQ_011025|label=0
SEQ_011026|label=0	SEQ_011026|label=0
SEQ_011027|label=1	SEQ_011027|label=1
SEQ_011028|label=0	SEQ_011028|label=0
SEQ_011029|label=1	SEQ_011029|label=1
SEQ_011030|label=0	SEQ_011030|label=0
SEQ_011031|label=1	SEQ_011031|label=1
SEQ_011032|label=0	SEQ_011032|label=0
SEQ_011033|label=1	SEQ_011033|label=1
SEQ_011034|label=0	SEQ_011034|label=0
SEQ_011035|label=0	SEQ_011035|label=0
SEQ_011036|label=1	SEQ_011036|label=1
SEQ_011037|label=0	SEQ_011037|label=0
SEQ_011038|label=1	SEQ_011038|label=1
SEQ_011039|label=0	SEQ_011039|label=0
SEQ_011040|label=0	SEQ_011040|label=0
SEQ_011041|label=0	SEQ_011041|label=0
SEQ_011042|label=1	SEQ_011042|label=1
SEQ_011043|label=1	SEQ_011043|label=1
SEQ_011044|label=1	SEQ_011044|label=1
SEQ_011045|label=0	SEQ_011045|label=0
SEQ_011046|label=0	SEQ_011046|label=0
SEQ_011047|label=0	SEQ_011047|label=0
SEQ_011048|label=1	SEQ_011048|label=1
SEQ_011049|label=0	SEQ_011049|label=0
SEQ_011050|label=0	SEQ_011050|label=0
SEQ_011051|label=0	SEQ_011051|label=0
SEQ_011052|label=0	SEQ_011052|label=0
SEQ_011053|label=1	SEQ_011053|label=1
SEQ_011054|label=0	SEQ_011054|label=0
SEQ_011055|label=0	SEQ_011055|label=0
SEQ_011056|label=0	SEQ_011056|label=0
SEQ_011057|label=0	SEQ_011057|label=0
SEQ_011058|label=1	SEQ_011058|label=1
SEQ_011059|label=1	SEQ_011059|label=1
SEQ_011060|label=1	SEQ_011060|label=1
SEQ_011061|label=1	SEQ_011061|label=1
SEQ_011062|label=1	SEQ_011062|label=1
SEQ_011063|label=1	SEQ_011063|label=1
SEQ_011064|label=0	SEQ_011064|label=0
SEQ_011065|label=0	SEQ_011065|label=0
SEQ_011066|label=0	SEQ_011066|label=0
SEQ_011067|label=1	SEQ_011067|label=1
SEQ_011068|label=1	SEQ_011068|label=1
SEQ_011069|label=1	SEQ_011069|label=1
SEQ_011070|label=0	SEQ_011070|label=0
SEQ_011071|label=0	SEQ_011071|label=0
SEQ_011072|label=1	SEQ_011072|label=1
SEQ_011073|label=0	SEQ_011073|label=0
SEQ_011074|label=1	SEQ_011074|label=1
SEQ_011075|label=1	SEQ_011075|label=1
SEQ_011076|label=1	SEQ_011076|label=1
SEQ_011077|label=1	SEQ_011077|label=1
SEQ_011078|label=0	SEQ_011078|label=0
SEQ_011079|label=0	SEQ_011079|label=0
SEQ_011080|label=1	SEQ_011080|label=1
SEQ_011081|label=0	SEQ_011081|label=0
SEQ_011082|label=0	SEQ_011082|label=0
SEQ_011083|label=0	SEQ_011083|label=0
SEQ_011084|label=0	SEQ_011084|label=0
SEQ_011085|label=1	SEQ_011085|label=1
SEQ_011086|label=1	SEQ_011086|label=1
SEQ_011087|label=0	SEQ_011087|label=0
SEQ_011088|label=1	SEQ_011088|label=1
SEQ_011089|label=1	SEQ_011089|label=1
SEQ_011090|label=1	SEQ_011090|label=1
SEQ_011091|label=1	SEQ_011091|label=1
SEQ_011092|label=1	SEQ_011092|label=1
SEQ_011093|label=1	SEQ_011093|label=1
SEQ_011094|label=0	SEQ_011094|label=0
SEQ_011095|label=1	SEQ_011095|label=1
SEQ_011096|label=0	SEQ_011096|label=0
SEQ_011097|label=1	SEQ_011097|label=1
SEQ_011098|label=0	SEQ_011098|label=0
SEQ_011099|label=1	SEQ_011099|label=1
SEQ_011100|label=0	SEQ_011100|label=0
SEQ_000201|label=0	SEQ_000201|label=0
SEQ_000202|label=1	SEQ_000202|label=1
SEQ_000203|label=0	SEQ_000203|label=0
SEQ_000204|label=1	SEQ_000204|label=1
SEQ_000205|label=1	SEQ_000205|label=1
SEQ_000206|label=0	SEQ_000206|label=0
SEQ_000207|label=0	SEQ_000207|label=0
SEQ_000208|label=1	SEQ_000208|label=1
SEQ_000209|label=1	SEQ_000209|label=1
SEQ_000210|label=1	SEQ_000210|label=1
SEQ_000211|label=1	SEQ_000211|label=1
SEQ_000212|label=0	SEQ_000212|label=0
SEQ_000213|label=0	SEQ_000213|label=0
SEQ_000214|label=1	SEQ_000214|label=1
SEQ_000215|label=0	SEQ_000215|label=0
SEQ_000216|label=0	SEQ_000216|label=0
SEQ_000217|label=1	SEQ_000217|label=1
SEQ_000218|label=0	SEQ_000218|label=0
SEQ_000219|label=1	SEQ_000219|label=1
SEQ_000220|label=0	SEQ_000220|label=0
SEQ_000221|label=0	SEQ_000221|label=0
SEQ_000222|label=0	SEQ_000222|label=0
SEQ_000223|label=0	SEQ_000223|label=0
SEQ_000224|label=1	SEQ_000224|label=1
SEQ_000225|label=0	SEQ_000225|label=0
SEQ_000226|label=1	SEQ_000226|label=1
SEQ_000227|label=1	SEQ_000227|label=1
SEQ_000228|label=1	SEQ_000228|label=1
SEQ_000229|label=1	SEQ_000229|label=1
SEQ_000230|label=0	SEQ_000230|label=0
SEQ_000231|label=0	SEQ_000231|label=0
SEQ_000232|label=0	SEQ_000232|label=0
SEQ_000233|label=0	SEQ_000233|label=0
SEQ_000234|label=0	SEQ_000234|label=0
SEQ_000235|label=0	SEQ_000235|label=0
SEQ_000236|label=1	SEQ_000236|label=1
SEQ_000237|label=1	SEQ_000237|label=1
SEQ_000238|label=0	SEQ_000238|label=0
SEQ_000239|label=0	SEQ_000239|label=0
SEQ_000240|label=1	SEQ_000240|label=1
SEQ_000241|label=0	SEQ_000241|label=0
SEQ_000242|label=1	SEQ_000242|label=1
SEQ_000243|label=1	SEQ_000243|label=1
SEQ_000244|label=0	SEQ_000244|label=0
SEQ_000245|label=1	SEQ_000245|label=1
SEQ_000246|label=0	SEQ_000246|label=0
SEQ_000247|label=0	SEQ_000247|label=0
SEQ_000248|label=1	SEQ_000248|label=1
SEQ_000249|label=0	SEQ_000249|label=0
SEQ_000250|label=1	SEQ_000250|label=1
SEQ_000251|label=0	SEQ_000251|label=0
SEQ_000252|label=1	SEQ_000252|label=1
SEQ_000253|label=0	SEQ_000253|label=0
SEQ_000254|label=1	SEQ_000254|label=1
SEQ_000255|label=1	SEQ_000255|label=1
SEQ_000256|label=0	SEQ_000256|label=0
SEQ_000257|label=1	SEQ_000257|label=1
SEQ_000258|label=0	SEQ_000258|label=0
SEQ_000259|label=1	SEQ_000259|label=1
SEQ_000260|label=1	SEQ_000260|label=1
SEQ_000261|label=1	SEQ_000261|label=1
SEQ_000262|label=0	SEQ_000262|label=0
SEQ_000263|label=1	SEQ_000263|label=1
SEQ_000264|label=0	SEQ_000264|label=0
SEQ_000265|label=0	SEQ_000265|label=0
SEQ_000266|label=0	SEQ_000266|label=0
SEQ_000267|label=0	SEQ_000267|label=0
SEQ_000268|label=0	SEQ_000268|label=0
SEQ_000269|label=1	SEQ_000269|label=1
SEQ_000270|label=1	SEQ_000270|label=1
SEQ_000271|label=0	SEQ_000271|label=0
SEQ_000272|label=0	SEQ_000272|label=0
SEQ_000273|label=0	SEQ_000273|label=0
SEQ_000274|label=0	SEQ_000274|label=0
SEQ_000275|label=0	SEQ_000275|label=0
SEQ_000276|label=1	SEQ_000276|label=1
SEQ_000277|label=0	SEQ_000277|label=0
SEQ_000278|label=0	SEQ_000278|label=0
SEQ_000279|label=0	SEQ_000279|label=0
SEQ_000280|label=0	SEQ_000280|label=0
SEQ_000281|label=1	SEQ_000281|label=1
SEQ_000282|label=1	SEQ_000282|label=1
SEQ_000283|label=1	SEQ_000283|label=1
SEQ_000284|label=1	SEQ_000284|label=1
SEQ_000285|label=0	SEQ_000285|label=0
SEQ_000286|label=1	SEQ_000286|label=1
SEQ_000287|label=1	SEQ_000287|label=1
SEQ_000288|label=1	SEQ_000288|label=1
SEQ_000289|label=1	SEQ_000289|label=1
SEQ_000290|label=1	SEQ_000290|label=1
SEQ_000291|label=0	SEQ_000291|label=0
SEQ_000292|label=0	SEQ_000292|label=0
SEQ_000293|label=0	SEQ_000293|label=0
SEQ_000294|label=1	SEQ_000294|label=1
SEQ_000295|label=1	SEQ_000295|label=1
SEQ_000296|label=0	SEQ_000296|label=0
SEQ_000297|label=0	SEQ_000297|label=0
SEQ_000298|label=0	SEQ_000298|label=0
SEQ_000299|label=0	SEQ_000299|label=0
SEQ_000300|label=0	SEQ_000300|label=0
SEQ_000501|label=1	SEQ_000501|label=1
SEQ_000502|label=0	SEQ_000502|label=0
SEQ_000503|label=1	SEQ_000503|label=1
SEQ_000504|label=1	SEQ_000504|label=1
SEQ_000505|label=1	SEQ_000505|label=1
SEQ_000506|label=1	SEQ_000506|label=1
SEQ_000507|label=0	SEQ_000507|label=0
SEQ_000508|label=1	SEQ_000508|label=1
SEQ_000509|label=1	SEQ_000509|label=1
SEQ_000510|label=0	SEQ_000510|label=0
SEQ_000511|label=0	SEQ_000511|label=0
SEQ_000512|label=1	SEQ_000512|label=1
SEQ_000513|label=1	SEQ_000513|label=1
SEQ_000514|label=1	SEQ_000514|label=1
SEQ_000515|label=0	SEQ_000515|label=0
SEQ_000516|label=1	SEQ_000516|label=1
SEQ_000517|label=1	SEQ_000517|label=1
SEQ_000518|label=0	SEQ_000518|label=0
SEQ_000519|label=1	SEQ_000519|label=1
SEQ_000520|label=1	SEQ_000520|label=1
SEQ_000521|label=1	SEQ_000521|label=1
SEQ_000522|label=0	SEQ_000522|label=0
SEQ_000523|label=0	SEQ_000523|label=0
SEQ_000524|label=1	SEQ_000524|label=1
SEQ_000525|label=0	SEQ_000525|label=0
SEQ_000526|label=1	SEQ_000526|label=1
SEQ_000527|label=1	SEQ_000527|label=1
SEQ_000528|label=0	SEQ_000528|label=0
SEQ_000529|label=0	SEQ_000529|label=0
SEQ_000530|label=1	SEQ_000530|label=1
SEQ_000531|label=1	SEQ_000531|label=1
SEQ_000532|label=1	SEQ_000532|label=1
SEQ_000533|label=0	SEQ_000533|label=0
SEQ_000534|label=0	SEQ_000534|label=0
SEQ_000535|label=1	SEQ_000535|label=1
SEQ_000536|label=0	SEQ_000536|label=0
SEQ_000537|label=0	SEQ_000537|label=0
SEQ_000538|label=1	SEQ_000538|label=1
SEQ_000539|label=0	SEQ_000539|label=0
SEQ_000540|label=0	SEQ_000540|label=0
SEQ_000541|label=1	SEQ_000541|label=1
SEQ_000542|label=0	SEQ_000542|label=0
SEQ_000543|label=0	SEQ_000543|label=0
SEQ_000544|label=1	SEQ_000544|label=1
SEQ_000545|label=1	SEQ_000545|label=1
SEQ_000546|label=1	SEQ_000546|label=1
SEQ_000547|label=1	SEQ_000547|label=1
SEQ_000548|label=1	SEQ_000548|label=1
SEQ_000549|label=1	SEQ_000549|label=1
SEQ_000550|label=0	SEQ_000550|label=0
SEQ_000551|label=1	SEQ_000551|label=1
SEQ_000552|label=1	SEQ_000552|label=1
SEQ_000553|label=1	SEQ_000553|label=1
SEQ_000554|label=0	SEQ_000554|label=0
SEQ_000555|label=0	SEQ_000555|label=0
SEQ_000556|label=1	SEQ_000556|label=1
SEQ_000557|label=1	SEQ_000557|label=1
SEQ_000558|label=1	SEQ_000558|label=1
SEQ_000559|label=0	SEQ_000559|label=0
SEQ_000560|label=1	SEQ_000560|label=1
SEQ_000561|label=0	SEQ_000561|label=0
SEQ_000562|label=0	SEQ_000562|label=0
SEQ_000563|label=0	SEQ_000563|label=0
SEQ_000564|label=0	SEQ_000564|label=0
SEQ_000565|label=1	SEQ_000565|label=1
SEQ_000566|label=1	SEQ_000566|label=1
SEQ_000567|label=1	SEQ_000567|label=1
SEQ_000568|label=0	SEQ_000568|label=0
SEQ_000569|label=0	SEQ_000569|label=0
SEQ_000570|label=1	SEQ_000570|label=1
SEQ_000571|label=0	SEQ_000571|label=0
SEQ_000572|label=1	SEQ_000572|label=1
SEQ_000573|label=0	SEQ_000573|label=0
SEQ_000574|label=0	SEQ_000574|label=0
SEQ_000575|label=0	SEQ_000575|label=0
SEQ_000576|label=0	SEQ_000576|label=0
SEQ_000577|label=1	SEQ_000577|label=1
SEQ_000578|label=0	SEQ_000578|label=0
SEQ_000579|label=0	SEQ_000579|label=0
SEQ_000580|label=1	SEQ_000580|label=1
SEQ_000581|label=0	SEQ_000581|label=0
SEQ_000582|label=0	SEQ_000582|label=0
SEQ_000583|label=0	SEQ_000583|label=0
SEQ_000584|label=1	SEQ_000584|label=1
SEQ_000585|label=1	SEQ_000585|label=1
SEQ_000586|label=1	SEQ_000586|label=1
SEQ_000587|label=1	SEQ_000587|label=1
SEQ_000588|label=1	SEQ_000588|label=1
SEQ_000589|label=0	SEQ_000589|label=0
SEQ_000590|label=1	SEQ_000590|label=1
SEQ_000591|label=1	SEQ_000591|label=1
SEQ_000592|label=1	SEQ_000592|label=1
SEQ_000593|label=0	SEQ_000593|label=0
SEQ_000594|label=0	SEQ_000594|label=0
SEQ_000595|label=1	SEQ_000595|label=1
SEQ_000596|label=0	SEQ_000596|label=0
SEQ_000597|label=1	SEQ_000597|label=1
SEQ_000598|label=0	SEQ_000598|label=0
SEQ_000599|label=1	SEQ_000599|label=1
SEQ_000600|label=1	SEQ_000600|label=1
SEQ_000901|label=0	SEQ_000901|label=0
SEQ_000902|label=1	SEQ_000902|label=1
SEQ_000903|label=1	SEQ_000903|label=1
SEQ_000904|label=1	SEQ_000904|label=1
SEQ_000905|label=1	SEQ_000905|label=1
SEQ_000906|label=0	SEQ_000906|label=0
SEQ_000907|label=0	SEQ_000907|label=0
SEQ_000908|label=1	SEQ_000908|label=1
SEQ_000909|label=1	SEQ_000909|label=1
SEQ_000910|label=0	SEQ_000910|label=0
SEQ_000911|label=1	SEQ_000911|label=1
SEQ_000912|label=0	SEQ_000912|label=0
SEQ_000913|label=0	SEQ_000913|label=0
SEQ_000914|label=0	SEQ_000914|label=0
SEQ_000915|label=1	SEQ_000915|label=1
SEQ_000916|label=0	SEQ_000916|label=0
SEQ_000917|label=0	SEQ_000917|label=0
SEQ_000918|label=0	SEQ_000918|label=0
SEQ_000919|label=1	SEQ_000919|label=1
SEQ_000920|label=0	SEQ_000920|label=0
SEQ_000921|label=1	SEQ_000921|label=1
SEQ_000922|label=1	SEQ_000922|label=1
SEQ_000923|label=1	SEQ_000923|label=1
SEQ_000924|label=1	SEQ_000924|label=1
SEQ_000925|label=0	SEQ_000925|label=0
SEQ_000926|label=0	SEQ_000926|label=0
SEQ_000927|label=1	SEQ_000927|label=1
SEQ_000928|label=0	SEQ_000928|label=0
SEQ_000929|label=0	SEQ_000929|label=0
SEQ_000930|label=0	SEQ_000930|label=0
SEQ_000931|label=1	SEQ_000931|label=1
SEQ_000932|label=0	SEQ_000932|label=0
SEQ_000933|label=0	SEQ_000933|label=0
SEQ_000934|label=1	SEQ_000934|label=1
SEQ_000935|label=0	SEQ_000935|label=0
SEQ_000936|label=0	SEQ_000936|label=0
SEQ_000937|label=0	SEQ_000937|label=0
SEQ_000938|label=1	SEQ_000938|label=1
SEQ_000939|label=0	SEQ_000939|label=0
SEQ_000940|label=1	SEQ_000940|label=1
SEQ_000941|label=0	SEQ_000941|label=0
SEQ_000942|label=1	SEQ_000942|label=1
SEQ_000943|label=1	SEQ_000943|label=1
SEQ_000944|label=1	SEQ_000944|label=1
SEQ_000945|label=1	SEQ_000945|label=1
SEQ_000946|label=0	SEQ_000946|label=0
SEQ_000947|label=1	SEQ_000947|label=1
SEQ_000948|label=0	SEQ_000948|label=0
SEQ_000949|label=0	SEQ_000949|label=0
SEQ_000950|label=0	SEQ_000950|label=0
SEQ_000951|label=1	SEQ_000951|label=1
SEQ_000952|label=0	SEQ_000952|label=0
SEQ_000953|label=0	SEQ_000953|label=0
SEQ_000954|label=1	SEQ_000954|label=1
SEQ_000955|label=1	SEQ_000955|label=1
SEQ_000956|label=1	SEQ_000956|label=1
SEQ_000957|label=1	SEQ_000957|label=1
SEQ_000958|label=0	SEQ_000958|label=0
SEQ_000959|label=0	SEQ_000959|label=0
SEQ_000960|label=1	SEQ_000960|label=1
SEQ_000961|label=0	SEQ_000961|label=0
SEQ_000962|label=0	SEQ_000962|label=0
SEQ_000963|label=0	SEQ_000963|label=0
SEQ_000964|label=0	SEQ_000964|label=0
SEQ_000965|label=1	SEQ_000965|label=1
SEQ_000966|label=0	SEQ_000966|label=0
SEQ_000967|label=0	SEQ_000967|label=0
SEQ_000968|label=1	SEQ_000968|label=1
SEQ_000969|label=1	SEQ_000969|label=1
SEQ_000970|label=0	SEQ_000970|label=0
SEQ_000971|label=0	SEQ_000971|label=0
SEQ_000972|label=1	SEQ_000972|label=1
SEQ_000973|label=0	SEQ_000973|label=0
SEQ_000974|label=0	SEQ_000974|label=0
SEQ_000975|label=1	SEQ_000975|label=1
SEQ_000976|label=1	SEQ_000976|label=1
SEQ_000977|label=0	SEQ_000977|label=0
SEQ_000978|label=0	SEQ_000978|label=0
SEQ_000979|label=0	SEQ_000979|label=0
SEQ_000980|label=1	SEQ_000980|label=1
SEQ_000981|label=0	SEQ_000981|label=0
SEQ_000982|label=0	SEQ_000982|label=0
SEQ_000983|label=0	SEQ_000983|label=0
SEQ_000984|label=0	SEQ_000984|label=0
SEQ_000985|label=1	SEQ_000985|label=1
SEQ_000986|label=1	SEQ_000986|label=1
SEQ_000987|label=0	SEQ_000987|label=0
SEQ_000988|label=1	SEQ_000988|label=1
SEQ_000989|label=0	SEQ_000989|label=0
SEQ_000990|label=1	SEQ_000990|label=1
SEQ_000991|label=0	SEQ_000991|label=0
SEQ_000992|label=0	SEQ_000992|label=0
SEQ_000993|label=1	SEQ_000993|label=1
SEQ_000994|label=0	SEQ_000994|label=0
SEQ_000995|label=1	SEQ_000995|label=1
SEQ_000996|label=1	SEQ_000996|label=1
SEQ_000997|label=0	SEQ_000997|label=0
SEQ_000998|label=0	SEQ_000998|label=0
SEQ_000999|label=1	SEQ_000999|label=1
SEQ_001000|label=0	SEQ_001000|label=0
SEQ_001501|label=0	SEQ_001501|label=0
SEQ_001502|label=1	SEQ_001502|label=1
SEQ_001503|label=0	SEQ_001503|label=0
SEQ_001504|label=1	SEQ_001504|label=1
SEQ_001505|label=1	SEQ_001505|label=1
SEQ_001506|label=0	SEQ_001506|label=0
SEQ_001507|label=1	SEQ_001507|label=1
SEQ_001508|label=0	SEQ_001508|label=0
SEQ_001509|label=0	SEQ_001509|label=0
SEQ_001510|label=0	SEQ_001510|label=0
SEQ_001511|label=0	SEQ_001511|label=0
SEQ_001512|label=1	SEQ_001512|label=1
SEQ_001513|label=1	SEQ_001513|label=1
SEQ_001514|label=1	SEQ_001514|label=1
SEQ_001515|label=0	SEQ_001515|label=0
SEQ_001516|label=1	SEQ_001516|label=1
SEQ_001517|label=1	SEQ_001517|label=1
SEQ_001518|label=1	SEQ_001518|label=1
SEQ_001519|label=0	SEQ_001519|label=0
SEQ_001520|label=0	SEQ_001520|label=0
SEQ_001521|label=1	SEQ_001521|label=1
SEQ_001522|label=0	SEQ_001522|label=0
SEQ_001523|label=0	SEQ_001523|label=0
SEQ_001524|label=1	SEQ_001524|label=1
SEQ_001525|label=1	SEQ_001525|label=1
SEQ_001526|label=1	SEQ_001526|label=1
SEQ_001527|label=0	SEQ_001527|label=0
SEQ_001528|label=0	SEQ_001528|label=0
SEQ_001529|label=0	SEQ_001529|label=0
SEQ_001530|label=0	SEQ_001530|label=0
SEQ_001531|label=0	SEQ_001531|label=0
SEQ_001532|label=0	SEQ_001532|label=0
SEQ_001533|label=0	SEQ_001533|label=0
SEQ_001534|label=1	SEQ_001534|label=1
SEQ_001535|label=1	SEQ_001535|label=1
SEQ_001536|label=0	SEQ_001536|label=0
SEQ_001537|label=1	SEQ_001537|label=1
SEQ_001538|label=1	SEQ_001538|label=1
SEQ_001539|label=1	SEQ_001539|label=1
SEQ_001540|label=0	SEQ_001540|label=0
SEQ_001541|label=1	SEQ_001541|label=1
SEQ_001542|label=0	SEQ_001542|label=0
SEQ_001543|label=0	SEQ_001543|label=0
SEQ_001544|label=0	SEQ_001544|label=0
SEQ_001545|label=1	SEQ_001545|label=1
SEQ_001546|label=1	SEQ_001546|label=1
SEQ_001547|label=0	SEQ_001547|label=0
SEQ_001548|label=0	SEQ_001548|label=0
SEQ_001549|label=0	SEQ_001549|label=0
SEQ_001550|label=0	SEQ_001550|label=0
SEQ_001551|label=1	SEQ_001551|label=1
SEQ_001552|label=0	SEQ_001552|label=0
SEQ_001553|label=0	SEQ_001553|label=0
SEQ_001554|label=0	SEQ_001554|label=0
SEQ_001555|label=0	SEQ_001555|label=0
SEQ_001556|label=1	SEQ_001556|label=1
SEQ_001557|label=1	SEQ_001557|label=1
SEQ_001558|label=0	SEQ_001558|label=0
SEQ_001559|label=1	SEQ_001559|label=1
SEQ_001560|label=1	SEQ_001560|label=1
SEQ_001561|label=0	SEQ_001561|label=0
SEQ_001562|label=1	SEQ_001562|label=1
SEQ_011301|label=1	SEQ_011301|label=1
SEQ_011302|label=1	SEQ_011302|label=1
SEQ_011303|label=1	SEQ_011303|label=1
SEQ_011304|label=1	SEQ_011304|label=1
SEQ_011305|label=1	SEQ_011305|label=1
SEQ_011306|label=0	SEQ_011306|label=0
SEQ_011307|label=0	SEQ_011307|label=0
SEQ_011308|label=1	SEQ_011308|label=1
SEQ_011309|label=0	SEQ_011309|label=0
SEQ_011310|label=0	SEQ_011310|label=0
SEQ_011311|label=1	SEQ_011311|label=1
SEQ_011312|label=1	SEQ_011312|label=1
SEQ_011313|label=1	SEQ_011313|label=1
SEQ_011314|label=0	SEQ_011314|label=0
SEQ_011315|label=0	SEQ_011315|label=0
SEQ_011316|label=0	SEQ_011316|label=0
SEQ_011317|label=0	SEQ_011317|label=0
SEQ_011318|label=0	SEQ_011318|label=0
SEQ_011319|label=1	SEQ_011319|label=1
SEQ_011320|label=0	SEQ_011320|label=0
SEQ_011321|label=0	SEQ_011321|label=0
SEQ_011322|label=1	SEQ_011322|label=1
SEQ_011323|label=0	SEQ_011323|label=0
SEQ_011324|label=0	SEQ_011324|label=0
SEQ_011325|label=1	SEQ_011325|label=1
SEQ_011326|label=1	SEQ_011326|label=1
SEQ_011327|label=0	SEQ_011327|label=0
SEQ_011328|label=1	SEQ_011328|label=1
SEQ_011329|label=0	SEQ_011329|label=0
SEQ_011330|label=1	SEQ_011330|label=1
SEQ_011331|label=1	SEQ_011331|label=1
SEQ_011332|label=0	SEQ_011332|label=0
SEQ_011333|label=1	SEQ_011333|label=1
SEQ_011334|label=1	SEQ_011334|label=1
SEQ_011335|label=1	SEQ_011335|label=1
SEQ_011336|label=1	SEQ_011336|label=1
SEQ_011337|label=0	SEQ_011337|label=0
SEQ_011338|label=1	SEQ_011338|label=1
SEQ_011339|label=0	SEQ_011339|label=0
SEQ_011340|label=1	SEQ_011340|label=1
SEQ_011341|label=1	SEQ_011341|label=1
SEQ_011342|label=0	SEQ_011342|label=0
SEQ_011343|label=0	SEQ_011343|label=0
SEQ_011344|label=1	SEQ_011344|label=1
SEQ_011345|label=0	SEQ_011345|label=0
SEQ_011346|label=0	SEQ_011346|label=0
SEQ_011347|label=0	SEQ_011347|label=0
SEQ_011348|label=0	SEQ_011348|label=0
SEQ_011349|label=0	SEQ_011349|label=0
SEQ_011350|label=1	SEQ_011350|label=1
SEQ_011351|label=0	SEQ_011351|label=0
SEQ_011352|label=0	SEQ_011352|label=0
SEQ_011353|label=0	SEQ_011353|label=0
SEQ_011354|label=0	SEQ_011354|label=0
SEQ_011355|label=1	SEQ_011355|label=1
SEQ_011356|label=1	SEQ_011356|label=1
SEQ_011357|label=1	SEQ_011357|label=1
SEQ_011358|label=0	SEQ_011358|label=0
SEQ_011359|label=0	SEQ_011359|label=0
SEQ_011360|label=0	SEQ_011360|label=0
SEQ_011361|label=1	SEQ_011361|label=1
SEQ_011362|label=0	SEQ_011362|label=0
SEQ_011363|label=0	SEQ_011363|label=0
SEQ_011364|label=0	SEQ_011364|label=0
SEQ_011365|label=0	SEQ_011365|label=0
SEQ_011366|label=0	SEQ_011366|label=0
SEQ_011367|label=1	SEQ_011367|label=1
SEQ_011368|label=0	SEQ_011368|label=0
SEQ_011369|label=1	SEQ_011369|label=1
SEQ_011370|label=1	SEQ_011370|label=1
SEQ_011371|label=1	SEQ_011371|label=1
SEQ_011372|label=0	SEQ_011372|label=0
SEQ_011373|label=1	SEQ_011373|label=1
SEQ_011374|label=1	SEQ_011374|label=1
SEQ_011375|label=0	SEQ_011375|label=0
SEQ_011376|label=1	SEQ_011376|label=1
SEQ_011377|label=0	SEQ_011377|label=0
SEQ_011378|label=0	SEQ_011378|label=0
SEQ_011379|label=0	SEQ_011379|label=0
SEQ_011380|label=0	SEQ_011380|label=0
SEQ_011381|label=0	SEQ_011381|label=0
SEQ_011382|label=1	SEQ_011382|label=1
SEQ_011383|label=0	SEQ_011383|label=0
SEQ_011384|label=1	SEQ_011384|label=1
SEQ_011385|label=0	SEQ_011385|label=0
SEQ_011386|label=0	SEQ_011386|label=0
SEQ_011387|label=0	SEQ_011387|label=0
SEQ_011388|label=1	SEQ_011388|label=1
SEQ_011389|label=1	SEQ_011389|label=1
SEQ_011390|label=0	SEQ_011390|label=0
SEQ_011391|label=1	SEQ_011391|label=1
SEQ_011392|label=0	SEQ_011392|label=0
SEQ_011393|label=0	SEQ_011393|label=0
SEQ_011394|label=0	SEQ_011394|label=0
SEQ_011395|label=1	SEQ_011395|label=1
SEQ_011396|label=1	SEQ_011396|label=1
SEQ_011397|label=1	SEQ_011397|label=1
SEQ_011398|label=0	SEQ_011398|label=0
SEQ_011399|label=1	SEQ_011399|label=1
SEQ_011400|label=0	SEQ_011400|label=0
SEQ_001201|label=1	SEQ_001201|label=1
SEQ_001202|label=0	SEQ_001202|label=0
SEQ_001203|label=1	SEQ_001203|label=1
SEQ_001204|label=0	SEQ_001204|label=0
SEQ_001205|label=0	SEQ_001205|label=0
SEQ_001206|label=0	SEQ_001206|label=0
SEQ_001207|label=0	SEQ_001207|label=0
SEQ_001208|label=1	SEQ_001208|label=1
SEQ_001209|label=1	SEQ_001209|label=1
SEQ_001210|label=0	SEQ_001210|label=0
SEQ_001211|label=1	SEQ_001211|label=1
SEQ_001212|label=0	SEQ_001212|label=0
SEQ_001213|label=1	SEQ_001213|label=1
SEQ_001214|label=0	SEQ_001214|label=0
SEQ_001215|label=1	SEQ_001215|label=1
SEQ_001216|label=0	SEQ_001216|label=0
SEQ_001217|label=0	SEQ_001217|label=0
SEQ_001218|label=1	SEQ_001218|label=1
SEQ_001219|label=0	SEQ_001219|label=0
SEQ_001220|label=0	SEQ_001220|label=0
SEQ_001221|label=1	SEQ_001221|label=1
SEQ_001222|label=1	SEQ_001222|label=1
SEQ_001223|label=1	SEQ_001223|label=1
SEQ_001224|label=0	SEQ_001224|label=0
SEQ_001225|label=1	SEQ_001225|label=1
SEQ_001226|label=0	SEQ_001226|label=0
SEQ_001227|label=0	SEQ_001227|label=0
SEQ_001228|label=1	SEQ_001228|label=1
SEQ_001229|label=0	SEQ_001229|label=0
SEQ_001230|label=1	SEQ_001230|label=1
SEQ_001231|label=1	SEQ_001231|label=1
SEQ_001232|label=1	SEQ_001232|label=1
SEQ_001233|label=0	SEQ_001233|label=0
SEQ_001234|label=0	SEQ_001234|label=0
SEQ_001235|label=0	SEQ_001235|label=0
SEQ_001236|label=0	SEQ_001236|label=0
SEQ_001237|label=1	SEQ_001237|label=1
SEQ_001238|label=1	SEQ_001238|label=1
SEQ_001239|label=1	SEQ_001239|label=1
SEQ_001240|label=0	SEQ_001240|label=0
SEQ_001241|label=1	SEQ_001241|label=1
SEQ_001242|label=0	SEQ_001242|label=0
SEQ_001243|label=1	SEQ_001243|label=1
SEQ_001244|label=0	SEQ_001244|label=0
SEQ_001245|label=1	SEQ_001245|label=1
SEQ_001246|label=1	SEQ_001246|label=1
SEQ_001247|label=1	SEQ_001247|label=1
SEQ_001248|label=0	SEQ_001248|label=0
SEQ_001249|label=1	SEQ_001249|label=1
SEQ_001250|label=1	SEQ_001250|label=1
SEQ_001251|label=0	SEQ_001251|label=0
SEQ_001252|label=1	SEQ_001252|label=1
SEQ_001253|label=0	SEQ_001253|label=0
SEQ_001254|label=1	SEQ_001254|label=1
SEQ_001255|label=0	SEQ_001255|label=0
SEQ_001256|label=0	SEQ_001256|label=0
SEQ_001257|label=1	SEQ_001257|label=1
SEQ_001258|label=1	SEQ_001258|label=1
SEQ_001259|label=0	SEQ_001259|label=0
SEQ_001260|label=0	SEQ_001260|label=0
SEQ_001261|label=1	SEQ_001261|label=1
SEQ_001262|label=0	SEQ_001262|label=0
SEQ_001263|label=1	SEQ_001263|label=1
SEQ_001264|label=1	SEQ_001264|label=1
SEQ_001265|label=1	SEQ_001265|label=1
SEQ_001266|label=0	SEQ_001266|label=0
SEQ_001267|label=1	SEQ_001267|label=1
SEQ_001268|label=0	SEQ_001268|label=0
SEQ_001269|label=1	SEQ_001269|label=1
SEQ_001270|label=0	SEQ_001270|label=0
SEQ_001271|label=0	SEQ_001271|label=0
SEQ_001272|label=1	SEQ_001272|label=1
SEQ_001273|label=1	SEQ_001273|label=1
SEQ_001274|label=1	SEQ_001274|label=1
SEQ_001275|label=0	SEQ_001275|label=0
SEQ_001276|label=0	SEQ_001276|label=0
SEQ_001277|label=0	SEQ_001277|label=0
SEQ_001278|label=1	SEQ_001278|label=1
SEQ_001279|label=1	SEQ_001279|label=1
SEQ_001280|label=0	SEQ_001280|label=0
SEQ_001281|label=1	SEQ_001281|label=1
SEQ_001282|label=1	SEQ_001282|label=1
SEQ_001283|label=0	SEQ_001283|label=0
SEQ_001284|label=1	SEQ_001284|label=1
SEQ_001285|label=0	SEQ_001285|label=0
SEQ_001286|label=0	SEQ_001286|label=0
SEQ_001287|label=1	SEQ_001287|label=1
SEQ_001288|label=1	SEQ_001288|label=1
SEQ_001289|label=1	SEQ_001289|label=1
SEQ_001290|label=1	SEQ_001290|label=1
SEQ_001291|label=0	SEQ_001291|label=0
SEQ_001292|label=0	SEQ_001292|label=0
SEQ_001293|label=1	SEQ_001293|label=1
SEQ_001294|label=0	SEQ_001294|label=0
SEQ_001295|label=0	SEQ_001295|label=0
SEQ_001296|label=0	SEQ_001296|label=0
SEQ_001297|label=1	SEQ_001297|label=1
SEQ_001298|label=1	SEQ_001298|label=1
SEQ_001299|label=1	SEQ_001299|label=1
SEQ_001300|label=0	SEQ_001300|label=0
SEQ_001901|label=1	SEQ_001901|label=1
SEQ_001902|label=1	SEQ_001902|label=1
SEQ_001903|label=1	SEQ_001903|label=1
SEQ_001904|label=1	SEQ_001904|label=1
SEQ_001905|label=1	SEQ_001905|label=1
SEQ_001906|label=0	SEQ_001906|label=0
SEQ_001907|label=1	SEQ_001907|label=1
SEQ_001908|label=0	SEQ_001908|label=0
SEQ_001909|label=0	SEQ_001909|label=0
SEQ_001910|label=1	SEQ_001910|label=1
SEQ_001911|label=1	SEQ_001911|label=1
SEQ_001912|label=1	SEQ_001912|label=1
SEQ_001913|label=0	SEQ_001913|label=0
SEQ_001914|label=0	SEQ_001914|label=0
SEQ_001915|label=1	SEQ_001915|label=1
SEQ_001916|label=1	SEQ_001916|label=1
SEQ_001917|label=0	SEQ_001917|label=0
SEQ_001918|label=0	SEQ_001918|label=0
SEQ_001919|label=0	SEQ_001919|label=0
SEQ_001920|label=1	SEQ_001920|label=1
SEQ_001921|label=1	SEQ_001921|label=1
SEQ_001922|label=0	SEQ_001922|label=0
SEQ_001923|label=1	SEQ_001923|label=1
SEQ_001924|label=1	SEQ_001924|label=1
SEQ_001925|label=0	SEQ_001925|label=0
SEQ_001926|label=1	SEQ_001926|label=1
SEQ_001927|label=1	SEQ_001927|label=1
SEQ_001928|label=0	SEQ_001928|label=0
SEQ_001929|label=0	SEQ_001929|label=0
SEQ_001930|label=1	SEQ_001930|label=1
SEQ_001931|label=1	SEQ_001931|label=1
SEQ_001932|label=1	SEQ_001932|label=1
SEQ_001933|label=1	SEQ_001933|label=1
SEQ_001934|label=1	SEQ_001934|label=1
SEQ_001935|label=1	SEQ_001935|label=1
SEQ_001936|label=0	SEQ_001936|label=0
SEQ_001937|label=1	SEQ_001937|label=1
SEQ_001938|label=0	SEQ_001938|label=0
SEQ_001939|label=0	SEQ_001939|label=0
SEQ_001940|label=0	SEQ_001940|label=0
SEQ_001941|label=1	SEQ_001941|label=1
SEQ_001942|label=1	SEQ_001942|label=1
SEQ_001943|label=0	SEQ_001943|label=0
SEQ_001944|label=0	SEQ_001944|label=0
SEQ_001945|label=0	SEQ_001945|label=0
SEQ_001946|label=1	SEQ_001946|label=1
SEQ_001947|label=0	SEQ_001947|label=0
SEQ_001948|label=1	SEQ_001948|label=1
SEQ_001949|label=0	SEQ_001949|label=0
SEQ_001950|label=0	SEQ_001950|label=0
SEQ_001951|label=0	SEQ_001951|label=0
SEQ_001952|label=1	SEQ_001952|label=1
SEQ_001953|label=1	SEQ_001953|label=1
SEQ_001954|label=1	SEQ_001954|label=1
SEQ_001955|label=1	SEQ_001955|label=1
SEQ_001956|label=0	SEQ_001956|label=0
SEQ_001957|label=0	SEQ_001957|label=0
SEQ_001958|label=0	SEQ_001958|label=0
SEQ_001959|label=1	SEQ_001959|label=1
SEQ_001960|label=1	SEQ_001960|label=1
SEQ_001961|label=0	SEQ_001961|label=0
SEQ_001962|label=0	SEQ_001962|label=0
SEQ_001963|label=0	SEQ_001963|label=0
SEQ_001964|label=1	SEQ_001964|label=1
SEQ_001965|label=1	SEQ_001965|label=1
SEQ_001966|label=0	SEQ_001966|label=0
SEQ_001967|label=0	SEQ_001967|label=0
SEQ_001968|label=1	SEQ_001968|label=1
SEQ_001969|label=0	SEQ_001969|label=0
SEQ_001970|label=0	SEQ_001970|label=0
SEQ_001971|label=1	SEQ_001971|label=1
SEQ_001972|label=0	SEQ_001972|label=0
SEQ_001973|label=1	SEQ_001973|label=1
SEQ_001974|label=0	SEQ_001974|label=0
SEQ_001975|label=1	SEQ_001975|label=1
SEQ_001976|label=1	SEQ_001976|label=1
SEQ_001977|label=0	SEQ_001977|label=0
SEQ_001978|label=0	SEQ_001978|label=0
SEQ_001979|label=0	SEQ_001979|label=0
SEQ_001980|label=0	SEQ_001980|label=0
SEQ_001981|label=0	SEQ_001981|label=0
SEQ_001982|label=1	SEQ_001982|label=1
SEQ_001983|label=1	SEQ_001983|label=1
SEQ_001984|label=0	SEQ_001984|label=0
SEQ_001985|label=0	SEQ_001985|label=0
SEQ_001986|label=1	SEQ_001986|label=1
SEQ_001987|label=0	SEQ_001987|label=0
SEQ_001988|label=1	SEQ_001988|label=1
SEQ_001989|label=0	SEQ_001989|label=0
SEQ_001990|label=1	SEQ_001990|label=1
SEQ_001991|label=1	SEQ_001991|label=1
SEQ_001992|label=0	SEQ_001992|label=0
SEQ_001993|label=1	SEQ_001993|label=1
SEQ_001994|label=0	SEQ_001994|label=0
SEQ_001995|label=0	SEQ_001995|label=0
SEQ_001996|label=0	SEQ_001996|label=0
SEQ_001997|label=0	SEQ_001997|label=0
SEQ_001998|label=0	SEQ_001998|label=0
SEQ_001999|label=0	SEQ_001999|label=0
SEQ_002000|label=1	SEQ_002000|label=1
SEQ_002701|label=0	SEQ_002701|label=0
SEQ_002702|label=1	SEQ_002702|label=1
SEQ_002703|label=0	SEQ_002703|label=0
SEQ_002704|label=0	SEQ_002704|label=0
SEQ_002705|label=0	SEQ_002705|label=0
SEQ_002706|label=1	SEQ_002706|label=1
SEQ_002707|label=0	SEQ_002707|label=0
SEQ_002708|label=1	SEQ_002708|label=1
SEQ_002709|label=0	SEQ_002709|label=0
SEQ_002710|label=1	SEQ_002710|label=1
SEQ_002711|label=1	SEQ_002711|label=1
SEQ_002712|label=0	SEQ_002712|label=0
SEQ_002713|label=1	SEQ_002713|label=1
SEQ_002714|label=1	SEQ_002714|label=1
SEQ_002715|label=1	SEQ_002715|label=1
SEQ_002716|label=1	SEQ_002716|label=1
SEQ_002717|label=1	SEQ_002717|label=1
SEQ_002718|label=0	SEQ_002718|label=0
SEQ_002719|label=0	SEQ_002719|label=0
SEQ_002720|label=0	SEQ_002720|label=0
SEQ_002721|label=0	SEQ_002721|label=0
SEQ_002722|label=1	SEQ_002722|label=1
SEQ_002723|label=0	SEQ_002723|label=0
SEQ_002724|label=0	SEQ_002724|label=0
SEQ_002725|label=1	SEQ_002725|label=1
SEQ_002726|label=0	SEQ_002726|label=0
SEQ_002727|label=1	SEQ_002727|label=1
SEQ_002728|label=0	SEQ_002728|label=0
SEQ_002729|label=1	SEQ_002729|label=1
SEQ_002730|label=0	SEQ_002730|label=0
SEQ_002731|label=0	SEQ_002731|label=0
SEQ_002732|label=1	SEQ_002732|label=1
SEQ_002733|label=1	SEQ_002733|label=1
SEQ_002734|label=1	SEQ_002734|label=1
SEQ_002735|label=0	SEQ_002735|label=0
SEQ_002736|label=0	SEQ_002736|label=0
SEQ_002737|label=0	SEQ_002737|label=0
SEQ_002738|label=0	SEQ_002738|label=0
SEQ_002739|label=1	SEQ_002739|label=1
SEQ_002740|label=1	SEQ_002740|label=1
SEQ_002741|label=0	SEQ_002741|label=0
SEQ_002742|label=0	SEQ_002742|label=0
SEQ_002743|label=1	SEQ_002743|label=1
SEQ_002744|label=0	SEQ_002744|label=0
SEQ_002745|label=1	SEQ_002745|label=1
SEQ_002746|label=1	SEQ_002746|label=1
SEQ_002747|label=0	SEQ_002747|label=0
SEQ_002748|label=1	SEQ_002748|label=1
SEQ_002749|label=1	SEQ_002749|label=1
SEQ_002750|label=1	SEQ_002750|label=1
SEQ_002751|label=0	SEQ_002751|label=0
SEQ_002752|label=0	SEQ_002752|label=0
SEQ_002753|label=1	SEQ_002753|label=1
SEQ_002754|label=0	SEQ_002754|label=0
SEQ_002755|label=1	SEQ_002755|label=1
SEQ_002756|label=1	SEQ_002756|label=1
SEQ_002757|label=1	SEQ_002757|label=1
SEQ_002758|label=1	SEQ_002758|label=1
SEQ_002759|label=1	SEQ_002759|label=1
SEQ_002760|label=1	SEQ_002760|label=1
SEQ_002761|label=0	SEQ_002761|label=0
SEQ_002762|label=1	SEQ_002762|label=1
SEQ_002763|label=1	SEQ_002763|label=1
SEQ_002764|label=0	SEQ_002764|label=0
SEQ_002765|label=1	SEQ_002765|label=1
SEQ_002766|label=0	SEQ_002766|label=0
SEQ_002767|label=0	SEQ_002767|label=0
SEQ_002768|label=1	SEQ_002768|label=1
SEQ_002769|label=0	SEQ_002769|label=0
SEQ_002770|label=0	SEQ_002770|label=0
SEQ_002771|label=0	SEQ_002771|label=0
SEQ_002772|label=0	SEQ_002772|label=0
SEQ_002773|label=0	SEQ_002773|label=0
SEQ_002774|label=1	SEQ_002774|label=1
SEQ_002775|label=0	SEQ_002775|label=0
SEQ_002776|label=1	SEQ_002776|label=1
SEQ_002777|label=1	SEQ_002777|label=1
SEQ_002778|label=1	SEQ_002778|label=1
SEQ_002779|label=0	SEQ_002779|label=0
SEQ_002780|label=1	SEQ_002780|label=1
SEQ_002781|label=0	SEQ_002781|label=0
SEQ_002782|label=0	SEQ_002782|label=0
SEQ_002783|label=0	SEQ_002783|label=0
SEQ_002784|label=0	SEQ_002784|label=0
SEQ_002785|label=1	SEQ_002785|label=1
SEQ_002786|label=1	SEQ_002786|label=1
SEQ_002787|label=0	SEQ_002787|label=0
SEQ_002788|label=1	SEQ_002788|label=1
SEQ_002789|label=1	SEQ_002789|label=1
SEQ_002790|label=0	SEQ_002790|label=0
SEQ_002791|label=1	SEQ_002791|label=1
SEQ_002792|label=0	SEQ_002792|label=0
SEQ_002793|label=1	SEQ_002793|label=1
SEQ_002794|label=0	SEQ_002794|label=0
SEQ_002795|label=0	SEQ_002795|label=0
SEQ_002796|label=1	SEQ_002796|label=1
SEQ_002797|label=0	SEQ_002797|label=0
SEQ_002798|label=0	SEQ_002798|label=0
SEQ_002799|label=0	SEQ_002799|label=0
SEQ_002800|label=0	SEQ_002800|label=0
SEQ_003501|label=1	SEQ_003501|label=1
SEQ_003502|label=0	SEQ_003502|label=0
SEQ_003503|label=0	SEQ_003503|label=0
SEQ_003504|label=0	SEQ_003504|label=0
SEQ_003505|label=0	SEQ_003505|label=0
SEQ_003506|label=0	SEQ_003506|label=0
SEQ_003507|label=1	SEQ_003507|label=1
SEQ_003508|label=1	SEQ_003508|label=1
SEQ_003509|label=0	SEQ_003509|label=0
SEQ_003510|label=1	SEQ_003510|label=1
SEQ_003511|label=1	SEQ_003511|label=1
SEQ_003512|label=0	SEQ_003512|label=0
SEQ_003513|label=1	SEQ_003513|label=1
SEQ_003514|label=0	SEQ_003514|label=0
SEQ_003515|label=0	SEQ_003515|label=0
SEQ_003516|label=0	SEQ_003516|label=0
SEQ_003517|label=1	SEQ_003517|label=1
SEQ_003518|label=1	SEQ_003518|label=1
SEQ_003519|label=1	SEQ_003519|label=1
SEQ_003520|label=1	SEQ_003520|label=1
SEQ_003521|label=0	SEQ_003521|label=0
SEQ_003522|label=1	SEQ_003522|label=1
SEQ_003523|label=0	SEQ_003523|label=0
SEQ_003524|label=0	SEQ_003524|label=0
SEQ_003525|label=1	SEQ_003525|label=1
SEQ_003526|label=1	SEQ_003526|label=1
SEQ_003527|label=1	SEQ_003527|label=1
SEQ_003528|label=1	SEQ_003528|label=1
SEQ_003529|label=1	SEQ_003529|label=1
SEQ_003530|label=1	SEQ_003530|label=1
SEQ_003531|label=0	SEQ_003531|label=0
SEQ_003532|label=0	SEQ_003532|label=0
SEQ_003533|label=1	SEQ_003533|label=1
SEQ_003534|label=0	SEQ_003534|label=0
SEQ_003535|label=1	SEQ_003535|label=1
SEQ_003536|label=0	SEQ_003536|label=0
SEQ_003537|label=0	SEQ_003537|label=0
SEQ_003538|label=1	SEQ_003538|label=1
SEQ_003539|label=1	SEQ_003539|label=1
SEQ_003540|label=0	SEQ_003540|label=0
SEQ_003541|label=0	SEQ_003541|label=0
SEQ_003542|label=0	SEQ_003542|label=0
SEQ_003543|label=1	SEQ_003543|label=1
SEQ_003544|label=0	SEQ_003544|label=0
SEQ_003545|label=0	SEQ_003545|label=0
SEQ_003546|label=0	SEQ_003546|label=0
SEQ_003547|label=0	SEQ_003547|label=0
SEQ_003548|label=0	SEQ_003548|label=0
SEQ_003549|label=1	SEQ_003549|label=1
SEQ_003550|label=1	SEQ_003550|label=1
SEQ_003551|label=0	SEQ_003551|label=0
SEQ_003552|label=0	SEQ_003552|label=0
SEQ_003553|label=0	SEQ_003553|label=0
SEQ_003554|label=0	SEQ_003554|label=0
SEQ_003555|label=1	SEQ_003555|label=1
SEQ_003556|label=1	SEQ_003556|label=1
SEQ_003557|label=0	SEQ_003557|label=0
SEQ_003558|label=0	SEQ_003558|label=0
SEQ_003559|label=0	SEQ_003559|label=0
SEQ_003560|label=0	SEQ_003560|label=0
SEQ_003561|label=1	SEQ_003561|label=1
SEQ_003562|label=0	SEQ_003562|label=0
SEQ_003563|label=0	SEQ_003563|label=0
SEQ_003564|label=1	SEQ_003564|label=1
SEQ_003565|label=1	SEQ_003565|label=1
SEQ_003566|label=1	SEQ_003566|label=1
SEQ_003567|label=1	SEQ_003567|label=1
SEQ_003568|label=1	SEQ_003568|label=1
SEQ_003569|label=0	SEQ_003569|label=0
SEQ_003570|label=1	SEQ_003570|label=1
SEQ_003571|label=0	SEQ_003571|label=0
SEQ_003572|label=0	SEQ_003572|label=0
SEQ_003573|label=0	SEQ_003573|label=0
SEQ_003574|label=1	SEQ_003574|label=1
SEQ_003575|label=1	SEQ_003575|label=1
SEQ_003576|label=1	SEQ_003576|label=1
SEQ_003577|label=0	SEQ_003577|label=0
SEQ_003578|label=0	SEQ_003578|label=0
SEQ_003579|label=1	SEQ_003579|label=1
SEQ_003580|label=1	SEQ_003580|label=1
SEQ_003581|label=1	SEQ_003581|label=1
SEQ_003582|label=0	SEQ_003582|label=0
SEQ_003583|label=0	SEQ_003583|label=0
SEQ_003584|label=0	SEQ_003584|label=0
SEQ_003585|label=0	SEQ_003585|label=0
SEQ_003586|label=0	SEQ_003586|label=0
SEQ_003587|label=0	SEQ_003587|label=0
SEQ_003588|label=0	SEQ_003588|label=0
SEQ_003589|label=0	SEQ_003589|label=0
SEQ_003590|label=0	SEQ_003590|label=0
SEQ_003591|label=1	SEQ_003591|label=1
SEQ_003592|label=0	SEQ_003592|label=0
SEQ_003593|label=1	SEQ_003593|label=1
SEQ_003594|label=1	SEQ_003594|label=1
SEQ_003595|label=1	SEQ_003595|label=1
SEQ_003596|label=0	SEQ_003596|label=0
SEQ_003597|label=0	SEQ_003597|label=0
SEQ_003598|label=0	SEQ_003598|label=0
SEQ_003599|label=1	SEQ_003599|label=1
SEQ_003600|label=0	SEQ_003600|label=0
SEQ_004401|label=0	SEQ_004401|label=0
SEQ_004402|label=1	SEQ_004402|label=1
SEQ_004403|label=1	SEQ_004403|label=1
SEQ_004404|label=1	SEQ_004404|label=1
SEQ_004405|label=1	SEQ_004405|label=1
SEQ_004406|label=1	SEQ_004406|label=1
SEQ_004407|label=0	SEQ_004407|label=0
SEQ_004408|label=0	SEQ_004408|label=0
SEQ_004409|label=0	SEQ_004409|label=0
SEQ_004410|label=1	SEQ_004410|label=1
SEQ_004411|label=0	SEQ_004411|label=0
SEQ_004412|label=1	SEQ_004412|label=1
SEQ_004413|label=1	SEQ_004413|label=1
SEQ_004414|label=1	SEQ_004414|label=1
SEQ_004415|label=0	SEQ_004415|label=0
SEQ_004416|label=1	SEQ_004416|label=1
SEQ_004417|label=1	SEQ_004417|label=1
SEQ_004418|label=0	SEQ_004418|label=0
SEQ_004419|label=0	SEQ_004419|label=0
SEQ_004420|label=0	SEQ_004420|label=0
SEQ_004421|label=0	SEQ_004421|label=0
SEQ_004422|label=0	SEQ_004422|label=0
SEQ_004423|label=1	SEQ_004423|label=1
SEQ_004424|label=0	SEQ_004424|label=0
SEQ_004425|label=1	SEQ_004425|label=1
SEQ_004426|label=1	SEQ_004426|label=1
SEQ_004427|label=0	SEQ_004427|label=0
SEQ_004428|label=0	SEQ_004428|label=0
SEQ_004429|label=0	SEQ_004429|label=0
SEQ_004430|label=1	SEQ_004430|label=1
SEQ_004431|label=0	SEQ_004431|label=0
SEQ_004432|label=1	SEQ_004432|label=1
SEQ_004433|label=1	SEQ_004433|label=1
SEQ_004434|label=0	SEQ_004434|label=0
SEQ_004435|label=0	SEQ_004435|label=0
SEQ_004436|label=1	SEQ_004436|label=1
SEQ_004437|label=0	SEQ_004437|label=0
SEQ_004438|label=0	SEQ_004438|label=0
SEQ_004439|label=0	SEQ_004439|label=0
SEQ_004440|label=0	SEQ_004440|label=0
SEQ_004441|label=0	SEQ_004441|label=0
SEQ_004442|label=0	SEQ_004442|label=0
SEQ_004443|label=0	SEQ_004443|label=0
SEQ_004444|label=0	SEQ_004444|label=0
SEQ_004445|label=0	SEQ_004445|label=0
SEQ_004446|label=0	SEQ_004446|label=0
SEQ_004447|label=0	SEQ_004447|label=0
SEQ_004448|label=1	SEQ_004448|label=1
SEQ_004449|label=0	SEQ_004449|label=0
SEQ_004450|label=0	SEQ_004450|label=0
SEQ_004451|label=1	SEQ_004451|label=1
SEQ_004452|label=0	SEQ_004452|label=0
SEQ_004453|label=1	SEQ_004453|label=1
SEQ_004454|label=1	SEQ_004454|label=1
SEQ_004455|label=0	SEQ_004455|label=0
SEQ_004456|label=0	SEQ_004456|label=0
SEQ_004457|label=1	SEQ_004457|label=1
SEQ_004458|label=1	SEQ_004458|label=1
SEQ_004459|label=1	SEQ_004459|label=1
SEQ_004460|label=0	SEQ_004460|label=0
SEQ_004461|label=0	SEQ_004461|label=0
SEQ_004462|label=0	SEQ_004462|label=0
SEQ_004463|label=1	SEQ_004463|label=1
SEQ_004464|label=1	SEQ_004464|label=1
SEQ_004465|label=0	SEQ_004465|label=0
SEQ_004466|label=1	SEQ_004466|label=1
SEQ_004467|label=0	SEQ_004467|label=0
SEQ_004468|label=1	SEQ_004468|label=1
SEQ_004469|label=0	SEQ_004469|label=0
SEQ_004470|label=1	SEQ_004470|label=1
SEQ_004471|label=1	SEQ_004471|label=1
SEQ_004472|label=0	SEQ_004472|label=0
SEQ_004473|label=1	SEQ_004473|label=1
SEQ_004474|label=1	SEQ_004474|label=1
SEQ_004475|label=1	SEQ_004475|label=1
SEQ_004476|label=0	SEQ_004476|label=0
SEQ_004477|label=0	SEQ_004477|label=0
SEQ_004478|label=1	SEQ_004478|label=1
SEQ_004479|label=1	SEQ_004479|label=1
SEQ_004480|label=1	SEQ_004480|label=1
SEQ_004481|label=0	SEQ_004481|label=0
SEQ_004482|label=0	SEQ_004482|label=0
SEQ_004483|label=0	SEQ_004483|label=0
SEQ_004484|label=1	SEQ_004484|label=1
SEQ_004485|label=1	SEQ_004485|label=1
SEQ_004486|label=1	SEQ_004486|label=1
SEQ_004487|label=1	SEQ_004487|label=1
SEQ_004488|label=0	SEQ_004488|label=0
SEQ_004489|label=1	SEQ_004489|label=1
SEQ_004490|label=1	SEQ_004490|label=1
SEQ_004491|label=1	SEQ_004491|label=1
SEQ_004492|label=1	SEQ_004492|label=1
SEQ_004493|label=0	SEQ_004493|label=0
SEQ_004494|label=0	SEQ_004494|label=0
SEQ_004495|label=0	SEQ_004495|label=0
SEQ_004496|label=0	SEQ_004496|label=0
SEQ_004497|label=0	SEQ_004497|label=0
SEQ_004498|label=1	SEQ_004498|label=1
SEQ_004499|label=0	SEQ_004499|label=0
SEQ_004500|label=1	SEQ_004500|label=1
SEQ_005001|label=0	SEQ_005001|label=0
SEQ_005002|label=1	SEQ_005002|label=1
SEQ_005003|label=0	SEQ_005003|label=0
SEQ_005004|label=0	SEQ_005004|label=0
SEQ_005005|label=1	SEQ_005005|label=1
SEQ_005006|label=0	SEQ_005006|label=0
SEQ_005007|label=1	SEQ_005007|label=1
SEQ_005008|label=1	SEQ_005008|label=1
SEQ_005009|label=0	SEQ_005009|label=0
SEQ_005010|label=0	SEQ_005010|label=0
SEQ_005011|label=0	SEQ_005011|label=0
SEQ_005012|label=1	SEQ_005012|label=1
SEQ_005013|label=0	SEQ_005013|label=0
SEQ_005014|label=1	SEQ_005014|label=1
SEQ_005015|label=0	SEQ_005015|label=0
SEQ_005016|label=0	SEQ_005016|label=0
SEQ_005017|label=1	SEQ_005017|label=1
SEQ_005018|label=1	SEQ_005018|label=1
SEQ_005019|label=0	SEQ_005019|label=0
SEQ_005020|label=0	SEQ_005020|label=0
SEQ_005021|label=1	SEQ_005021|label=1
SEQ_005022|label=1	SEQ_005022|label=1
SEQ_005023|label=0	SEQ_005023|label=0
SEQ_005024|label=1	SEQ_005024|label=1
SEQ_005025|label=0	SEQ_005025|label=0
SEQ_005026|label=0	SEQ_005026|label=0
SEQ_005027|label=0	SEQ_005027|label=0
SEQ_005028|label=1	SEQ_005028|label=1
SEQ_005029|label=0	SEQ_005029|label=0
SEQ_005030|label=1	SEQ_005030|label=1
SEQ_005031|label=1	SEQ_005031|label=1
SEQ_005032|label=0	SEQ_005032|label=0
SEQ_005033|label=1	SEQ_005033|label=1
SEQ_005034|label=1	SEQ_005034|label=1
SEQ_005035|label=1	SEQ_005035|label=1
SEQ_005036|label=1	SEQ_005036|label=1
SEQ_005037|label=0	SEQ_005037|label=0
SEQ_005038|label=0	SEQ_005038|label=0
SEQ_005039|label=1	SEQ_005039|label=1
SEQ_005040|label=1	SEQ_005040|label=1
SEQ_005041|label=0	SEQ_005041|label=0
SEQ_005042|label=1	SEQ_005042|label=1
SEQ_005043|label=1	SEQ_005043|label=1
SEQ_005044|label=1	SEQ_005044|label=1
SEQ_005045|label=0	SEQ_005045|label=0
SEQ_005046|label=0	SEQ_005046|label=0
SEQ_005047|label=1	SEQ_005047|label=1
SEQ_005048|label=1	SEQ_005048|label=1
SEQ_005049|label=1	SEQ_005049|label=1
SEQ_005050|label=1	SEQ_005050|label=1
SEQ_005051|label=0	SEQ_005051|label=0
SEQ_005052|label=0	SEQ_005052|label=0
SEQ_005053|label=0	SEQ_005053|label=0
SEQ_005054|label=1	SEQ_005054|label=1
SEQ_005055|label=1	SEQ_005055|label=1
SEQ_005056|label=0	SEQ_005056|label=0
SEQ_005057|label=1	SEQ_005057|label=1
SEQ_005058|label=0	SEQ_005058|label=0
SEQ_005059|label=0	SEQ_005059|label=0
SEQ_005060|label=0	SEQ_005060|label=0
SEQ_005061|label=0	SEQ_005061|label=0
SEQ_005062|label=1	SEQ_005062|label=1
SEQ_005063|label=1	SEQ_005063|label=1
SEQ_005064|label=0	SEQ_005064|label=0
SEQ_005065|label=1	SEQ_005065|label=1
SEQ_005066|label=0	SEQ_005066|label=0
SEQ_005067|label=0	SEQ_005067|label=0
SEQ_005068|label=1	SEQ_005068|label=1
SEQ_005069|label=1	SEQ_005069|label=1
SEQ_005070|label=0	SEQ_005070|label=0
SEQ_005071|label=1	SEQ_005071|label=1
SEQ_005072|label=0	SEQ_005072|label=0
SEQ_005073|label=1	SEQ_005073|label=1
SEQ_005074|label=1	SEQ_005074|label=1
SEQ_005075|label=0	SEQ_005075|label=0
SEQ_005076|label=1	SEQ_005076|label=1
SEQ_005077|label=0	SEQ_005077|label=0
SEQ_005078|label=0	SEQ_005078|label=0
SEQ_005079|label=1	SEQ_005079|label=1
SEQ_005080|label=0	SEQ_005080|label=0
SEQ_005081|label=1	SEQ_005081|label=1
SEQ_005082|label=1	SEQ_005082|label=1
SEQ_005083|label=1	SEQ_005083|label=1
SEQ_005084|label=1	SEQ_005084|label=1
SEQ_005085|label=0	SEQ_005085|label=0
SEQ_005086|label=0	SEQ_005086|label=0
SEQ_005087|label=0	SEQ_005087|label=0
SEQ_005088|label=1	SEQ_005088|label=1
SEQ_005089|label=0	SEQ_005089|label=0
SEQ_005090|label=0	SEQ_005090|label=0
SEQ_005091|label=0	SEQ_005091|label=0
SEQ_005092|label=1	SEQ_005092|label=1
SEQ_005093|label=1	SEQ_005093|label=1
SEQ_005094|label=1	SEQ_005094|label=1
SEQ_005095|label=0	SEQ_005095|label=0
SEQ_005096|label=1	SEQ_005096|label=1
SEQ_005097|label=1	SEQ_005097|label=1
SEQ_005098|label=0	SEQ_005098|label=0
SEQ_005099|label=1	SEQ_005099|label=1
SEQ_005100|label=1	SEQ_005100|label=1
SEQ_005801|label=0	SEQ_005801|label=0
SEQ_005802|label=1	SEQ_005802|label=1
SEQ_005803|label=1	SEQ_005803|label=1
SEQ_005804|label=1	SEQ_005804|label=1
SEQ_005805|label=0	SEQ_005805|label=0
SEQ_005806|label=1	SEQ_005806|label=1
SEQ_005807|label=1	SEQ_005807|label=1
SEQ_005808|label=1	SEQ_005808|label=1
SEQ_005809|label=0	SEQ_005809|label=0
SEQ_005810|label=0	SEQ_005810|label=0
SEQ_005811|label=0	SEQ_005811|label=0
SEQ_005812|label=1	SEQ_005812|label=1
SEQ_005813|label=0	SEQ_005813|label=0
SEQ_005814|label=0	SEQ_005814|label=0
SEQ_005815|label=1	SEQ_005815|label=1
SEQ_005816|label=0	SEQ_005816|label=0
SEQ_005817|label=0	SEQ_005817|label=0
SEQ_005818|label=1	SEQ_005818|label=1
SEQ_005819|label=0	SEQ_005819|label=0
SEQ_005820|label=0	SEQ_005820|label=0
SEQ_005821|label=1	SEQ_005821|label=1
SEQ_005822|label=0	SEQ_005822|label=0
SEQ_005823|label=0	SEQ_005823|label=0
SEQ_005824|label=0	SEQ_005824|label=0
SEQ_005825|label=0	SEQ_005825|label=0
SEQ_005826|label=1	SEQ_005826|label=1
SEQ_005827|label=0	SEQ_005827|label=0
SEQ_005828|label=0	SEQ_005828|label=0
SEQ_005829|label=1	SEQ_005829|label=1
SEQ_005830|label=1	SEQ_005830|label=1
SEQ_005831|label=0	SEQ_005831|label=0
SEQ_005832|label=0	SEQ_005832|label=0
SEQ_005833|label=0	SEQ_005833|label=0
SEQ_005834|label=0	SEQ_005834|label=0
SEQ_005835|label=0	SEQ_005835|label=0
SEQ_005836|label=1	SEQ_005836|label=1
SEQ_005837|label=0	SEQ_005837|label=0
SEQ_005838|label=1	SEQ_005838|label=1
SEQ_005839|label=0	SEQ_005839|label=0
SEQ_005840|label=1	SEQ_005840|label=1
SEQ_005841|label=0	SEQ_005841|label=0
SEQ_005842|label=1	SEQ_005842|label=1
SEQ_005843|label=1	SEQ_005843|label=1
SEQ_005844|label=1	SEQ_005844|label=1
SEQ_005845|label=1	SEQ_005845|label=1
SEQ_005846|label=0	SEQ_005846|label=0
SEQ_005847|label=1	SEQ_005847|label=1
SEQ_005848|label=1	SEQ_005848|label=1
SEQ_005849|label=1	SEQ_005849|label=1
SEQ_005850|label=1	SEQ_005850|label=1
SEQ_005851|label=0	SEQ_005851|label=0
SEQ_005852|label=0	SEQ_005852|label=0
SEQ_005853|label=1	SEQ_005853|label=1
SEQ_005854|label=0	SEQ_005854|label=0
SEQ_005855|label=0	SEQ_005855|label=0
SEQ_005856|label=0	SEQ_005856|label=0
SEQ_005857|label=1	SEQ_005857|label=1
SEQ_005858|label=0	SEQ_005858|label=0
SEQ_005859|label=1	SEQ_005859|label=1
SEQ_005860|label=1	SEQ_005860|label=1
SEQ_005861|label=1	SEQ_005861|label=1
SEQ_005862|label=1	SEQ_005862|label=1
SEQ_005863|label=0	SEQ_005863|label=0
SEQ_005864|label=0	SEQ_005864|label=0
SEQ_005865|label=1	SEQ_005865|label=1
SEQ_005866|label=0	SEQ_005866|label=0
SEQ_005867|label=0	SEQ_005867|label=0
SEQ_005868|label=0	SEQ_005868|label=0
SEQ_005869|label=1	SEQ_005869|label=1
SEQ_005870|label=0	SEQ_005870|label=0
SEQ_005871|label=1	SEQ_005871|label=1
SEQ_005872|label=0	SEQ_005872|label=0
SEQ_005873|label=1	SEQ_005873|label=1
SEQ_005874|label=1	SEQ_005874|label=1
SEQ_005875|label=1	SEQ_005875|label=1
SEQ_005876|label=1	SEQ_005876|label=1
SEQ_005877|label=1	SEQ_005877|label=1
SEQ_005878|label=0	SEQ_005878|label=0
SEQ_005879|label=0	SEQ_005879|label=0
SEQ_005880|label=0	SEQ_005880|label=0
SEQ_005881|label=1	SEQ_005881|label=1
SEQ_005882|label=0	SEQ_005882|label=0
SEQ_005883|label=1	SEQ_005883|label=1
SEQ_005884|label=1	SEQ_005884|label=1
SEQ_005885|label=1	SEQ_005885|label=1
SEQ_005886|label=1	SEQ_005886|label=1
SEQ_005887|label=0	SEQ_005887|label=0
SEQ_005888|label=0	SEQ_005888|label=0
SEQ_005889|label=0	SEQ_005889|label=0
SEQ_005890|label=1	SEQ_005890|label=1
SEQ_005891|label=1	SEQ_005891|label=1
SEQ_005892|label=0	SEQ_005892|label=0
SEQ_005893|label=1	SEQ_005893|label=1
SEQ_005894|label=0	SEQ_005894|label=0
SEQ_005895|label=0	SEQ_005895|label=0
SEQ_005896|label=1	SEQ_005896|label=1
SEQ_005897|label=1	SEQ_005897|label=1
SEQ_005898|label=0	SEQ_005898|label=0
SEQ_005899|label=0	SEQ_005899|label=0
SEQ_005900|label=1	SEQ_005900|label=1
SEQ_006801|label=1	SEQ_006801|label=1
SEQ_006802|label=1	SEQ_006802|label=1
SEQ_006803|label=1	SEQ_006803|label=1
SEQ_006804|label=0	SEQ_006804|label=0
SEQ_006805|label=0	SEQ_006805|label=0
SEQ_006806|label=0	SEQ_006806|label=0
SEQ_006807|label=0	SEQ_006807|label=0
SEQ_006808|label=1	SEQ_006808|label=1
SEQ_006809|label=1	SEQ_006809|label=1
SEQ_006810|label=0	SEQ_006810|label=0
SEQ_006811|label=0	SEQ_006811|label=0
SEQ_006812|label=1	SEQ_006812|label=1
SEQ_006813|label=1	SEQ_006813|label=1
SEQ_006814|label=1	SEQ_006814|label=1
SEQ_006815|label=0	SEQ_006815|label=0
SEQ_006816|label=0	SEQ_006816|label=0
SEQ_006817|label=1	SEQ_006817|label=1
SEQ_006818|label=0	SEQ_006818|label=0
SEQ_006819|label=0	SEQ_006819|label=0
SEQ_006820|label=0	SEQ_006820|label=0
SEQ_006821|label=0	SEQ_006821|label=0
SEQ_006822|label=1	SEQ_006822|label=1
SEQ_006823|label=0	SEQ_006823|label=0
SEQ_006824|label=0	SEQ_006824|label=0
SEQ_006825|label=0	SEQ_006825|label=0
SEQ_006826|label=1	SEQ_006826|label=1
SEQ_006827|label=0	SEQ_006827|label=0
SEQ_006828|label=0	SEQ_006828|label=0
SEQ_006829|label=0	SEQ_006829|label=0
SEQ_006830|label=1	SEQ_006830|label=1
SEQ_006831|label=1	SEQ_006831|label=1
SEQ_006832|label=0	SEQ_006832|label=0
SEQ_006833|label=0	SEQ_006833|label=0
SEQ_006834|label=0	SEQ_006834|label=0
SEQ_006835|label=0	SEQ_006835|label=0
SEQ_006836|label=0	SEQ_006836|label=0
SEQ_006837|label=0	SEQ_006837|label=0
SEQ_006838|label=1	SEQ_006838|label=1
SEQ_006839|label=1	SEQ_006839|label=1
SEQ_006840|label=0	SEQ_006840|label=0
SEQ_006841|label=1	SEQ_006841|label=1
SEQ_006842|label=1	SEQ_006842|label=1
SEQ_006843|label=1	SEQ_006843|label=1
SEQ_006844|label=1	SEQ_006844|label=1
SEQ_006845|label=0	SEQ_006845|label=0
SEQ_006846|label=0	SEQ_006846|label=0
SEQ_006847|label=0	SEQ_006847|label=0
SEQ_006848|label=0	SEQ_006848|label=0
SEQ_006849|label=1	SEQ_006849|label=1
SEQ_006850|label=0	SEQ_006850|label=0
SEQ_006851|label=0	SEQ_006851|label=0
SEQ_006852|label=1	SEQ_006852|label=1
SEQ_006853|label=1	SEQ_006853|label=1
SEQ_006854|label=1	SEQ_006854|label=1
SEQ_006855|label=1	SEQ_006855|label=1
SEQ_006856|label=1	SEQ_006856|label=1
SEQ_006857|label=0	SEQ_006857|label=0
SEQ_006858|label=1	SEQ_006858|label=1
SEQ_006859|label=0	SEQ_006859|label=0
SEQ_006860|label=0	SEQ_006860|label=0
SEQ_006861|label=1	SEQ_006861|label=1
SEQ_006862|label=0	SEQ_006862|label=0
SEQ_006863|label=0	SEQ_006863|label=0
SEQ_006864|label=0	SEQ_006864|label=0
SEQ_006865|label=0	SEQ_006865|label=0
SEQ_006866|label=0	SEQ_006866|label=0
SEQ_006867|label=0	SEQ_006867|label=0
SEQ_006868|label=0	SEQ_006868|label=0
SEQ_006869|label=1	SEQ_006869|label=1
SEQ_006870|label=0	SEQ_006870|label=0
SEQ_006871|label=1	SEQ_006871|label=1
SEQ_006872|label=0	SEQ_006872|label=0
SEQ_006873|label=0	SEQ_006873|label=0
SEQ_006874|label=1	SEQ_006874|label=1
SEQ_006875|label=1	SEQ_006875|label=1
SEQ_006876|label=1	SEQ_006876|label=1
SEQ_006877|label=0	SEQ_006877|label=0
SEQ_006878|label=0	SEQ_006878|label=0
SEQ_006879|label=1	SEQ_006879|label=1
SEQ_006880|label=0	SEQ_006880|label=0
SEQ_006881|label=1	SEQ_006881|label=1
SEQ_006882|label=0	SEQ_006882|label=0
SEQ_006883|label=0	SEQ_006883|label=0
SEQ_006884|label=1	SEQ_006884|label=1
SEQ_006885|label=1	SEQ_006885|label=1
SEQ_006886|label=1	SEQ_006886|label=1
SEQ_006887|label=0	SEQ_006887|label=0
SEQ_006888|label=0	SEQ_006888|label=0
SEQ_006889|label=1	SEQ_006889|label=1
SEQ_006890|label=1	SEQ_006890|label=1
SEQ_006891|label=1	SEQ_006891|label=1
SEQ_006892|label=0	SEQ_006892|label=0
SEQ_006893|label=0	SEQ_006893|label=0
SEQ_006894|label=1	SEQ_006894|label=1
SEQ_006895|label=1	SEQ_006895|label=1
SEQ_006896|label=0	SEQ_006896|label=0
SEQ_006897|label=0	SEQ_006897|label=0
SEQ_006898|label=1	SEQ_006898|label=1
SEQ_006899|label=1	SEQ_006899|label=1
SEQ_006900|label=1	SEQ_006900|label=1
SEQ_007401|label=1	SEQ_007401|label=1
SEQ_007402|label=1	SEQ_007402|label=1
SEQ_007403|label=1	SEQ_007403|label=1
SEQ_007404|label=0	SEQ_007404|label=0
SEQ_007405|label=0	SEQ_007405|label=0
SEQ_007406|label=0	SEQ_007406|label=0
SEQ_007407|label=0	SEQ_007407|label=0
SEQ_007408|label=1	SEQ_007408|label=1
SEQ_007409|label=1	SEQ_007409|label=1
SEQ_007410|label=1	SEQ_007410|label=1
SEQ_007411|label=0	SEQ_007411|label=0
SEQ_007412|label=1	SEQ_007412|label=1
SEQ_007413|label=1	SEQ_007413|label=1
SEQ_007414|label=1	SEQ_007414|label=1
SEQ_007415|label=0	SEQ_007415|label=0
SEQ_007416|label=0	SEQ_007416|label=0
SEQ_007417|label=0	SEQ_007417|label=0
SEQ_007418|label=0	SEQ_007418|label=0
SEQ_007419|label=0	SEQ_007419|label=0
SEQ_007420|label=0	SEQ_007420|label=0
SEQ_007421|label=1	SEQ_007421|label=1
SEQ_007422|label=0	SEQ_007422|label=0
SEQ_007423|label=0	SEQ_007423|label=0
SEQ_007424|label=1	SEQ_007424|label=1
SEQ_007425|label=1	SEQ_007425|label=1
SEQ_007426|label=1	SEQ_007426|label=1
SEQ_007427|label=0	SEQ_007427|label=0
SEQ_007428|label=1	SEQ_007428|label=1
SEQ_007429|label=1	SEQ_007429|label=1
SEQ_007430|label=1	SEQ_007430|label=1
SEQ_007431|label=1	SEQ_007431|label=1
SEQ_007432|label=0	SEQ_007432|label=0
SEQ_007433|label=0	SEQ_007433|label=0
SEQ_007434|label=0	SEQ_007434|label=0
SEQ_007435|label=1	SEQ_007435|label=1
SEQ_007436|label=1	SEQ_007436|label=1
SEQ_007437|label=1	SEQ_007437|label=1
SEQ_007438|label=1	SEQ_007438|label=1
SEQ_007439|label=1	SEQ_007439|label=1
SEQ_007440|label=0	SEQ_007440|label=0
SEQ_007441|label=0	SEQ_007441|label=0
SEQ_007442|label=1	SEQ_007442|label=1
SEQ_007443|label=1	SEQ_007443|label=1
SEQ_007444|label=1	SEQ_007444|label=1
SEQ_007445|label=1	SEQ_007445|label=1
SEQ_007446|label=0	SEQ_007446|label=0
SEQ_007447|label=0	SEQ_007447|label=0
SEQ_007448|label=1	SEQ_007448|label=1
SEQ_007449|label=1	SEQ_007449|label=1
SEQ_007450|label=0	SEQ_007450|label=0
SEQ_007451|label=0	SEQ_007451|label=0
SEQ_007452|label=1	SEQ_007452|label=1
SEQ_007453|label=0	SEQ_007453|label=0
SEQ_007454|label=1	SEQ_007454|label=1
SEQ_007455|label=1	SEQ_007455|label=1
SEQ_007456|label=1	SEQ_007456|label=1
SEQ_007457|label=1	SEQ_007457|label=1
SEQ_007458|label=0	SEQ_007458|label=0
SEQ_007459|label=0	SEQ_007459|label=0
SEQ_007460|label=1	SEQ_007460|label=1
SEQ_007461|label=1	SEQ_007461|label=1
SEQ_007462|label=0	SEQ_007462|label=0
SEQ_007463|label=1	SEQ_007463|label=1
SEQ_007464|label=1	SEQ_007464|label=1
SEQ_007465|label=0	SEQ_007465|label=0
SEQ_007466|label=1	SEQ_007466|label=1
SEQ_007467|label=1	SEQ_007467|label=1
SEQ_007468|label=1	SEQ_007468|label=1
SEQ_007469|label=0	SEQ_007469|label=0
SEQ_007470|label=1	SEQ_007470|label=1
SEQ_007471|label=1	SEQ_007471|label=1
SEQ_007472|label=0	SEQ_007472|label=0
SEQ_007473|label=1	SEQ_007473|label=1
SEQ_007474|label=1	SEQ_007474|label=1
SEQ_007475|label=1	SEQ_007475|label=1
SEQ_007476|label=1	SEQ_007476|label=1
SEQ_007477|label=0	SEQ_007477|label=0
SEQ_007478|label=1	SEQ_007478|label=1
SEQ_007479|label=0	SEQ_007479|label=0
SEQ_007480|label=0	SEQ_007480|label=0
SEQ_007481|label=1	SEQ_007481|label=1
SEQ_007482|label=1	SEQ_007482|label=1
SEQ_007483|label=0	SEQ_007483|label=0
SEQ_007484|label=1	SEQ_007484|label=1
SEQ_007485|label=0	SEQ_007485|label=0
SEQ_007486|label=0	SEQ_007486|label=0
SEQ_007487|label=1	SEQ_007487|label=1
SEQ_007488|label=1	SEQ_007488|label=1
SEQ_007489|label=0	SEQ_007489|label=0
SEQ_007490|label=1	SEQ_007490|label=1
SEQ_007491|label=0	SEQ_007491|label=0
SEQ_007492|label=1	SEQ_007492|label=1
SEQ_007493|label=0	SEQ_007493|label=0
SEQ_007494|label=1	SEQ_007494|label=1
SEQ_007495|label=1	SEQ_007495|label=1
SEQ_007496|label=0	SEQ_007496|label=0
SEQ_007497|label=1	SEQ_007497|label=1
SEQ_007498|label=1	SEQ_007498|label=1
SEQ_007499|label=0	SEQ_007499|label=0
SEQ_007500|label=0	SEQ_007500|label=0
SEQ_003701|label=0	SEQ_003701|label=0
SEQ_003702|label=0	SEQ_003702|label=0
SEQ_003703|label=1	SEQ_003703|label=1
SEQ_003704|label=1	SEQ_003704|label=1
SEQ_003705|label=1	SEQ_003705|label=1
SEQ_003706|label=0	SEQ_003706|label=0
SEQ_003707|label=1	SEQ_003707|label=1
SEQ_003708|label=1	SEQ_003708|label=1
SEQ_003709|label=0	SEQ_003709|label=0
SEQ_003710|label=0	SEQ_003710|label=0
SEQ_003711|label=1	SEQ_003711|label=1
SEQ_003712|label=1	SEQ_003712|label=1
SEQ_003713|label=0	SEQ_003713|label=0
SEQ_003714|label=0	SEQ_003714|label=0
SEQ_003715|label=1	SEQ_003715|label=1
SEQ_003716|label=0	SEQ_003716|label=0
SEQ_003717|label=1	SEQ_003717|label=1
SEQ_003718|label=1	SEQ_003718|label=1
SEQ_003719|label=0	SEQ_003719|label=0
SEQ_003720|label=0	SEQ_003720|label=0
SEQ_003721|label=0	SEQ_003721|label=0
SEQ_003722|label=0	SEQ_003722|label=0
SEQ_003723|label=1	SEQ_003723|label=1
SEQ_003724|label=1	SEQ_003724|label=1
SEQ_003725|label=0	SEQ_003725|label=0
SEQ_003726|label=1	SEQ_003726|label=1
SEQ_003727|label=0	SEQ_003727|label=0
SEQ_003728|label=1	SEQ_003728|label=1
SEQ_003729|label=1	SEQ_003729|label=1
SEQ_003730|label=1	SEQ_003730|label=1
SEQ_003731|label=0	SEQ_003731|label=0
SEQ_003732|label=1	SEQ_003732|label=1
SEQ_003733|label=1	SEQ_003733|label=1
SEQ_003734|label=0	SEQ_003734|label=0
SEQ_003735|label=0	SEQ_003735|label=0
SEQ_003736|label=1	SEQ_003736|label=1
SEQ_003737|label=1	SEQ_003737|label=1
SEQ_003738|label=0	SEQ_003738|label=0
SEQ_003739|label=1	SEQ_003739|label=1
SEQ_003740|label=0	SEQ_003740|label=0
SEQ_003741|label=1	SEQ_003741|label=1
SEQ_003742|label=0	SEQ_003742|label=0
SEQ_003743|label=1	SEQ_003743|label=1
SEQ_003744|label=1	SEQ_003744|label=1
SEQ_003745|label=0	SEQ_003745|label=0
SEQ_003746|label=0	SEQ_003746|label=0
SEQ_003747|label=0	SEQ_003747|label=0
SEQ_003748|label=0	SEQ_003748|label=0
SEQ_003749|label=1	SEQ_003749|label=1
SEQ_003750|label=0	SEQ_003750|label=0
SEQ_003751|label=1	SEQ_003751|label=1
SEQ_003752|label=0	SEQ_003752|label=0
SEQ_003753|label=1	SEQ_003753|label=1
SEQ_003754|label=0	SEQ_003754|label=0
SEQ_003755|label=1	SEQ_003755|label=1
SEQ_003756|label=0	SEQ_003756|label=0
SEQ_003757|label=0	SEQ_003757|label=0
SEQ_003758|label=1	SEQ_003758|label=1
SEQ_003759|label=0	SEQ_003759|label=0
SEQ_003760|label=0	SEQ_003760|label=0
SEQ_003761|label=0	SEQ_003761|label=0
SEQ_003762|label=0	SEQ_003762|label=0
SEQ_003763|label=1	SEQ_003763|label=1
SEQ_003764|label=1	SEQ_003764|label=1
SEQ_003765|label=1	SEQ_003765|label=1
SEQ_003766|label=0	SEQ_003766|label=0
SEQ_003767|label=0	SEQ_003767|label=0
SEQ_003768|label=1	SEQ_003768|label=1
SEQ_003769|label=1	SEQ_003769|label=1
SEQ_003770|label=1	SEQ_003770|label=1
SEQ_003771|label=0	SEQ_003771|label=0
SEQ_003772|label=0	SEQ_003772|label=0
SEQ_003773|label=1	SEQ_003773|label=1
SEQ_003774|label=0	SEQ_003774|label=0
SEQ_003775|label=0	SEQ_003775|label=0
SEQ_003776|label=0	SEQ_003776|label=0
SEQ_003777|label=0	SEQ_003777|label=0
SEQ_003778|label=1	SEQ_003778|label=1
SEQ_003779|label=0	SEQ_003779|label=0
SEQ_003780|label=0	SEQ_003780|label=0
SEQ_003781|label=0	SEQ_003781|label=0
SEQ_003782|label=1	SEQ_003782|label=1
SEQ_003783|label=1	SEQ_003783|label=1
SEQ_003784|label=0	SEQ_003784|label=0
SEQ_003785|label=0	SEQ_003785|label=0
SEQ_003786|label=1	SEQ_003786|label=1
SEQ_003787|label=1	SEQ_003787|label=1
SEQ_003788|label=1	SEQ_003788|label=1
SEQ_003789|label=0	SEQ_003789|label=0
SEQ_003790|label=0	SEQ_003790|label=0
SEQ_003791|label=1	SEQ_003791|label=1
SEQ_003792|label=1	SEQ_003792|label=1
SEQ_003793|label=1	SEQ_003793|label=1
SEQ_003794|label=1	SEQ_003794|label=1
SEQ_003795|label=0	SEQ_003795|label=0
SEQ_003796|label=1	SEQ_003796|label=1
SEQ_003797|label=0	SEQ_003797|label=0
SEQ_003798|label=1	SEQ_003798|label=1
SEQ_003799|label=1	SEQ_003799|label=1
SEQ_003800|label=1	SEQ_003800|label=1
SEQ_004301|label=0	SEQ_004301|label=0
SEQ_004302|label=1	SEQ_004302|label=1
SEQ_004303|label=0	SEQ_004303|label=0
SEQ_004304|label=1	SEQ_004304|label=1
SEQ_004305|label=0	SEQ_004305|label=0
SEQ_004306|label=1	SEQ_004306|label=1
SEQ_004307|label=0	SEQ_004307|label=0
SEQ_004308|label=0	SEQ_004308|label=0
SEQ_004309|label=0	SEQ_004309|label=0
SEQ_004310|label=0	SEQ_004310|label=0
SEQ_004311|label=0	SEQ_004311|label=0
SEQ_004312|label=1	SEQ_004312|label=1
SEQ_004313|label=0	SEQ_004313|label=0
SEQ_004314|label=1	SEQ_004314|label=1
SEQ_004315|label=0	SEQ_004315|label=0
SEQ_004316|label=0	SEQ_004316|label=0
SEQ_004317|label=0	SEQ_004317|label=0
SEQ_004318|label=0	SEQ_004318|label=0
SEQ_004319|label=0	SEQ_004319|label=0
SEQ_004320|label=0	SEQ_004320|label=0
SEQ_004321|label=1	SEQ_004321|label=1
SEQ_004322|label=0	SEQ_004322|label=0
SEQ_004323|label=0	SEQ_004323|label=0
SEQ_004324|label=0	SEQ_004324|label=0
SEQ_004325|label=1	SEQ_004325|label=1
SEQ_004326|label=0	SEQ_004326|label=0
SEQ_004327|label=0	SEQ_004327|label=0
SEQ_004328|label=1	SEQ_004328|label=1
SEQ_004329|label=1	SEQ_004329|label=1
SEQ_004330|label=0	SEQ_004330|label=0
SEQ_004331|label=0	SEQ_004331|label=0
SEQ_004332|label=0	SEQ_004332|label=0
SEQ_004333|label=0	SEQ_004333|label=0
SEQ_004334|label=1	SEQ_004334|label=1
SEQ_004335|label=0	SEQ_004335|label=0
SEQ_004336|label=1	SEQ_004336|label=1
SEQ_004337|label=0	SEQ_004337|label=0
SEQ_004338|label=0	SEQ_004338|label=0
SEQ_004339|label=1	SEQ_004339|label=1
SEQ_004340|label=0	SEQ_004340|label=0
SEQ_004341|label=1	SEQ_004341|label=1
SEQ_004342|label=0	SEQ_004342|label=0
SEQ_004343|label=1	SEQ_004343|label=1
SEQ_004344|label=1	SEQ_004344|label=1
SEQ_004345|label=0	SEQ_004345|label=0
SEQ_004346|label=1	SEQ_004346|label=1
SEQ_004347|label=0	SEQ_004347|label=0
SEQ_004348|label=1	SEQ_004348|label=1
SEQ_004349|label=1	SEQ_004349|label=1
SEQ_004350|label=1	SEQ_004350|label=1
SEQ_004351|label=0	SEQ_004351|label=0
SEQ_004352|label=1	SEQ_004352|label=1
SEQ_004353|label=0	SEQ_004353|label=0
SEQ_004354|label=1	SEQ_004354|label=1
SEQ_004355|label=0	SEQ_004355|label=0
SEQ_004356|label=1	SEQ_004356|label=1
SEQ_004357|label=0	SEQ_004357|label=0
SEQ_004358|label=1	SEQ_004358|label=1
SEQ_004359|label=0	SEQ_004359|label=0
SEQ_004360|label=1	SEQ_004360|label=1
SEQ_004361|label=0	SEQ_004361|label=0
SEQ_004362|label=0	SEQ_004362|label=0
SEQ_004363|label=1	SEQ_004363|label=1
SEQ_004364|label=0	SEQ_004364|label=0
SEQ_004365|label=0	SEQ_004365|label=0
SEQ_004366|label=0	SEQ_004366|label=0
SEQ_004367|label=0	SEQ_004367|label=0
SEQ_004368|label=0	SEQ_004368|label=0
SEQ_004369|label=0	SEQ_004369|label=0
SEQ_004370|label=0	SEQ_004370|label=0
SEQ_004371|label=0	SEQ_004371|label=0
SEQ_004372|label=0	SEQ_004372|label=0
SEQ_004373|label=1	SEQ_004373|label=1
SEQ_004374|label=1	SEQ_004374|label=1
SEQ_004375|label=1	SEQ_004375|label=1
SEQ_004376|label=1	SEQ_004376|label=1
SEQ_004377|label=0	SEQ_004377|label=0
SEQ_004378|label=0	SEQ_004378|label=0
SEQ_004379|label=1	SEQ_004379|label=1
SEQ_004380|label=0	SEQ_004380|label=0
SEQ_004381|label=1	SEQ_004381|label=1
SEQ_004382|label=1	SEQ_004382|label=1
SEQ_004383|label=0	SEQ_004383|label=0
SEQ_004384|label=1	SEQ_004384|label=1
SEQ_004385|label=1	SEQ_004385|label=1
SEQ_004386|label=0	SEQ_004386|label=0
SEQ_004387|label=1	SEQ_004387|label=1
SEQ_004388|label=1	SEQ_004388|label=1
SEQ_004389|label=1	SEQ_004389|label=1
SEQ_004390|label=0	SEQ_004390|label=0
SEQ_004391|label=1	SEQ_004391|label=1
SEQ_004392|label=0	SEQ_004392|label=0
SEQ_004393|label=0	SEQ_004393|label=0
SEQ_004394|label=1	SEQ_004394|label=1
SEQ_004395|label=1	SEQ_004395|label=1
SEQ_004396|label=0	SEQ_004396|label=0
SEQ_004397|label=0	SEQ_004397|label=0
SEQ_004398|label=1	SEQ_004398|label=1
SEQ_004399|label=1	SEQ_004399|label=1
SEQ_004400|label=0	SEQ_004400|label=0
SEQ_005301|label=0	SEQ_005301|label=0
SEQ_005302|label=0	SEQ_005302|label=0
SEQ_005303|label=0	SEQ_005303|label=0
SEQ_005304|label=0	SEQ_005304|label=0
SEQ_005305|label=1	SEQ_005305|label=1
SEQ_005306|label=1	SEQ_005306|label=1
SEQ_005307|label=0	SEQ_005307|label=0
SEQ_005308|label=1	SEQ_005308|label=1
SEQ_005309|label=1	SEQ_005309|label=1
SEQ_005310|label=1	SEQ_005310|label=1
SEQ_005311|label=1	SEQ_005311|label=1
SEQ_005312|label=1	SEQ_005312|label=1
SEQ_005313|label=1	SEQ_005313|label=1
SEQ_005314|label=1	SEQ_005314|label=1
SEQ_005315|label=1	SEQ_005315|label=1
SEQ_005316|label=1	SEQ_005316|label=1
SEQ_005317|label=1	SEQ_005317|label=1
SEQ_005318|label=1	SEQ_005318|label=1
SEQ_005319|label=0	SEQ_005319|label=0
SEQ_005320|label=1	SEQ_005320|label=1
SEQ_005321|label=0	SEQ_005321|label=0
SEQ_005322|label=1	SEQ_005322|label=1
SEQ_005323|label=0	SEQ_005323|label=0
SEQ_005324|label=1	SEQ_005324|label=1
SEQ_005325|label=1	SEQ_005325|label=1
SEQ_005326|label=1	SEQ_005326|label=1
SEQ_005327|label=0	SEQ_005327|label=0
SEQ_005328|label=1	SEQ_005328|label=1
SEQ_005329|label=1	SEQ_005329|label=1
SEQ_005330|label=0	SEQ_005330|label=0
SEQ_005331|label=0	SEQ_005331|label=0
SEQ_005332|label=1	SEQ_005332|label=1
SEQ_005333|label=0	SEQ_005333|label=0
SEQ_005334|label=1	SEQ_005334|label=1
SEQ_005335|label=1	SEQ_005335|label=1
SEQ_005336|label=1	SEQ_005336|label=1
SEQ_005337|label=0	SEQ_005337|label=0
SEQ_005338|label=1	SEQ_005338|label=1
SEQ_005339|label=0	SEQ_005339|label=0
SEQ_005340|label=0	SEQ_005340|label=0
SEQ_005341|label=0	SEQ_005341|label=0
SEQ_005342|label=0	SEQ_005342|label=0
SEQ_005343|label=1	SEQ_005343|label=1
SEQ_005344|label=0	SEQ_005344|label=0
SEQ_005345|label=0	SEQ_005345|label=0
SEQ_005346|label=1	SEQ_005346|label=1
SEQ_005347|label=0	SEQ_005347|label=0
SEQ_005348|label=0	SEQ_005348|label=0
SEQ_005349|label=1	SEQ_005349|label=1
SEQ_005350|label=0	SEQ_005350|label=0
SEQ_005351|label=0	SEQ_005351|label=0
SEQ_005352|label=0	SEQ_005352|label=0
SEQ_005353|label=1	SEQ_005353|label=1
SEQ_005354|label=0	SEQ_005354|label=0
SEQ_005355|label=0	SEQ_005355|label=0
SEQ_005356|label=1	SEQ_005356|label=1
SEQ_005357|label=0	SEQ_005357|label=0
SEQ_005358|label=0	SEQ_005358|label=0
SEQ_005359|label=1	SEQ_005359|label=1
SEQ_005360|label=1	SEQ_005360|label=1
SEQ_005361|label=0	SEQ_005361|label=0
SEQ_005362|label=0	SEQ_005362|label=0
SEQ_005363|label=1	SEQ_005363|label=1
SEQ_005364|label=0	SEQ_005364|label=0
SEQ_005365|label=0	SEQ_005365|label=0
SEQ_005366|label=0	SEQ_005366|label=0
SEQ_005367|label=0	SEQ_005367|label=0
SEQ_005368|label=1	SEQ_005368|label=1
SEQ_005369|label=0	SEQ_005369|label=0
SEQ_005370|label=0	SEQ_005370|label=0
SEQ_005371|label=1	SEQ_005371|label=1
SEQ_005372|label=1	SEQ_005372|label=1
SEQ_005373|label=0	SEQ_005373|label=0
SEQ_005374|label=0	SEQ_005374|label=0
SEQ_005375|label=1	SEQ_005375|label=1
SEQ_005376|label=1	SEQ_005376|label=1
SEQ_005377|label=1	SEQ_005377|label=1
SEQ_005378|label=1	SEQ_005378|label=1
SEQ_005379|label=1	SEQ_005379|label=1
SEQ_005380|label=1	SEQ_005380|label=1
SEQ_005381|label=0	SEQ_005381|label=0
SEQ_005382|label=1	SEQ_005382|label=1
SEQ_005383|label=1	SEQ_005383|label=1
SEQ_005384|label=0	SEQ_005384|label=0
SEQ_005385|label=0	SEQ_005385|label=0
SEQ_005386|label=0	SEQ_005386|label=0
SEQ_005387|label=1	SEQ_005387|label=1
SEQ_005388|label=0	SEQ_005388|label=0
SEQ_005389|label=0	SEQ_005389|label=0
SEQ_005390|label=0	SEQ_005390|label=0
SEQ_005391|label=0	SEQ_005391|label=0
SEQ_005392|label=1	SEQ_005392|label=1
SEQ_005393|label=1	SEQ_005393|label=1
SEQ_005394|label=1	SEQ_005394|label=1
SEQ_005395|label=1	SEQ_005395|label=1
SEQ_005396|label=1	SEQ_005396|label=1
SEQ_005397|label=0	SEQ_005397|label=0
SEQ_005398|label=1	SEQ_005398|label=1
SEQ_005399|label=0	SEQ_005399|label=0
SEQ_005400|label=0	SEQ_005400|label=0
SEQ_006001|label=1	SEQ_006001|label=1
SEQ_006002|label=1	SEQ_006002|label=1
SEQ_006003|label=1	SEQ_006003|label=1
SEQ_006004|label=0	SEQ_006004|label=0
SEQ_006005|label=1	SEQ_006005|label=1
SEQ_006006|label=1	SEQ_006006|label=1
SEQ_006007|label=1	SEQ_006007|label=1
SEQ_006008|label=1	SEQ_006008|label=1
SEQ_006009|label=1	SEQ_006009|label=1
SEQ_006010|label=1	SEQ_006010|label=1
SEQ_006011|label=1	SEQ_006011|label=1
SEQ_006012|label=0	SEQ_006012|label=0
SEQ_006013|label=1	SEQ_006013|label=1
SEQ_006014|label=0	SEQ_006014|label=0
SEQ_006015|label=1	SEQ_006015|label=1
SEQ_006016|label=1	SEQ_006016|label=1
SEQ_006017|label=1	SEQ_006017|label=1
SEQ_006018|label=1	SEQ_006018|label=1
SEQ_006019|label=0	SEQ_006019|label=0
SEQ_006020|label=1	SEQ_006020|label=1
SEQ_006021|label=0	SEQ_006021|label=0
SEQ_006022|label=0	SEQ_006022|label=0
SEQ_006023|label=1	SEQ_006023|label=1
SEQ_006024|label=0	SEQ_006024|label=0
SEQ_006025|label=1	SEQ_006025|label=1
SEQ_006026|label=0	SEQ_006026|label=0
SEQ_006027|label=1	SEQ_006027|label=1
SEQ_006028|label=0	SEQ_006028|label=0
SEQ_006029|label=0	SEQ_006029|label=0
SEQ_006030|label=1	SEQ_006030|label=1
SEQ_006031|label=1	SEQ_006031|label=1
SEQ_006032|label=0	SEQ_006032|label=0
SEQ_006033|label=0	SEQ_006033|label=0
SEQ_006034|label=1	SEQ_006034|label=1
SEQ_006035|label=1	SEQ_006035|label=1
SEQ_006036|label=1	SEQ_006036|label=1
SEQ_006037|label=0	SEQ_006037|label=0
SEQ_006038|label=0	SEQ_006038|label=0
SEQ_006039|label=0	SEQ_006039|label=0
SEQ_006040|label=1	SEQ_006040|label=1
SEQ_006041|label=1	SEQ_006041|label=1
SEQ_006042|label=1	SEQ_006042|label=1
SEQ_006043|label=1	SEQ_006043|label=1
SEQ_006044|label=0	SEQ_006044|label=0
SEQ_006045|label=0	SEQ_006045|label=0
SEQ_006046|label=0	SEQ_006046|label=0
SEQ_006047|label=1	SEQ_006047|label=1
SEQ_006048|label=1	SEQ_006048|label=1
SEQ_006049|label=1	SEQ_006049|label=1
SEQ_006050|label=0	SEQ_006050|label=0
SEQ_006051|label=1	SEQ_006051|label=1
SEQ_006052|label=0	SEQ_006052|label=0
SEQ_006053|label=1	SEQ_006053|label=1
SEQ_006054|label=0	SEQ_006054|label=0
SEQ_006055|label=0	SEQ_006055|label=0
SEQ_006056|label=1	SEQ_006056|label=1
SEQ_006057|label=0	SEQ_006057|label=0
SEQ_006058|label=1	SEQ_006058|label=1
SEQ_006059|label=1	SEQ_006059|label=1
SEQ_006060|label=0	SEQ_006060|label=0
SEQ_006061|label=0	SEQ_006061|label=0
SEQ_006062|label=0	SEQ_006062|label=0
SEQ_006063|label=0	SEQ_006063|label=0
SEQ_006064|label=1	SEQ_006064|label=1
SEQ_006065|label=0	SEQ_006065|label=0
SEQ_006066|label=0	SEQ_006066|label=0
SEQ_006067|label=1	SEQ_006067|label=1
SEQ_006068|label=0	SEQ_006068|label=0
SEQ_006069|label=0	SEQ_006069|label=0
SEQ_006070|label=0	SEQ_006070|label=0
SEQ_006071|label=1	SEQ_006071|label=1
SEQ_006072|label=1	SEQ_006072|label=1
SEQ_006073|label=1	SEQ_006073|label=1
SEQ_006074|label=1	SEQ_006074|label=1
SEQ_006075|label=0	SEQ_006075|label=0
SEQ_006076|label=1	SEQ_006076|label=1
SEQ_006077|label=0	SEQ_006077|label=0
SEQ_006078|label=0	SEQ_006078|label=0
SEQ_006079|label=0	SEQ_006079|label=0
SEQ_006080|label=1	SEQ_006080|label=1
SEQ_006081|label=0	SEQ_006081|label=0
SEQ_006082|label=1	SEQ_006082|label=1
SEQ_006083|label=0	SEQ_006083|label=0
SEQ_006084|label=1	SEQ_006084|label=1
SEQ_006085|label=1	SEQ_006085|label=1
SEQ_006086|label=1	SEQ_006086|label=1
SEQ_006087|label=0	SEQ_006087|label=0
SEQ_006088|label=1	SEQ_006088|label=1
SEQ_006089|label=0	SEQ_006089|label=0
SEQ_006090|label=0	SEQ_006090|label=0
SEQ_006091|label=0	SEQ_006091|label=0
SEQ_006092|label=0	SEQ_006092|label=0
SEQ_006093|label=1	SEQ_006093|label=1
SEQ_006094|label=1	SEQ_006094|label=1
SEQ_006095|label=1	SEQ_006095|label=1
SEQ_006096|label=0	SEQ_006096|label=0
SEQ_006097|label=0	SEQ_006097|label=0
SEQ_006098|label=1	SEQ_006098|label=1
SEQ_006099|label=1	SEQ_006099|label=1
SEQ_006100|label=1	SEQ_006100|label=1
SEQ_006601|label=1	SEQ_006601|label=1
SEQ_006602|label=0	SEQ_006602|label=0
SEQ_006603|label=0	SEQ_006603|label=0
SEQ_006604|label=0	SEQ_006604|label=0
SEQ_006605|label=1	SEQ_006605|label=1
SEQ_006606|label=0	SEQ_006606|label=0
SEQ_006607|label=1	SEQ_006607|label=1
SEQ_006608|label=1	SEQ_006608|label=1
SEQ_006609|label=0	SEQ_006609|label=0
SEQ_006610|label=1	SEQ_006610|label=1
SEQ_006611|label=1	SEQ_006611|label=1
SEQ_006612|label=0	SEQ_006612|label=0
SEQ_006613|label=0	SEQ_006613|label=0
SEQ_006614|label=0	SEQ_006614|label=0
SEQ_006615|label=1	SEQ_006615|label=1
SEQ_006616|label=0	SEQ_006616|label=0
SEQ_006617|label=0	SEQ_006617|label=0
SEQ_006618|label=1	SEQ_006618|label=1
SEQ_006619|label=0	SEQ_006619|label=0
SEQ_006620|label=1	SEQ_006620|label=1
SEQ_006621|label=1	SEQ_006621|label=1
SEQ_006622|label=0	SEQ_006622|label=0
SEQ_006623|label=0	SEQ_006623|label=0
SEQ_006624|label=0	SEQ_006624|label=0
SEQ_006625|label=0	SEQ_006625|label=0
SEQ_006626|label=1	SEQ_006626|label=1
SEQ_006627|label=0	SEQ_006627|label=0
SEQ_006628|label=0	SEQ_006628|label=0
SEQ_006629|label=0	SEQ_006629|label=0
SEQ_006630|label=1	SEQ_006630|label=1
SEQ_006631|label=0	SEQ_006631|label=0
SEQ_006632|label=1	SEQ_006632|label=1
SEQ_006633|label=0	SEQ_006633|label=0
SEQ_006634|label=1	SEQ_006634|label=1
SEQ_006635|label=1	SEQ_006635|label=1
SEQ_006636|label=0	SEQ_006636|label=0
SEQ_006637|label=0	SEQ_006637|label=0
SEQ_006638|label=1	SEQ_006638|label=1
SEQ_006639|label=0	SEQ_006639|label=0
SEQ_006640|label=1	SEQ_006640|label=1
SEQ_006641|label=0	SEQ_006641|label=0
SEQ_006642|label=1	SEQ_006642|label=1
SEQ_006643|label=0	SEQ_006643|label=0
SEQ_006644|label=1	SEQ_006644|label=1
SEQ_006645|label=1	SEQ_006645|label=1
SEQ_006646|label=0	SEQ_006646|label=0
SEQ_006647|label=0	SEQ_006647|label=0
SEQ_006648|label=1	SEQ_006648|label=1
SEQ_006649|label=0	SEQ_006649|label=0
SEQ_006650|label=1	SEQ_006650|label=1
SEQ_006651|label=1	SEQ_006651|label=1
SEQ_006652|label=0	SEQ_006652|label=0
SEQ_006653|label=0	SEQ_006653|label=0
SEQ_006654|label=0	SEQ_006654|label=0
SEQ_006655|label=0	SEQ_006655|label=0
SEQ_006656|label=1	SEQ_006656|label=1
SEQ_006657|label=0	SEQ_006657|label=0
SEQ_006658|label=0	SEQ_006658|label=0
SEQ_006659|label=0	SEQ_006659|label=0
SEQ_006660|label=0	SEQ_006660|label=0
SEQ_006661|label=1	SEQ_006661|label=1
SEQ_006662|label=1	SEQ_006662|label=1
SEQ_006663|label=1	SEQ_006663|label=1
SEQ_006664|label=0	SEQ_006664|label=0
SEQ_006665|label=1	SEQ_006665|label=1
SEQ_006666|label=1	SEQ_006666|label=1
SEQ_006667|label=0	SEQ_006667|label=0
SEQ_006668|label=1	SEQ_006668|label=1
SEQ_006669|label=1	SEQ_006669|label=1
SEQ_006670|label=0	SEQ_006670|label=0
SEQ_006671|label=0	SEQ_006671|label=0
SEQ_006672|label=1	SEQ_006672|label=1
SEQ_006673|label=0	SEQ_006673|label=0
SEQ_006674|label=0	SEQ_006674|label=0
SEQ_006675|label=1	SEQ_006675|label=1
SEQ_006676|label=0	SEQ_006676|label=0
SEQ_006677|label=0	SEQ_006677|label=0
SEQ_006678|label=1	SEQ_006678|label=1
SEQ_006679|label=0	SEQ_006679|label=0
SEQ_006680|label=1	SEQ_006680|label=1
SEQ_006681|label=1	SEQ_006681|label=1
SEQ_006682|label=0	SEQ_006682|label=0
SEQ_006683|label=0	SEQ_006683|label=0
SEQ_006684|label=0	SEQ_006684|label=0
SEQ_006685|label=1	SEQ_006685|label=1
SEQ_006686|label=0	SEQ_006686|label=0
SEQ_006687|label=1	SEQ_006687|label=1
SEQ_006688|label=1	SEQ_006688|label=1
SEQ_006689|label=0	SEQ_006689|label=0
SEQ_006690|label=0	SEQ_006690|label=0
SEQ_006691|label=0	SEQ_006691|label=0
SEQ_006692|label=1	SEQ_006692|label=1
SEQ_006693|label=0	SEQ_006693|label=0
SEQ_006694|label=1	SEQ_006694|label=1
SEQ_006695|label=1	SEQ_006695|label=1
SEQ_006696|label=0	SEQ_006696|label=0
SEQ_006697|label=1	SEQ_006697|label=1
SEQ_006698|label=0	SEQ_006698|label=0
SEQ_006699|label=1	SEQ_006699|label=1
SEQ_006700|label=0	SEQ_006700|label=0
SEQ_007501|label=1	SEQ_007501|label=1
SEQ_007502|label=0	SEQ_007502|label=0
SEQ_007503|label=1	SEQ_007503|label=1
SEQ_007504|label=1	SEQ_007504|label=1
SEQ_007505|label=0	SEQ_007505|label=0
SEQ_007506|label=0	SEQ_007506|label=0
SEQ_007507|label=1	SEQ_007507|label=1
SEQ_007508|label=0	SEQ_007508|label=0
SEQ_007509|label=1	SEQ_007509|label=1
SEQ_007510|label=1	SEQ_007510|label=1
SEQ_007511|label=0	SEQ_007511|label=0
SEQ_007512|label=1	SEQ_007512|label=1
SEQ_007513|label=0	SEQ_007513|label=0
SEQ_007514|label=0	SEQ_007514|label=0
SEQ_007515|label=0	SEQ_007515|label=0
SEQ_007516|label=1	SEQ_007516|label=1
SEQ_007517|label=1	SEQ_007517|label=1
SEQ_007518|label=1	SEQ_007518|label=1
SEQ_007519|label=0	SEQ_007519|label=0
SEQ_007520|label=1	SEQ_007520|label=1
SEQ_007521|label=1	SEQ_007521|label=1
SEQ_007522|label=1	SEQ_007522|label=1
SEQ_007523|label=0	SEQ_007523|label=0
SEQ_007524|label=0	SEQ_007524|label=0
SEQ_007525|label=0	SEQ_007525|label=0
SEQ_007526|label=0	SEQ_007526|label=0
SEQ_007527|label=1	SEQ_007527|label=1
SEQ_007528|label=1	SEQ_007528|label=1
SEQ_007529|label=0	SEQ_007529|label=0
SEQ_007530|label=1	SEQ_007530|label=1
SEQ_007531|label=0	SEQ_007531|label=0
SEQ_007532|label=1	SEQ_007532|label=1
SEQ_007533|label=0	SEQ_007533|label=0
SEQ_007534|label=0	SEQ_007534|label=0
SEQ_007535|label=1	SEQ_007535|label=1
SEQ_007536|label=1	SEQ_007536|label=1
SEQ_007537|label=0	SEQ_007537|label=0
SEQ_007538|label=1	SEQ_007538|label=1
SEQ_007539|label=0	SEQ_007539|label=0
SEQ_007540|label=1	SEQ_007540|label=1
SEQ_007541|label=0	SEQ_007541|label=0
SEQ_007542|label=1	SEQ_007542|label=1
SEQ_007543|label=0	SEQ_007543|label=0
SEQ_007544|label=1	SEQ_007544|label=1
SEQ_007545|label=1	SEQ_007545|label=1
SEQ_007546|label=1	SEQ_007546|label=1
SEQ_007547|label=0	SEQ_007547|label=0
SEQ_007548|label=1	SEQ_007548|label=1
SEQ_007549|label=1	SEQ_007549|label=1
SEQ_007550|label=1	SEQ_007550|label=1
SEQ_007551|label=0	SEQ_007551|label=0
SEQ_007552|label=0	SEQ_007552|label=0
SEQ_007553|label=1	SEQ_007553|label=1
SEQ_007554|label=0	SEQ_007554|label=0
SEQ_007555|label=1	SEQ_007555|label=1
SEQ_007556|label=1	SEQ_007556|label=1
SEQ_007557|label=0	SEQ_007557|label=0
SEQ_007558|label=0	SEQ_007558|label=0
SEQ_007559|label=0	SEQ_007559|label=0
SEQ_007560|label=1	SEQ_007560|label=1
SEQ_007561|label=1	SEQ_007561|label=1
SEQ_007562|label=0	SEQ_007562|label=0
SEQ_007563|label=1	SEQ_007563|label=1
SEQ_007564|label=1	SEQ_007564|label=1
SEQ_007565|label=1	SEQ_007565|label=1
SEQ_007566|label=0	SEQ_007566|label=0
SEQ_007567|label=1	SEQ_007567|label=1
SEQ_007568|label=1	SEQ_007568|label=1
SEQ_007569|label=1	SEQ_007569|label=1
SEQ_007570|label=1	SEQ_007570|label=1
SEQ_007571|label=0	SEQ_007571|label=0
SEQ_007572|label=0	SEQ_007572|label=0
SEQ_007573|label=0	SEQ_007573|label=0
SEQ_007574|label=1	SEQ_007574|label=1
SEQ_007575|label=0	SEQ_007575|label=0
SEQ_007576|label=1	SEQ_007576|label=1
SEQ_007577|label=1	SEQ_007577|label=1
SEQ_007578|label=0	SEQ_007578|label=0
SEQ_007579|label=1	SEQ_007579|label=1
SEQ_007580|label=1	SEQ_007580|label=1
SEQ_007581|label=1	SEQ_007581|label=1
SEQ_007582|label=0	SEQ_007582|label=0
SEQ_007583|label=1	SEQ_007583|label=1
SEQ_007584|label=0	SEQ_007584|label=0
SEQ_007585|label=1	SEQ_007585|label=1
SEQ_007586|label=1	SEQ_007586|label=1
SEQ_007587|label=0	SEQ_007587|label=0
SEQ_007588|label=1	SEQ_007588|label=1
SEQ_007589|label=0	SEQ_007589|label=0
SEQ_007590|label=1	SEQ_007590|label=1
SEQ_007591|label=1	SEQ_007591|label=1
SEQ_007592|label=0	SEQ_007592|label=0
SEQ_007593|label=0	SEQ_007593|label=0
SEQ_007594|label=0	SEQ_007594|label=0
SEQ_007595|label=0	SEQ_007595|label=0
SEQ_007596|label=1	SEQ_007596|label=1
SEQ_007597|label=0	SEQ_007597|label=0
SEQ_007598|label=0	SEQ_007598|label=0
SEQ_007599|label=0	SEQ_007599|label=0
SEQ_007600|label=1	SEQ_007600|label=1
SEQ_008101|label=0	SEQ_008101|label=0
SEQ_008102|label=0	SEQ_008102|label=0
SEQ_008103|label=1	SEQ_008103|label=1
SEQ_008104|label=1	SEQ_008104|label=1
SEQ_008105|label=0	SEQ_008105|label=0
SEQ_008106|label=0	SEQ_008106|label=0
SEQ_008107|label=0	SEQ_008107|label=0
SEQ_008108|label=1	SEQ_008108|label=1
SEQ_008109|label=0	SEQ_008109|label=0
SEQ_008110|label=1	SEQ_008110|label=1
SEQ_008111|label=1	SEQ_008111|label=1
SEQ_008112|label=1	SEQ_008112|label=1
SEQ_008113|label=0	SEQ_008113|label=0
SEQ_008114|label=0	SEQ_008114|label=0
SEQ_008115|label=1	SEQ_008115|label=1
SEQ_008116|label=1	SEQ_008116|label=1
SEQ_008117|label=0	SEQ_008117|label=0
SEQ_008118|label=0	SEQ_008118|label=0
SEQ_008119|label=1	SEQ_008119|label=1
SEQ_008120|label=0	SEQ_008120|label=0
SEQ_008121|label=0	SEQ_008121|label=0
SEQ_008122|label=1	SEQ_008122|label=1
SEQ_008123|label=1	SEQ_008123|label=1
SEQ_008124|label=1	SEQ_008124|label=1
SEQ_008125|label=0	SEQ_008125|label=0
SEQ_008126|label=0	SEQ_008126|label=0
SEQ_008127|label=0	SEQ_008127|label=0
SEQ_008128|label=0	SEQ_008128|label=0
SEQ_008129|label=0	SEQ_008129|label=0
SEQ_008130|label=1	SEQ_008130|label=1
SEQ_008131|label=0	SEQ_008131|label=0
SEQ_008132|label=1	SEQ_008132|label=1
SEQ_008133|label=1	SEQ_008133|label=1
SEQ_008134|label=1	SEQ_008134|label=1
SEQ_008135|label=1	SEQ_008135|label=1
SEQ_008136|label=1	SEQ_008136|label=1
SEQ_008137|label=1	SEQ_008137|label=1
SEQ_008138|label=1	SEQ_008138|label=1
SEQ_008139|label=0	SEQ_008139|label=0
SEQ_008140|label=0	SEQ_008140|label=0
SEQ_008141|label=0	SEQ_008141|label=0
SEQ_008142|label=0	SEQ_008142|label=0
SEQ_008143|label=0	SEQ_008143|label=0
SEQ_008144|label=0	SEQ_008144|label=0
SEQ_008145|label=0	SEQ_008145|label=0
SEQ_008146|label=1	SEQ_008146|label=1
SEQ_008147|label=0	SEQ_008147|label=0
SEQ_008148|label=1	SEQ_008148|label=1
SEQ_008149|label=0	SEQ_008149|label=0
SEQ_008150|label=0	SEQ_008150|label=0
SEQ_008151|label=0	SEQ_008151|label=0
SEQ_008152|label=0	SEQ_008152|label=0
SEQ_008153|label=1	SEQ_008153|label=1
SEQ_008154|label=1	SEQ_008154|label=1
SEQ_008155|label=0	SEQ_008155|label=0
SEQ_008156|label=1	SEQ_008156|label=1
SEQ_008157|label=0	SEQ_008157|label=0
SEQ_008158|label=1	SEQ_008158|label=1
SEQ_008159|label=0	SEQ_008159|label=0
SEQ_008160|label=1	SEQ_008160|label=1
SEQ_008161|label=1	SEQ_008161|label=1
SEQ_008162|label=0	SEQ_008162|label=0
SEQ_008163|label=1	SEQ_008163|label=1
SEQ_008164|label=1	SEQ_008164|label=1
SEQ_008165|label=0	SEQ_008165|label=0
SEQ_008166|label=1	SEQ_008166|label=1
SEQ_008167|label=1	SEQ_008167|label=1
SEQ_008168|label=1	SEQ_008168|label=1
SEQ_008169|label=1	SEQ_008169|label=1
SEQ_008170|label=1	SEQ_008170|label=1
SEQ_008171|label=1	SEQ_008171|label=1
SEQ_008172|label=1	SEQ_008172|label=1
SEQ_008173|label=1	SEQ_008173|label=1
SEQ_008174|label=1	SEQ_008174|label=1
SEQ_008175|label=1	SEQ_008175|label=1
SEQ_008176|label=0	SEQ_008176|label=0
SEQ_008177|label=0	SEQ_008177|label=0
SEQ_008178|label=0	SEQ_008178|label=0
SEQ_008179|label=1	SEQ_008179|label=1
SEQ_008180|label=1	SEQ_008180|label=1
SEQ_008181|label=1	SEQ_008181|label=1
SEQ_008182|label=0	SEQ_008182|label=0
SEQ_008183|label=0	SEQ_008183|label=0
SEQ_008184|label=0	SEQ_008184|label=0
SEQ_008185|label=0	SEQ_008185|label=0
SEQ_008186|label=0	SEQ_008186|label=0
SEQ_008187|label=0	SEQ_008187|label=0
SEQ_008188|label=0	SEQ_008188|label=0
SEQ_008189|label=0	SEQ_008189|label=0
SEQ_008190|label=1	SEQ_008190|label=1
SEQ_008191|label=0	SEQ_008191|label=0
SEQ_008192|label=1	SEQ_008192|label=1
SEQ_008193|label=0	SEQ_008193|label=0
SEQ_008194|label=0	SEQ_008194|label=0
SEQ_008195|label=1	SEQ_008195|label=1
SEQ_008196|label=0	SEQ_008196|label=0
SEQ_008197|label=0	SEQ_008197|label=0
SEQ_008198|label=0	SEQ_008198|label=0
SEQ_008199|label=1	SEQ_008199|label=1
SEQ_008200|label=0	SEQ_008200|label=0
SEQ_008901|label=0	SEQ_008901|label=0
SEQ_008902|label=0	SEQ_008902|label=0
SEQ_008903|label=0	SEQ_008903|label=0
SEQ_008904|label=0	SEQ_008904|label=0
SEQ_008905|label=1	SEQ_008905|label=1
SEQ_008906|label=1	SEQ_008906|label=1
SEQ_008907|label=0	SEQ_008907|label=0
SEQ_008908|label=1	SEQ_008908|label=1
SEQ_008909|label=0	SEQ_008909|label=0
SEQ_008910|label=1	SEQ_008910|label=1
SEQ_008911|label=0	SEQ_008911|label=0
SEQ_008912|label=1	SEQ_008912|label=1
SEQ_008913|label=1	SEQ_008913|label=1
SEQ_008914|label=1	SEQ_008914|label=1
SEQ_008915|label=1	SEQ_008915|label=1
SEQ_008916|label=0	SEQ_008916|label=0
SEQ_008917|label=1	SEQ_008917|label=1
SEQ_008918|label=1	SEQ_008918|label=1
SEQ_008919|label=1	SEQ_008919|label=1
SEQ_008920|label=0	SEQ_008920|label=0
SEQ_008921|label=0	SEQ_008921|label=0
SEQ_008922|label=1	SEQ_008922|label=1
SEQ_008923|label=0	SEQ_008923|label=0
SEQ_008924|label=1	SEQ_008924|label=1
SEQ_008925|label=0	SEQ_008925|label=0
SEQ_008926|label=0	SEQ_008926|label=0
SEQ_008927|label=1	SEQ_008927|label=1
SEQ_008928|label=0	SEQ_008928|label=0
SEQ_008929|label=0	SEQ_008929|label=0
SEQ_008930|label=0	SEQ_008930|label=0
SEQ_008931|label=1	SEQ_008931|label=1
SEQ_008932|label=1	SEQ_008932|label=1
SEQ_008933|label=1	SEQ_008933|label=1
SEQ_008934|label=0	SEQ_008934|label=0
SEQ_008935|label=0	SEQ_008935|label=0
SEQ_008936|label=0	SEQ_008936|label=0
SEQ_008937|label=1	SEQ_008937|label=1
SEQ_008938|label=0	SEQ_008938|label=0
SEQ_008939|label=1	SEQ_008939|label=1
SEQ_008940|label=1	SEQ_008940|label=1
SEQ_008941|label=1	SEQ_008941|label=1
SEQ_008942|label=1	SEQ_008942|label=1
SEQ_008943|label=1	SEQ_008943|label=1
SEQ_008944|label=1	SEQ_008944|label=1
SEQ_008945|label=1	SEQ_008945|label=1
SEQ_008946|label=0	SEQ_008946|label=0
SEQ_008947|label=0	SEQ_008947|label=0
SEQ_008948|label=1	SEQ_008948|label=1
SEQ_008949|label=0	SEQ_008949|label=0
SEQ_008950|label=0	SEQ_008950|label=0
SEQ_008951|label=1	SEQ_008951|label=1
SEQ_008952|label=0	SEQ_008952|label=0
SEQ_008953|label=1	SEQ_008953|label=1
SEQ_008954|label=0	SEQ_008954|label=0
SEQ_008955|label=1	SEQ_008955|label=1
SEQ_008956|label=0	SEQ_008956|label=0
SEQ_008957|label=0	SEQ_008957|label=0
SEQ_008958|label=0	SEQ_008958|label=0
SEQ_008959|label=0	SEQ_008959|label=0
SEQ_008960|label=1	SEQ_008960|label=1
SEQ_008961|label=1	SEQ_008961|label=1
SEQ_008962|label=0	SEQ_008962|label=0
SEQ_008963|label=1	SEQ_008963|label=1
SEQ_008964|label=1	SEQ_008964|label=1
SEQ_008965|label=1	SEQ_008965|label=1
SEQ_008966|label=1	SEQ_008966|label=1
SEQ_008967|label=1	SEQ_008967|label=1
SEQ_008968|label=0	SEQ_008968|label=0
SEQ_008969|label=1	SEQ_008969|label=1
SEQ_008970|label=0	SEQ_008970|label=0
SEQ_008971|label=0	SEQ_008971|label=0
SEQ_008972|label=0	SEQ_008972|label=0
SEQ_008973|label=0	SEQ_008973|label=0
SEQ_008974|label=1	SEQ_008974|label=1
SEQ_008975|label=1	SEQ_008975|label=1
SEQ_008976|label=0	SEQ_008976|label=0
SEQ_008977|label=1	SEQ_008977|label=1
SEQ_008978|label=1	SEQ_008978|label=1
SEQ_008979|label=1	SEQ_008979|label=1
SEQ_008980|label=0	SEQ_008980|label=0
SEQ_008981|label=1	SEQ_008981|label=1
SEQ_008982|label=1	SEQ_008982|label=1
SEQ_008983|label=1	SEQ_008983|label=1
SEQ_008984|label=0	SEQ_008984|label=0
SEQ_008985|label=0	SEQ_008985|label=0
SEQ_008986|label=0	SEQ_008986|label=0
SEQ_008987|label=0	SEQ_008987|label=0
SEQ_008988|label=1	SEQ_008988|label=1
SEQ_008989|label=0	SEQ_008989|label=0
SEQ_008990|label=0	SEQ_008990|label=0
SEQ_008991|label=1	SEQ_008991|label=1
SEQ_008992|label=1	SEQ_008992|label=1
SEQ_008993|label=0	SEQ_008993|label=0
SEQ_008994|label=0	SEQ_008994|label=0
SEQ_008995|label=1	SEQ_008995|label=1
SEQ_008996|label=1	SEQ_008996|label=1
SEQ_008997|label=1	SEQ_008997|label=1
SEQ_008998|label=0	SEQ_008998|label=0
SEQ_008999|label=0	SEQ_008999|label=0
SEQ_009000|label=0	SEQ_009000|label=0
SEQ_009701|label=0	SEQ_009701|label=0
SEQ_009702|label=0	SEQ_009702|label=0
SEQ_009703|label=0	SEQ_009703|label=0
SEQ_009704|label=1	SEQ_009704|label=1
SEQ_009705|label=1	SEQ_009705|label=1
SEQ_009706|label=1	SEQ_009706|label=1
SEQ_009707|label=0	SEQ_009707|label=0
SEQ_009708|label=0	SEQ_009708|label=0
SEQ_009709|label=0	SEQ_009709|label=0
SEQ_009710|label=0	SEQ_009710|label=0
SEQ_009711|label=1	SEQ_009711|label=1
SEQ_009712|label=0	SEQ_009712|label=0
SEQ_009713|label=0	SEQ_009713|label=0
SEQ_009714|label=0	SEQ_009714|label=0
SEQ_009715|label=1	SEQ_009715|label=1
SEQ_009716|label=0	SEQ_009716|label=0
SEQ_009717|label=0	SEQ_009717|label=0
SEQ_009718|label=1	SEQ_009718|label=1
SEQ_009719|label=0	SEQ_009719|label=0
SEQ_009720|label=0	SEQ_009720|label=0
SEQ_009721|label=1	SEQ_009721|label=1
SEQ_009722|label=0	SEQ_009722|label=0
SEQ_009723|label=0	SEQ_009723|label=0
SEQ_009724|label=0	SEQ_009724|label=0
SEQ_009725|label=1	SEQ_009725|label=1
SEQ_009726|label=0	SEQ_009726|label=0
SEQ_009727|label=1	SEQ_009727|label=1
SEQ_009728|label=0	SEQ_009728|label=0
SEQ_009729|label=1	SEQ_009729|label=1
SEQ_009730|label=0	SEQ_009730|label=0
SEQ_009731|label=0	SEQ_009731|label=0
SEQ_009732|label=0	SEQ_009732|label=0
SEQ_009733|label=1	SEQ_009733|label=1
SEQ_009734|label=0	SEQ_009734|label=0
SEQ_009735|label=1	SEQ_009735|label=1
SEQ_009736|label=1	SEQ_009736|label=1
SEQ_009737|label=1	SEQ_009737|label=1
SEQ_009738|label=1	SEQ_009738|label=1
SEQ_009739|label=0	SEQ_009739|label=0
SEQ_009740|label=1	SEQ_009740|label=1
SEQ_009741|label=0	SEQ_009741|label=0
SEQ_009742|label=1	SEQ_009742|label=1
SEQ_009743|label=0	SEQ_009743|label=0
SEQ_009744|label=0	SEQ_009744|label=0
SEQ_009745|label=0	SEQ_009745|label=0
SEQ_009746|label=0	SEQ_009746|label=0
SEQ_009747|label=1	SEQ_009747|label=1
SEQ_009748|label=0	SEQ_009748|label=0
SEQ_009749|label=1	SEQ_009749|label=1
SEQ_009750|label=1	SEQ_009750|label=1
SEQ_009751|label=1	SEQ_009751|label=1
SEQ_009752|label=0	SEQ_009752|label=0
SEQ_009753|label=0	SEQ_009753|label=0
SEQ_009754|label=0	SEQ_009754|label=0
SEQ_009755|label=1	SEQ_009755|label=1
SEQ_009756|label=0	SEQ_009756|label=0
SEQ_009757|label=0	SEQ_009757|label=0
SEQ_009758|label=1	SEQ_009758|label=1
SEQ_009759|label=1	SEQ_009759|label=1
SEQ_009760|label=0	SEQ_009760|label=0
SEQ_009761|label=1	SEQ_009761|label=1
SEQ_009762|label=0	SEQ_009762|label=0
SEQ_009763|label=1	SEQ_009763|label=1
SEQ_009764|label=1	SEQ_009764|label=1
SEQ_009765|label=1	SEQ_009765|label=1
SEQ_009766|label=1	SEQ_009766|label=1
SEQ_009767|label=0	SEQ_009767|label=0
SEQ_009768|label=1	SEQ_009768|label=1
SEQ_009769|label=1	SEQ_009769|label=1
SEQ_009770|label=0	SEQ_009770|label=0
SEQ_009771|label=0	SEQ_009771|label=0
SEQ_009772|label=1	SEQ_009772|label=1
SEQ_009773|label=1	SEQ_009773|label=1
SEQ_009774|label=1	SEQ_009774|label=1
SEQ_009775|label=1	SEQ_009775|label=1
SEQ_009776|label=1	SEQ_009776|label=1
SEQ_009777|label=1	SEQ_009777|label=1
SEQ_009778|label=0	SEQ_009778|label=0
SEQ_009779|label=0	SEQ_009779|label=0
SEQ_009780|label=1	SEQ_009780|label=1
SEQ_009781|label=0	SEQ_009781|label=0
SEQ_009782|label=1	SEQ_009782|label=1
SEQ_009783|label=1	SEQ_009783|label=1
SEQ_009784|label=1	SEQ_009784|label=1
SEQ_009785|label=0	SEQ_009785|label=0
SEQ_009786|label=1	SEQ_009786|label=1
SEQ_009787|label=0	SEQ_009787|label=0
SEQ_009788|label=0	SEQ_009788|label=0
SEQ_009789|label=1	SEQ_009789|label=1
SEQ_009790|label=1	SEQ_009790|label=1
SEQ_009791|label=1	SEQ_009791|label=1
SEQ_009792|label=1	SEQ_009792|label=1
SEQ_009793|label=0	SEQ_009793|label=0
SEQ_009794|label=0	SEQ_009794|label=0
SEQ_009795|label=0	SEQ_009795|label=0
SEQ_009796|label=1	SEQ_009796|label=1
SEQ_009797|label=0	SEQ_009797|label=0
SEQ_009798|label=0	SEQ_009798|label=0
SEQ_009799|label=1	SEQ_009799|label=1
SEQ_009800|label=0	SEQ_009800|label=0
SEQ_010601|label=0	SEQ_010601|label=0
SEQ_010602|label=0	SEQ_010602|label=0
SEQ_010603|label=1	SEQ_010603|label=1
SEQ_010604|label=0	SEQ_010604|label=0
SEQ_010605|label=0	SEQ_010605|label=0
SEQ_010606|label=1	SEQ_010606|label=1
SEQ_010607|label=0	SEQ_010607|label=0
SEQ_010608|label=0	SEQ_010608|label=0
SEQ_010609|label=1	SEQ_010609|label=1
SEQ_010610|label=0	SEQ_010610|label=0
SEQ_010611|label=1	SEQ_010611|label=1
SEQ_010612|label=0	SEQ_010612|label=0
SEQ_010613|label=0	SEQ_010613|label=0
SEQ_010614|label=1	SEQ_010614|label=1
SEQ_010615|label=1	SEQ_010615|label=1
SEQ_010616|label=1	SEQ_010616|label=1
SEQ_010617|label=1	SEQ_010617|label=1
SEQ_010618|label=1	SEQ_010618|label=1
SEQ_010619|label=1	SEQ_010619|label=1
SEQ_010620|label=0	SEQ_010620|label=0
SEQ_010621|label=0	SEQ_010621|label=0
SEQ_010622|label=1	SEQ_010622|label=1
SEQ_010623|label=1	SEQ_010623|label=1
SEQ_010624|label=0	SEQ_010624|label=0
SEQ_010625|label=1	SEQ_010625|label=1
SEQ_010626|label=0	SEQ_010626|label=0
SEQ_010627|label=1	SEQ_010627|label=1
SEQ_010628|label=0	SEQ_010628|label=0
SEQ_010629|label=1	SEQ_010629|label=1
SEQ_010630|label=0	SEQ_010630|label=0
SEQ_010631|label=1	SEQ_010631|label=1
SEQ_010632|label=0	SEQ_010632|label=0
SEQ_010633|label=0	SEQ_010633|label=0
SEQ_010634|label=1	SEQ_010634|label=1
SEQ_010635|label=1	SEQ_010635|label=1
SEQ_010636|label=1	SEQ_010636|label=1
SEQ_010637|label=1	SEQ_010637|label=1
SEQ_010638|label=1	SEQ_010638|label=1
SEQ_010639|label=1	SEQ_010639|label=1
SEQ_010640|label=0	SEQ_010640|label=0
SEQ_010641|label=1	SEQ_010641|label=1
SEQ_010642|label=1	SEQ_010642|label=1
SEQ_010643|label=0	SEQ_010643|label=0
SEQ_010644|label=1	SEQ_010644|label=1
SEQ_010645|label=0	SEQ_010645|label=0
SEQ_010646|label=0	SEQ_010646|label=0
SEQ_010647|label=0	SEQ_010647|label=0
SEQ_010648|label=1	SEQ_010648|label=1
SEQ_010649|label=1	SEQ_010649|label=1
SEQ_010650|label=0	SEQ_010650|label=0
SEQ_010651|label=0	SEQ_010651|label=0
SEQ_010652|label=1	SEQ_010652|label=1
SEQ_010653|label=1	SEQ_010653|label=1
SEQ_010654|label=1	SEQ_010654|label=1
SEQ_010655|label=1	SEQ_010655|label=1
SEQ_010656|label=1	SEQ_010656|label=1
SEQ_010657|label=0	SEQ_010657|label=0
SEQ_010658|label=0	SEQ_010658|label=0
SEQ_010659|label=1	SEQ_010659|label=1
SEQ_010660|label=0	SEQ_010660|label=0
SEQ_010661|label=0	SEQ_010661|label=0
SEQ_010662|label=0	SEQ_010662|label=0
SEQ_010663|label=1	SEQ_010663|label=1
SEQ_010664|label=0	SEQ_010664|label=0
SEQ_010665|label=1	SEQ_010665|label=1
SEQ_010666|label=1	SEQ_010666|label=1
SEQ_010667|label=0	SEQ_010667|label=0
SEQ_010668|label=0	SEQ_010668|label=0
SEQ_010669|label=0	SEQ_010669|label=0
SEQ_010670|label=1	SEQ_010670|label=1
SEQ_010671|label=1	SEQ_010671|label=1
SEQ_010672|label=0	SEQ_010672|label=0
SEQ_010673|label=0	SEQ_010673|label=0
SEQ_010674|label=0	SEQ_010674|label=0
SEQ_010675|label=1	SEQ_010675|label=1
SEQ_010676|label=0	SEQ_010676|label=0
SEQ_010677|label=1	SEQ_010677|label=1
SEQ_010678|label=1	SEQ_010678|label=1
SEQ_010679|label=1	SEQ_010679|label=1
SEQ_010680|label=0	SEQ_010680|label=0
SEQ_010681|label=0	SEQ_010681|label=0
SEQ_010682|label=0	SEQ_010682|label=0
SEQ_010683|label=0	SEQ_010683|label=0
SEQ_010684|label=1	SEQ_010684|label=1
SEQ_010685|label=0	SEQ_010685|label=0
SEQ_010686|label=1	SEQ_010686|label=1
SEQ_010687|label=1	SEQ_010687|label=1
SEQ_010688|label=1	SEQ_010688|label=1
SEQ_010689|label=1	SEQ_010689|label=1
SEQ_010690|label=1	SEQ_010690|label=1
SEQ_010691|label=0	SEQ_010691|label=0
SEQ_010692|label=1	SEQ_010692|label=1
SEQ_010693|label=0	SEQ_010693|label=0
SEQ_010694|label=1	SEQ_010694|label=1
SEQ_010695|label=0	SEQ_010695|label=0
SEQ_010696|label=0	SEQ_010696|label=0
SEQ_010697|label=0	SEQ_010697|label=0
SEQ_010698|label=1	SEQ_010698|label=1
SEQ_010699|label=1	SEQ_010699|label=1
SEQ_010700|label=1	SEQ_010700|label=1
